id,country,authority,reference,received_date,decided_date,status,decision,stage,is_data_centre,category,mw_it,mw_grid,floor_area_m2,halls,owner_parent,confidence,owner_method,applicant,agent,company_number,ownership_chain,title_numbers,landowner,lender,operator_mentioned,description,address,lat,lng,url,extract_notes,source,first_seen,last_seen,extract_hash,project,evidence
UK:Slough/SMI/2026/31,UK,Slough,SMI/2026/31,2026-10-07,,Undecided,,full application,true,data centre (type not stated),,,,3,,,,,,,,,,,,"Demolition of existing buildings and structures, and erection of three Data Centres (Use Class B8) with ancillary substation, offices, associated plant, emergency backup generators and associated fuel storage, landscaping, sustainable drainage systems, car and cycle parking, and new and amended vehicular and emergency access from Poyle Road, site re-levelling, community building, river diversion and other associated works.","Land At Manor Farm, Poyle Road, Slough",,,https://www.planit.org.uk/planapplic/Slough/SMI/2026/31/,Three data centres; duplicate listing of Slough P/21160/000,PlanIt,2026-10-09,2026-10-10,manual-review-2026-10-09,"Manor Farm, Poyle Road, Slough",
UK:SouthNorfolkBroadland/2026/2957,UK,South Norfolk Broadland,2026/2957,2026-10-02,,Undecided,,full application,true,data centre (type not stated),,,,,,,,,Ingleton Wood,,,,,,,"Construction of a data centre (Use Class B8) including ancillary office accommodation, associated infrastructure, substations, backup generators, access, parking, landscaping, sustainable drainage systems and associated works.",Land West Of Ipswich Road Keswick Norfolk,,,https://www.planit.org.uk/planapplic/SouthNorfolkBroadland/2026/2957/,Single data centre with substations and backup generators,PlanIt,2026-10-09,2026-10-10,manual-review-2026-10-09,South Norfolk 2026/2957,
UK:Brent/26/2475,UK,Brent,26/2475,2026-09-29,,Undecided,,amendment/variation,true,data centre (type not stated),,,,,SEGRO PUBLIC LIMITED COMPANY,low (address match; check title plan),evidence chain: registered proprietor (HM Land Registry); Companies House PSC chain,,Old Oak and Park Royal Development Corporation,13276747,SEGRO (UK ENERGY) LIMITED (13276747) > SEGRO PROPERTIES LIMITED (00448911) > SEGRO PUBLIC LIMITED COMPANY (00167591),AGL637739 (low),SEGRO (UK ENERGY) LIMITED (13276747) [low],,,"Address: Unit F, 6 Premier Park Road, London, NW10 7NZ Proposal: Application under Section 96A of the Town and Country Planning Act 1990 (as amended) for non-material amendments to vary Condition 2 (Approved plans), Condition 3 (Floorspace), Condition 16 (Cycle parking) and Condition 26 (Sustainable drainage) of planning permission reference 25/0196/FUMOPDC dated 03/07/2026 for 'Demolition of existing warehouse (Class B8) and phased redevelopment of site to provide a data centre (Class B8) comprising main data centre building and attached ancillary office, modular power room gantry, containerised generator gantry with flues, entrance pavilion, substation, boundary enclosures, internal access road, car and cycle parking, landscaping, and alterations to vehicular and pedestrian access from Premier Park Road. Reference: 26/0155/NMAOPDC","2026, Observation Applications, Not in Brent",,,https://www.planit.org.uk/planapplic/Brent/26/2475/,NMA to approved permission dated 03/07/2026,PlanIt,2026-10-09,2026-10-10,manual-review-2026-10-09,Premier Park Road NW10 (OPDC 25/0196/FUMOPDC),"[low] registered proprietor (HM Land Registry): HM Land Registry CCOD/OCOD Oct 2026 address match: title AGL637739 ('airspace above the roof of Unit 12, Premier Park Road, London (NW10 7NZ)') proprietor SEGRO (UK ENERGY) LIMITED 13276747 || https://find-and-update.company-information.service.gov.uk/company/13276747 | SEGRO (UK ENERGY) LIMITED PSC: Segro Properties Limited (00448911 United Kingdom) notified 2021-03-18 || https://find-and-update.company-information.service.gov.uk/company/00448911 | SEGRO PROPERTIES LIMITED PSC: Segro Plc (00167591 England And Wales) notified 2016-04-06"
UK:Wokingham/262274,UK,Wokingham,262274,2026-09-28,,Undecided,,outline application,true,data centre (type not stated),,,,,,,,,,,,,,,,"Outline planning application (all matters reserved except for Access) for demolition of existing buildings and the construction of a data centre (Use Class B8), fuel cells for energy generation, ancillary office space and associated plant, drainage, backup power generation, sub-station, car parking, landscaping, engineering works and formation of and alterations to access roads.",Microsoft Ltd Thames Valley Park Drive Earley Wokingham RG6 1WG,,,https://www.planit.org.uk/planapplic/Wokingham/262274/,Includes fuel cells for on-site energy generation,PlanIt,2026-10-09,2026-10-10,manual-review-2026-10-09,Wokingham 262274,
UK:TowerHamlets/PA/26/01629/NC,UK,Tower Hamlets,PA/26/01629/NC,2026-09-22,,Undecided,,consultation (neighbouring authority),true,data centre (type not stated),,,,,,,,,,,,,,,,Observation requested by the Environment Agency for a variation of an environmental permit (EP) in relation to Docklands Technical Centre data centre,"Docklands Technical Centre, 1 Paul Julius Close, London, E14 2EH",,,https://www.planit.org.uk/planapplic/TowerHamlets/PA/26/01629/NC/,Existing DC; EA environmental permit variation consultation,PlanIt,2026-10-09,2026-10-09,manual-review-2026-10-09,"Docklands Technical Centre, Tower Hamlets",
UK:Wakefield/23/00100/NMC04,UK,Wakefield,23/00100/NMC04,2026-09-22,,Undecided,,amendment/variation,true,hyperscale/campus,,,,,,,,,Savills,,,,,,,"Non-material amendment to application number 23/00100/REM01 Approval of Reserved Matters pursuant to 23/00100/S7301 (Access, Appearance, Landscaping, Layout and Scale) at Development Zone A for development of a data centre campus with associated energy and electrical infrastructure, visitor reception buildings, security gatehouses and ancillary structures, plant, boundary enclosures, vehicle parking, hard and soft landscaping, and associated external works, to amend the wording of the approved plans condition (Condition 2) by making alterations to the layout and design of the substation.","Land At Former Coal Yard, Ferrybridge Kirkhaw Lane Ferrybridge Wakefield WF11 8RD",,,https://www.planit.org.uk/planapplic/Wakefield/23/00100/NMC04/,NMA to approved reserved matters; substation redesign,PlanIt,2026-10-09,2026-10-09,manual-review-2026-10-09,Wakefield 23/00100 data centre campus (Zone A),
UK:Trafford/120031/VAR/26,UK,Trafford,120031/VAR/26,2026-09-22,,Undecided,,amendment/variation,true,data centre (type not stated),,,,,,,,,Union4 Planning Ltd,,,,,,,Application under Section 73 of the Town and Country Planning Act 1990 (as amended) for variation of condition 6 on planning permission 115060/FUL/24 (Construction of a datacentre facility and associated plant and enclosure.). To update the Noise Impact Assessment with as built plant spec and acoustic calculations.,Urmston Leisure Centre Bowfell Road Urmston Manchester M41 5RR,,,https://www.planit.org.uk/planapplic/Trafford/120031/VAR/26/,S73 to update noise assessment with as-built plant,PlanIt,2026-10-09,2026-10-09,manual-review-2026-10-09,"Urmston Leisure Centre, Trafford",
UK:OldOakParkRoyal/26/0155/NMAOPDC,UK,Old Oak Park Royal,26/0155/NMAOPDC,2026-09-21,,Undecided,,amendment/variation,true,data centre (type not stated),,,,,SEGRO PUBLIC LIMITED COMPANY,low (address match; check title plan),evidence chain: registered proprietor (HM Land Registry); Companies House PSC chain,,,13276747,SEGRO (UK ENERGY) LIMITED (13276747) > SEGRO PROPERTIES LIMITED (00448911) > SEGRO PUBLIC LIMITED COMPANY (00167591),AGL637739 (low),SEGRO (UK ENERGY) LIMITED (13276747) [low],,,"Application under Section 96A of the Town and Country Planning Act 1990 (as amended) for non-material amendments to vary Condition 2 (Approved plans), Condition 3 (Floorspace), Condition 16 (Cycle parking) and Condition 26 (Sustainable drainage) of planning permission reference 25/0196/FUMOPDC dated 03/07/2026 for 'Demolition of existing warehouse (Class B8) and phased redevelopment of site to provide a data centre (Class B8) comprising main data centre building and attached ancillary office, modular power room gantry, containerised generator gantry with flues, entrance pavilion, substation, boundary enclosures, internal access road, car and cycle parking, landscaping, and alterations to vehicular and pedestrian access from Premier Park Road.'","Unit F, 6, Premier Park Road, LONDON, NW10 7NZ",,,https://www.planit.org.uk/planapplic/OldOakParkRoyal/26/0155/NMAOPDC/,NMA; same as Brent 26/2475,PlanIt,2026-10-09,2026-10-09,manual-review-2026-10-09,Premier Park Road NW10 (OPDC 25/0196/FUMOPDC),"[low] registered proprietor (HM Land Registry): HM Land Registry CCOD/OCOD Oct 2026 address match: title AGL637739 ('airspace above the roof of Unit 12, Premier Park Road, London (NW10 7NZ)') proprietor SEGRO (UK ENERGY) LIMITED 13276747 || https://find-and-update.company-information.service.gov.uk/company/13276747 | SEGRO (UK ENERGY) LIMITED PSC: Segro Properties Limited (00448911 United Kingdom) notified 2021-03-18 || https://find-and-update.company-information.service.gov.uk/company/00448911 | SEGRO PROPERTIES LIMITED PSC: Segro Plc (00167591 England And Wales) notified 2016-04-06"
UK:Spelthorne/26/00985/MIS,UK,Spelthorne,26/00985/MIS,2026-09-21,,Undecided,,consultation (neighbouring authority),true,data centre (type not stated),,,,3,,,,,,,,,,,,"Slough Borough Council consultation (reference P/21160/000) for construction of a proposed demolition of existing buildings and structures, and erection of three Data Centres (Use Class B8) with ancillary substation, offices, associated plant, emergency backup generators and associated fuel storage, landscaping, sustainable drainage systems, car and cycle parking, and new and amended vehicular and emergency access from Poyle Road, site re-levelling, community building, river diversion and other associated works.",Land To The West Of Manor Farm Poyle Road Colnbrook Slough SL3 0BL,,,https://www.planit.org.uk/planapplic/Spelthorne/26/00985/MIS/,Spelthorne consulted on Slough P/21160/000,PlanIt,2026-10-09,2026-10-09,manual-review-2026-10-09,"Manor Farm, Poyle Road, Slough",
UK:Windsor/26/30013/SMI,UK,Windsor,26/30013/SMI,2026-09-21,,Undecided,,consultation (neighbouring authority),true,data centre (type not stated),,,,3,,,,,,,,,,,,"Construction of a proposed demolition of existing buildings and structures, and erection of three Data Centres (Use Class B8) with ancillary substation, offices, associated plant, emergency backup generators and associated fuel storage, landscaping, sustainable drainage systems, car and cycle parking, and new and amended vehicular and emergency access from Poyle Road, site re-levelling, community building, river diversion and other associated works.",Land At Manor Farm Poyle Road Poyle Slough,,,https://www.planit.org.uk/planapplic/Windsor/26/30013/SMI/,Windsor SMI record of cross-boundary scheme,PlanIt,2026-10-09,2026-10-09,manual-review-2026-10-09,"Manor Farm, Poyle Road, Slough",
UK:Dumfries/26/1649/PIP,UK,Dumfries,26/1649/PIP,2026-09-21,,Undecided,,outline application,true,data centre (type not stated),,,,,,,,,Quod,,,,,,,"ERECTION OF DATA CENTRE, TRAINING CENTRE, INDUSTRIAL BUILDINGS, SUBSTATION AND ASSOCIATED INFRASTRUCTURE",Land North Of The Former Chapelcross Nuclear Power Station Near Annan DG12 6RF,,,https://www.planit.org.uk/planapplic/Dumfries/26/1649/PIP/,Planning permission in principle; also training centre and industrial buildings,PlanIt,2026-10-09,2026-10-09,manual-review-2026-10-09,Dumfries data-centre-led development,
UK:EppingForest/EPF/1785/26,UK,Epping Forest,EPF/1785/26,2026-09-18,,Undecided,,conditions discharge,true,data centre (type not stated),,,,,,,,,,,,,,,,Approval of Details Reserved by Condition 4 (Contaminated Land) of EPF/1165/22 & EPF/0388/26 (New Data Centre).,"Alandale Scaffolding, Langston Road, Loughton IG10 3SL",,,https://www.planit.org.uk/planapplic/EppingForest/EPF/1785/26/,,PlanIt,2026-10-09,2026-10-09,manual-review-2026-10-09,Epping Forest EPF/1165/22,
UK:Windsor/26/02320/FULL,UK,Windsor,26/02320/FULL,2026-09-17,,Undecided,,full application,true,data centre (type not stated),,,,3,,,,,,,,,,,,"Demolition of existing buildings and structures, and erection of three Data Centres (Use Class B8) with ancillary substation, offices, associated plant, emergency backup generators and associated fuel storage, landscaping, sustainable drainage systems, car and cycle parking, and new and amended vehicular and emergency access from Poyle Road, site re-levelling, community building, river diversion and other associated works.",Land At Manor Farm Poyle Road Poyle Slough,,,https://www.planit.org.uk/planapplic/Windsor/26/02320/FULL/,Windsor half of cross-boundary full application,PlanIt,2026-10-09,2026-10-09,manual-review-2026-10-09,"Manor Farm, Poyle Road, Slough",
UK:EppingForest/EPF/1774/26,UK,Epping Forest,EPF/1774/26,2026-09-17,,Undecided,,conditions discharge,true,data centre (type not stated),,,,,,,,,,,,,,,,Approval of Details Reserved by Condition 8 (Flood Risk Assessment) of EPF/1165/22 & EPF/0388/26 (New Data Centre).,"Alandale Scaffolding, Langston Road, Loughton IG10 3SL",,,https://www.planit.org.uk/planapplic/EppingForest/EPF/1774/26/,,PlanIt,2026-10-09,2026-10-09,manual-review-2026-10-09,Epping Forest EPF/1165/22,
UK:Slough/P/21160/000,UK,Slough,P/21160/000,2026-09-16,,Undecided,,full application,true,data centre (type not stated),,,,3,,,,,,,,,,,,"Proposed demolition of existing buildings and structures, and erection of three Data Centres (Use Class B8) with ancillary substation, offices, associated plant, emergency backup generators and associated fuel storage, landscaping, sustainable drainage systems, car and cycle parking, and new and amended vehicular and emergency access from Poyle Road, site re-levelling, community building, river diversion and other associated works.","Land to the west of Manor Farm, Poyle Road, Colnbrook, Slough, SL3 0BL",,,https://www.planit.org.uk/planapplic/Slough/P/21160/000/,"Main application; generators and fuel storage, river diversion",PlanIt,2026-10-09,2026-10-09,manual-review-2026-10-09,"Manor Farm, Poyle Road, Slough",
UK:NorthTyneside/26/01251/ADJLPA,UK,North Tyneside,26/01251/ADJLPA,2026-09-02,2026-09-16,Permitted,No Objection adjacent LA consultation,consultation (neighbouring authority),true,hyperscale/campus,,,,2,RENAISSANCE LAND LIMITED (individual PSC: Stephen Schwarzman),high,evidence chain: named as Owner in legal agreement; Companies House PSC chain,,,14433976,RENAISSANCE LAND LIMITED (14433976),ND115455; ND116185; ND210681,RENAISSANCE LAND LIMITED (14433976) [high],,,"Consultation on Northumberland County Council Application 26/03028/REM: Reserved matters application for appearance, landscaping, layout and scale on approved application 24/04112/OUTES for two data centre buildings including ancillary office space (Use Class B8), and associated landscaping and infrastructure on Phase 2 of the data centre campus",Land At Former Power Station Site On Northern Side Of Cambois Northumberland,,,https://www.planit.org.uk/planapplic/NorthTyneside/26/01251/ADJLPA/,North Tyneside consulted on Northumberland 26/03028/REM (Phase 2),PlanIt,2026-10-09,2026-10-09,manual-review-2026-10-09,"Cambois data centre campus, Northumberland","[high] named as Owner in legal agreement: https://publicaccess.northumberland.gov.uk/online-applications/files/04DA9578A88BD9B2EEAD899048FF31B5/pdf/24_04112_OUTES-S106-2847648.pdf | ""e Council'); and 2. RENAISSANCE LAND LIMITED incorporated and registered in England and Wales with company number 14433976 whose registered of"" || [high] registered proprietor (HM Land Registry) RENAISSANCE LAND LIMITED (14433976): HM Land Registry CCOD/OCOD Oct 2026: title ND116185 (Freehold, 'Blyth Power Station, Cambois, Blyth') proprietor RENAISSANCE LAND LIMITED 14433976; title cited at https://publicaccess.northumberland.gov.uk/online-applications/files/04DA9578A88BD9B2EEAD899048FF31B5/pdf/24_04112_OUTES-S106-2847648.pdf | ""d are enforceable. B. The Owner is the registered freehold proprietor of the Site registered at the Land Registry under title numbers ND116185; ND210681; and ND115455. C. The Owner submitted the Application to the Council in respect of the Development of the Application Land which was"" || [low] portal applicant (name only): https://publicaccess.northumberland.gov.uk/online-applications/applicationDetails.do?keyVal=TKF3ESQSGWV00&activeTab=details | Applicant Name: ""Renaissance Land Limited"" || [low] portal applicant (name only): https://publicaccess.northumberland.gov.uk/online-applications/applicationDetails.do?keyVal=TJWMVVQSGMV00&activeTab=details | Applicant Name: ""Renaissance Land Limited"""
UK:Anglesey/GWY/2026/2,UK,Anglesey,GWY/2026/2,2026-09-02,,Undecided,Heb Benderfyniad / Not yet determined,consultation (neighbouring authority),true,data centre (type not stated),,,,,,,,,,,,,,,,"Cais amlinellol gyda holl faterion wedi eu cadw'n ol ar gyfer dymchwel adeiladau a strwythurau presennol, ailraddio'r tir a codi adeilad canolfan data (B8) ynghyd a chyfarpar cysylltiol i gynnwys generaduron, peirianwaith, cyfarpar, is-orsaf(oedd), mynedfeydd, parcio ac ardaloedd gwasanaethu, gwaith draenio a peirianyddol gan gynnwys cysylltu ac ail-leoli gwasanaethau / Outline application will all matters reserved for the demolition of existing buildings/structures, re-grading of land and erection of Class B8 data centre building(s) with all associated back-up generators, plant, equipment, sub-station(s), accesses, parking and servicing areas, drainage and engineering works, including services diversion/connection.","Tir yn a ger yr hen Safle Ferodo / Land At And Adjacent To The Former Ferodo Site, Griffiths Crossing, Caernarfon, LL55 1TP",,,https://www.planit.org.uk/planapplic/Anglesey/GWY/2026/2/,Anglesey record (GWY ref) of outline DC; all matters reserved,PlanIt,2026-10-09,2026-10-09,manual-review-2026-10-09,Gwynedd DC outline (C25/0740/20/AM),
UK:Enfield/26/03764/OA,UK,Enfield,26/03764/OA,2026-09-01,2026-09-22,Permitted,No objection Raised - OA,consultation (neighbouring authority),true,hyperscale/campus,,,,,Laurel Developments & Consulting (promoter),low (CH name match to project label LDC1; applicant not published),Companies House manual search,,Hertsmrere Borough Council,12464369,LDC1 LIMITED > Laurel Developments & Consulting Limited,,,,,"Application for the approval of reserved matters relating to site-wide advanced infrastructure and enabling works (Phase 1a), including a permanent vehicular access off Swanland Road which will facilitate a temporary access during construction, a permanent emergency vehicle access off Bridgefoot Lane, pedestrian and cycle routes, internal roads, car and cycle parking, hard and soft landscaping, on-site water attenuation, temporary and permanent campus bridges, utilities and services, a security gatehouse, substations, ancillary buildings and service yards, the creation of development platforms to support the phased data centre development, and all associated infrastructure pursuant to outline planning permission reference 24/1152/OUTEI.",Land East Of South Mimms Services St Albans Road South Mimms Hertfordshire,,,https://www.planit.org.uk/planapplic/Enfield/26/03764/OA/,Enfield consulted on Phase 1a infrastructure reserved matters,PlanIt,2026-10-09,2026-10-09,manual-review-2026-10-09,"LDC1, land east of South Mimms Services, Hertsmere (24/1152/OUTEI)",
UK:NorthLanarkshire/26/01110/PPP,UK,North Lanarkshire,26/01110/PPP,2026-09-01,,Undecided,,outline application,true,data centre (type not stated),,,,,,,,,,,,,,,,"Proposed Green Data Centre development and associated landscaping, access works and other infrastructure. Construction of data centre building(s), together with associated development including new road accesses, strategic landscaping and open space enhancements, SuDS and drainage infrastructure, and supporting plant, utilities and infrastructure, including ancillary backup generation",Land South Of Junction Of Lancaster Avenue And Bellside Road Chapelhall North Lanarkshire,,,https://www.planit.org.uk/planapplic/NorthLanarkshire/26/01110/PPP/,PPP; ancillary backup generation,PlanIt,2026-10-09,2026-10-09,manual-review-2026-10-09,"North Lanarkshire 26/01110/PPP ""Green Data Centre""",
UK:Northumberland/26/03028/REM,UK,Northumberland (County),26/03028/REM,2026-08-28,,Undecided,,reserved matters,true,hyperscale/campus,,,,2,RENAISSANCE LAND LIMITED (individual PSC: Stephen Schwarzman),high,evidence chain: named as Owner in legal agreement; Companies House PSC chain,,,14433976,RENAISSANCE LAND LIMITED (14433976),ND115455; ND116185; ND210681,RENAISSANCE LAND LIMITED (14433976) [high],,,"Reserved matters application for appearance, landscaping, layout and scale on approved application 24/04112/OUTES for two data centre buildings including ancillary office space (Use Class B8), and associated landscaping and infrastructure on Phase 2 of the data centre campus",Land At Former Power Station Site On Northern Side Of Cambois Cambois Northumberland,,,https://www.planit.org.uk/planapplic/Northumberland/26/03028/REM/,Reserved matters for Phase 2 (two DC buildings),PlanIt,2026-10-09,2026-10-09,manual-review-2026-10-09,"Cambois data centre campus, Northumberland","[high] named as Owner in legal agreement: https://publicaccess.northumberland.gov.uk/online-applications/files/04DA9578A88BD9B2EEAD899048FF31B5/pdf/24_04112_OUTES-S106-2847648.pdf | ""e Council'); and 2. RENAISSANCE LAND LIMITED incorporated and registered in England and Wales with company number 14433976 whose registered of"" || [high] registered proprietor (HM Land Registry) RENAISSANCE LAND LIMITED (14433976): HM Land Registry CCOD/OCOD Oct 2026: title ND116185 (Freehold, 'Blyth Power Station, Cambois, Blyth') proprietor RENAISSANCE LAND LIMITED 14433976; title cited at https://publicaccess.northumberland.gov.uk/online-applications/files/04DA9578A88BD9B2EEAD899048FF31B5/pdf/24_04112_OUTES-S106-2847648.pdf | ""d are enforceable. B. The Owner is the registered freehold proprietor of the Site registered at the Land Registry under title numbers ND116185; ND210681; and ND115455. C. The Owner submitted the Application to the Council in respect of the Development of the Application Land which was"" || [low] portal applicant (name only): https://publicaccess.northumberland.gov.uk/online-applications/applicationDetails.do?keyVal=TKF3ESQSGWV00&activeTab=details | Applicant Name: ""Renaissance Land Limited"" || [low] portal applicant (name only): https://publicaccess.northumberland.gov.uk/online-applications/applicationDetails.do?keyVal=TJWMVVQSGMV00&activeTab=details | Applicant Name: ""Renaissance Land Limited"""
UK:Thurrock/26/01013/OUT,UK,Thurrock,26/01013/OUT,2026-08-27,,Undecided,,outline application,true,data centre (type not stated),,14,,,,,,,Pegasus Planning Group Ltd,,,,,,,Outline application for the erection of a 14MW Data Centre and ancillary development (all matters reserved except for access points).,Land Adjacent Buckingham Hill Road And Stanford Road Stanford Le Hope Essex,,,https://www.planit.org.uk/planapplic/Thurrock/26/01013/OUT/,"Stated as ""14MW Data Centre""; IT vs grid basis not stated",PlanIt,2026-10-09,2026-10-09,manual-review-2026-10-09,Thurrock 26/01013/OUT,
UK:Cornwall/PA26/05845,UK,Cornwall,PA26/05845,2026-08-26,,Undecided,,,false,not data centre,,,,,,,,,Laurence Associates,,,,,,,Change of use from a data centre to a light industrial use,Plot 8 - Stratton Business Park Binhamy Road Stratton Bude Cornwall EX23 8LY,,,https://www.planit.org.uk/planapplic/Cornwall/PA26/05845/,Change of use FROM data centre to light industrial (loss of a DC),PlanIt,2026-10-09,2026-10-09,manual-review-2026-10-09,,
UK:Brent/26/2167,UK,Brent,26/2167,2026-08-26,,Undecided,,conditions discharge,true,data centre (type not stated),,,,,MSFT MCIO LIMITED,low (address match; check title plan),evidence chain: registered proprietor (HM Land Registry); Companies House PSC chain,,Maddox and Associates Ltd,09616816,MSFT MCIO LIMITED (09616816),AGL608434 (low),MSFT MCIO LIMITED (09616816) [low],,,"Details pursuant to condition 11 (Construction Logistics Plan), of Full Planning Permission application reference 22/4185 dated 01/03/2024 for Full planning application for the proposed development to extend the existing data centre on land to the north of the North Circular Road, incorporating 717 to 721 North Circular Road, including additional land to the rear, subject to Deed of Agreement dated 29th February 2024 under Section 106 of Town and Country Planning Act, 1990, as amended.","JVC Business Park & JVC House, Priestley Way and 717, 719 & 721 North Circular Road, Neasden, London, NW2",,,https://www.planit.org.uk/planapplic/Brent/26/2167/,Extension of existing data centre,PlanIt,2026-10-09,2026-10-09,manual-review-2026-10-09,"North Circular Road extension, Brent (22/4185)","[low] registered proprietor (HM Land Registry): HM Land Registry CCOD/OCOD Oct 2026 address match: title AGL608434 ('Data Hall 2, Harp View Business Park, Priestley Way, London (NW2 7AP)') proprietor MSFT MCIO LIMITED 09616816"
UK:TestValley/26/01867/FULLN,UK,Test Valley,26/01867/FULLN,2026-08-26,,Undecided,,,false,not data centre,,,,,,,,,Sammons Architectural Ltd,,,,,,,"Change of use from kitchen warehouse and data storage facility to vehicle repair and servicing centre with Class 7 MOT facility, with alterations to fenestration",Unit A4 Macadam Way Portway Business Park Andover Hampshire SP10 3LF,,,https://www.planit.org.uk/planapplic/TestValley/26/01867/FULLN/,Kitchen warehouse/data storage to MOT garage,PlanIt,2026-10-09,2026-10-09,manual-review-2026-10-09,,
UK:Hillingdon/49261/APP/2026/2094,UK,Hillingdon,49261/APP/2026/2094,2026-08-25,,Undecided,,conditions discharge,true,data centre (type not stated),,,,1,"Amazon.Com, Inc.",high,evidence chain: registered proprietor (HM Land Registry); Companies House PSC chain,,,09959151,"AMAZON DATA SERVICES UK LIMITED (09959151) > Amazon.Com, Inc. (no number, Us Law)",NGL86823,AMAZON DATA SERVICES UK LIMITED (09959151) [high],,,"Details pursuant to the discharge of Condition 25 (Air Quality Assessment) of planning permission ref. 49261/APP/2024/2904 dated 12-03-2026 (Demolition of the existing building and structures on site, and all other associated site clearance works. Construction of a data centre building (Class B8) with plant at roof level with an emergency generator (1no.) and associated flue (provided within an external compound adjoining the data centre building), sprinkler tank and pumphouse, security guard house, and provision of one kiosk substation and MV Building. The development also comprises the construction of a new access and internal road and circulation areas, footpaths, provision of car and bicycle parking, hard and soft landscaping and other associated works and ancillary site infrastructure.)","UNIT 4, SILVERDALE INDUSTRIAL ESTATE SILVERDALE ROAD HAYES",,,https://www.planit.org.uk/planapplic/Hillingdon/49261/APP/2026/2094/,"Single DC building, one emergency generator",PlanIt,2026-10-09,2026-10-09,manual-review-2026-10-09,Hillingdon 49261/APP/2024/2904,"[high] registered proprietor (HM Land Registry): HM Land Registry CCOD/OCOD Oct 2026: title NGL86823 (Freehold, 'Unit 4, Trinity Trading Estate, Silverdale Road, Hayes (UB3 3BN)') proprietor AMAZON DATA SERVICES UK LIMITED 09959151; title cited at https://planning.hillingdon.gov.uk/OcellaWeb/viewDocument?file=dv_pl_files%5C49261_APP_2024_2904%5CApplicationFormRedacted.pdf&module=pl | ""itle number(s) for the existing building(s) on the site. If the site has no title numbers, please enter 'Unregistered'. Title Number: NGL86823 Energy Performance Certificate Number Do any of the buildings on the application site have an Energy Performance Certifi"" || https://find-and-update.company-information.service.gov.uk/company/09959151 | AMAZON DATA SERVICES UK LIMITED PSC: Amazon.Com, Inc. ( Us Law) notified 2016-04-06"
UK:Hillingdon/67666/APP/2026/2056,UK,Hillingdon,67666/APP/2026/2056,2026-08-24,,Undecided,,EIA screening/scoping,true,hyperscale/campus,,,,,,,,,,,,,,,,"Request for Scoping Opinion under Regulation 15 of the Town and Country Planning (Environmental Impact Assessment) Regulations 2017 for the erection of a Data centre campus on the Site of the Former Sipson Garden Centre and land to the south, Sipson Road, Sipson.",FORMER SIPSON GARDEN CENTRE SIPSON ROAD SIPSON UB7 OHW,,,https://www.planit.org.uk/planapplic/Hillingdon/67666/APP/2026/2056/,EIA scoping for a data centre campus,PlanIt,2026-10-09,2026-10-09,manual-review-2026-10-09,"Former Sipson Garden Centre, Hillingdon",
UK:Ealing/263227OPDCOB,UK,Ealing,263227OPDCOB,2026-08-24,2026-09-30,Rejected,Objection,conditions discharge,true,data centre (type not stated),,,,,,,,,,,,,,,,"Partial discharge of condition 4 (Noise Testing Results) pursuant to planning permission reference 22/0142/REMOPDC dated 25/01/2023 for 'Reserved Matters Application with full details of access, layout, scale, appearance and landscaping pursuant to outline planning permission reference 20/0122/OUTOPDC dated 27/09/2022 for a data centre (Use Class B8), generator building, plant, sub-station, hard and soft landscaping and associated works (out of borough)",37 - 39 North Acton Road Park Royal NW10 6PF,,,https://www.planit.org.uk/planapplic/Ealing/263227OPDCOB/,Ealing observation (objection) on noise condition,PlanIt,2026-10-09,2026-10-09,manual-review-2026-10-09,OPDC 20/0122/OUTOPDC,
UK:Newport/26/0661,UK,Newport,26/0661,2026-08-24,,Undecided,,conditions discharge,true,data centre (type not stated),,,,2,MSFT MCIO LIMITED,low (address match; check title plan),evidence chain: registered proprietor (HM Land Registry); Companies House PSC chain,,Carter Jonas LLP,09616816,MSFT MCIO LIMITED (09616816),CYM671910 (low); CYM770168 (low); CYM804925 (low),MSFT MCIO LIMITED (09616816) [low]; VANTAGE DATA CENTERS UK LIMITED (06132144) [low]; VANTAGE DATA CENTRES UK LIMITED (06132144) [low],,,"PARTIAL DISCHARGE OF CONDITION 12 (TRAVEL PLAN) OF 26/0379 S73 APPLICATION TO VARY CONDITIONS 1 (APPROVED PLANS), 3 (LANDSCAPING), 4 (LEMP), 15 (PARKING), 16 (CYCLE STORAGE DETAILS), 17 (FOUL DRAINAGE) AND TO REMOVE CONDITION 6 (DORMICE METHOD STATEMENT) OF 24/0006 DEMOLITION OF REMAINDER OF EXISTING PRINCIPAL BUILDING AND REMAINING STRUCTURES AND CONSTRUCTION OF NEW DATA CENTRE (USE CLASS B8) ACROSS TWO MAIN BUILDINGS PLUS ANCILLARY STRUCTURES ANDS OTHER ASSOCIATED WORKS. AMENDMENTS INCLUDE CHANGES TO LAYOUT AND LANDSCAPING TO ACCOMMODATE SAB REQUIREMENTS, AMENDMENTS AND ADDITIONS TO ADMIN AND DATA HALL BUILDINGS, DESIGN AND SPECIFICATION OF GENERATORS, REVISIONS TO EXTERNAL LIGHTING AND REVISED DETAILS OF ANCILLARY STRUCTURES INCLUDING NEW CONDITION FOR FUTURE PRIMARY SUBSTATION",Quinn Radiators Celtic Way Celtic Lakes Newport NP10 8FS,,,https://www.planit.org.uk/planapplic/Newport/26/0661/,Two main buildings; future primary substation,PlanIt,2026-10-09,2026-10-09,manual-review-2026-10-09,Newport 24/0006,"[low] registered proprietor (HM Land Registry): HM Land Registry CCOD/OCOD Oct 2026 address match: title CYM770168 ('Data Hall GF20 and GF21, NGD Celtic Technology Centre, Celtic Way, Newport (NP10 8BE)') proprietor MSFT MCIO LIMITED 09616816 || [low] registered proprietor (HM Land Registry) VANTAGE DATA CENTERS UK LIMITED (06132144): HM Land Registry CCOD/OCOD Oct 2026 address match: title CYM804925 ('First Floor, Phase 1, Hynix Fab. Building, Celtic Way, Newport (NP10 8BE)') proprietor VANTAGE DATA CENTERS UK LIMITED 06132144 || [low] registered proprietor (HM Land Registry) VANTAGE DATA CENTRES UK LIMITED (06132144): HM Land Registry CCOD/OCOD Oct 2026 address match: title CYM671910 ('Ground Floor, Hynix Fab. Building, Celtic Way, Celtic Lakes, Newport (NP10 8BE)') proprietor VANTAGE DATA CENTRES UK LIMITED 06132144"
UK:OldOakParkRoyal/26/0135/AODOPDC,UK,Old Oak Park Royal,26/0135/AODOPDC,2026-08-20,,Undecided,,conditions discharge,true,data centre (type not stated),,,,,,,,,,,,,,,,"Partial discharge of condition 4 (Noise Testing Results) pursuant to planning permission reference 22/0142/REMOPDC dated 25/01/2023 for 'Reserved Matters Application with full details of access, layout, scale, appearance and landscaping pursuant to outline planning permission reference 20/0122/OUTOPDC dated 27/09/2022 for a data centre (Use Class B8), generator building, plant, sub-station, hard and soft landscaping and associated works.'","37-39, North Acton Road, LONDON, NW10 6PF",,,https://www.planit.org.uk/planapplic/OldOakParkRoyal/26/0135/AODOPDC/,,PlanIt,2026-10-09,2026-10-09,manual-review-2026-10-09,OPDC 20/0122/OUTOPDC,
UK:Brent/26/2126,UK,Brent,26/2126,2026-08-19,2026-09-03,Permitted,No Objection Raised,conditions discharge,true,data centre (type not stated),,,,,SEGRO PUBLIC LIMITED COMPANY,low (address match; check title plan),evidence chain: registered proprietor (HM Land Registry); Companies House PSC chain,,Old Oak and Park Royal Development Corporation,13276747,SEGRO (UK ENERGY) LIMITED (13276747) > SEGRO PROPERTIES LIMITED (00448911) > SEGRO PUBLIC LIMITED COMPANY (00167591),AGL637739 (low),SEGRO (UK ENERGY) LIMITED (13276747) [low],,,"Address: Unit F, 6, Premier Park, LONDON, NW10 7NZ Proposal: Details of condition 6 (Fibre Connectivity Details) pursuant of planning permission reference 25/0196/FUMOPDC dated 03/07/2026, for 'Demolition of existing warehouse (Class B8) comprising main data centre building and attached ancillary office, modular power room gantry, containerised generator gantry with flues, entrance pavilion, substation, boundary enclosures, internal access road, car and cycle parking, landscaping, and alterations to vehicular and pedestrian access from Premier Park Road.' Reference: 26/0134/AODOPDC","Unit F, 6 Premier Park Road, London, NW10 7NZ",,,https://www.planit.org.uk/planapplic/Brent/26/2126/,,PlanIt,2026-10-09,2026-10-09,manual-review-2026-10-09,Premier Park Road NW10 (OPDC 25/0196/FUMOPDC),"[low] registered proprietor (HM Land Registry): HM Land Registry CCOD/OCOD Oct 2026 address match: title AGL637739 ('airspace above the roof of Unit 12, Premier Park Road, London (NW10 7NZ)') proprietor SEGRO (UK ENERGY) LIMITED 13276747 || https://find-and-update.company-information.service.gov.uk/company/13276747 | SEGRO (UK ENERGY) LIMITED PSC: Segro Properties Limited (00448911 United Kingdom) notified 2021-03-18 || https://find-and-update.company-information.service.gov.uk/company/00448911 | SEGRO PROPERTIES LIMITED PSC: Segro Plc (00167591 England And Wales) notified 2016-04-06"
UK:Northumberland/26/02919/FUL,UK,Northumberland (County),26/02919/FUL,2026-08-18,,Undecided,,full application,true,ancillary to data centre,,,,,RENAISSANCE LAND LIMITED (individual PSC: Stephen Schwarzman),high,evidence chain: named as Owner in legal agreement; Companies House PSC chain,,Quod,14433976,RENAISSANCE LAND LIMITED (14433976),ND115455; ND116185; ND210681,RENAISSANCE LAND LIMITED (14433976) [high],,,Application for 60kV temporary substation and associated development for the construction and early operation of the proposed Cambois Data Centre Campus (Application Reference: 24/04112/OUTES),"Land At The Former Power Station Site On The Northern Side Of Cambois, Northumberland Cambois, Near Blyth NE22 7BL",,,https://www.planit.org.uk/planapplic/Northumberland/26/02919/FUL/,60kV temporary substation for construction/early operation,PlanIt,2026-10-09,2026-10-09,manual-review-2026-10-09,"Cambois data centre campus, Northumberland","[high] named as Owner in legal agreement: https://publicaccess.northumberland.gov.uk/online-applications/files/04DA9578A88BD9B2EEAD899048FF31B5/pdf/24_04112_OUTES-S106-2847648.pdf | ""e Council'); and 2. RENAISSANCE LAND LIMITED incorporated and registered in England and Wales with company number 14433976 whose registered of"" || [high] registered proprietor (HM Land Registry) RENAISSANCE LAND LIMITED (14433976): HM Land Registry CCOD/OCOD Oct 2026: title ND116185 (Freehold, 'Blyth Power Station, Cambois, Blyth') proprietor RENAISSANCE LAND LIMITED 14433976; title cited at https://publicaccess.northumberland.gov.uk/online-applications/files/04DA9578A88BD9B2EEAD899048FF31B5/pdf/24_04112_OUTES-S106-2847648.pdf | ""d are enforceable. B. The Owner is the registered freehold proprietor of the Site registered at the Land Registry under title numbers ND116185; ND210681; and ND115455. C. The Owner submitted the Application to the Council in respect of the Development of the Application Land which was"" || [low] portal applicant (name only): https://publicaccess.northumberland.gov.uk/online-applications/applicationDetails.do?keyVal=TKF3ESQSGWV00&activeTab=details | Applicant Name: ""Renaissance Land Limited"" || [low] portal applicant (name only): https://publicaccess.northumberland.gov.uk/online-applications/applicationDetails.do?keyVal=TJWMVVQSGMV00&activeTab=details | Applicant Name: ""Renaissance Land Limited"""
UK:Hertsmere/26/1187/REM,UK,Hertsmere,26/1187/REM,2026-08-17,,Undecided,,reserved matters,true,hyperscale/campus,,,,,Laurel Developments & Consulting (promoter),low (CH name match to project label LDC1; applicant not published),Companies House manual search,,David Lock Associates Ltd,12464369,LDC1 LIMITED > Laurel Developments & Consulting Limited,,,,,"Application for the approval of reserved matters relating to site-wide advanced infrastructure and enabling works (Phase 1a), including a permanent vehicular access off Swanland Road which will facilitate a temporary access during construction, a permanent emergency vehicle access off Bridgefoot Lane, pedestrian and cycle routes, internal roads, car and cycle parking, hard and soft landscaping, on-site water attenuation, temporary and permanent campus bridges, utilities and services, a security gatehouse, substations, ancillary buildings and service yards, the creation of development platforms to support the phased data centre development, and all associated infrastructure pursuant to outline planning permission reference 24/1152/OUTEI.",Land East Of South Mimms Services St Albans Road South Mimms Hertfordshire,,,https://www.planit.org.uk/planapplic/Hertsmere/26/1187/REM/,Phase 1a site-wide infrastructure and platforms,PlanIt,2026-10-09,2026-10-09,manual-review-2026-10-09,"LDC1, land east of South Mimms Services, Hertsmere (24/1152/OUTEI)",
UK:Manchester/OTH-2026-001360,UK,Manchester,OTH-2026-001360,2026-08-17,,Undecided,,full application,true,data centre (type not stated),,,,2,,,,,,,,,,,,"Erection of a new data centre comprising two commercial units (Sui Generis) with associated external plant, substations, boundary fencing, landscaping, highway access works and all ancillary infrastructure.",Land to the south of Bower Street M40 2AF,,,https://www.planit.org.uk/planapplic/Manchester/OTH-2026-001360/,Duplicate record of PLA-2026-001350,PlanIt,2026-10-09,2026-10-09,manual-review-2026-10-09,Manchester new data centre (two units),
UK:Hertsmere/26/1189/ADV,UK,Hertsmere,26/1189/ADV,2026-08-17,2026-10-07,Permitted,,,false,not data centre,,,,,,,,,David Lock Associates Ltd,,,,,,,Erection of 2x community notice boards providing information regarding the LDC1 project and updates of the phased delivery of the approved data centre campus (Application for advertisement consent).,Land East Of South Mimms Services St Albans Road South Mimms Hertfordshire,,,https://www.planit.org.uk/planapplic/Hertsmere/26/1189/ADV/,Advertisement consent for notice boards about LDC1 campus,PlanIt,2026-10-09,2026-10-09,manual-review-2026-10-09,,
UK:Bucks/PL/26/06414/OA,UK,Buckinghamshire,PL/26/06414/OA,2026-08-14,,Undecided,,outline application,possible,data centre (type not stated),,,40500,,,,,,Turley,,,,,,,"Outline planning application (all matters reserved except for principal points of access), to be implemented in phases, for the redevelopment of the site comprising: a) Demolition of existing buildings and structures. Preparatory works, and the formation of vehicular and pedestrian access from Wexham Street; b) The provision of flexible commercial floorspace comprising of either - Up to 16,000 sqm of B2 / B8 floorspace across multiple units; or - Up to 40,500 sqm of sui generis Data Centre use, up to 5,000sqm of associated energy centre and up to 650sqm sub-station (all including ancillary B1a office space, plant, servicing yards, car and cycle parking, landscaping, drainage and associated infrastructure)",Land at Pinewood Nurseries Wexham Street Stoke Poges Buckinghamshire SL3 6NB,,,https://www.planit.org.uk/planapplic/Bucks/PL/26/06414/OA/,"Either 16,000 sqm B2/B8 OR up to 40,500 sqm DC + 5,000 sqm energy centre; DC not certain",PlanIt,2026-10-09,2026-10-09,manual-review-2026-10-09,"Wexham Street, Buckinghamshire PL/26/06414/OA",
UK:Manchester/PLA-2026-001350,UK,Manchester,PLA-2026-001350,2026-08-14,,Undecided,,full application,true,data centre (type not stated),,,,2,,,,,,,,,,,,"Erection of a new data centre comprising two commercial units (Sui Generis) with associated external plant, substations, boundary fencing, landscaping, highway access works and all ancillary infrastructure.",Land to the south of Bower Street Manchester M40 2AF,,,https://www.planit.org.uk/planapplic/Manchester/PLA-2026-001350/,,PlanIt,2026-10-09,2026-10-09,manual-review-2026-10-09,Manchester new data centre (two units),
UK:OldOakParkRoyal/26/0134/AODOPDC,UK,Old Oak Park Royal,26/0134/AODOPDC,2026-08-14,,Undecided,,conditions discharge,true,data centre (type not stated),,,,,SEGRO PUBLIC LIMITED COMPANY,low (address match; check title plan),evidence chain: registered proprietor (HM Land Registry); Companies House PSC chain,,,13276747,SEGRO (UK ENERGY) LIMITED (13276747) > SEGRO PROPERTIES LIMITED (00448911) > SEGRO PUBLIC LIMITED COMPANY (00167591),AGL637739 (low),SEGRO (UK ENERGY) LIMITED (13276747) [low],,,"Details of Condition 6 (Fibre Connectivity) pursuant to planning permission reference 25/0196/FUMOPDC dated 03/07/2026, for 'Demolition of existing warehouse (Class B8) and phased redevelopment of site to provide a data centre (Class B8) comprising main data centre building and attached ancillary office, modular power room gantry, containerised generator gantry with flues, entrance pavilion, substation, boundary enclosures, internal access road, car and cycle parking, landscaping, and alterations to vehicular and pedestrian access from Premier Park Road.'","Unit F, 6, Premier Park Road, LONDON, NW10 7NZ",,,https://www.planit.org.uk/planapplic/OldOakParkRoyal/26/0134/AODOPDC/,,PlanIt,2026-10-09,2026-10-09,manual-review-2026-10-09,Premier Park Road NW10 (OPDC 25/0196/FUMOPDC),"[low] registered proprietor (HM Land Registry): HM Land Registry CCOD/OCOD Oct 2026 address match: title AGL637739 ('airspace above the roof of Unit 12, Premier Park Road, London (NW10 7NZ)') proprietor SEGRO (UK ENERGY) LIMITED 13276747 || https://find-and-update.company-information.service.gov.uk/company/13276747 | SEGRO (UK ENERGY) LIMITED PSC: Segro Properties Limited (00448911 United Kingdom) notified 2021-03-18 || https://find-and-update.company-information.service.gov.uk/company/00448911 | SEGRO PROPERTIES LIMITED PSC: Segro Plc (00167591 England And Wales) notified 2016-04-06"
UK:WhiteHorse/P26/V3497/DIS,UK,Vale of White Horse,P26/V3497/DIS,2026-08-11,,Undecided,Application is not yet decided,conditions discharge,true,hyperscale/campus,,,197000,,Rwe Ag,high,evidence chain: registered proprietor (HM Land Registry); Companies House PSC chain,,Tetra Tech Consulting Ltd,03892782,"RWE GENERATION UK PLC (03892782) > Rwe Ag (HRB14525, Germany)",BK65574; ON15785; ON157852; ON191378; ON297164; ON322203 (low),AMAZON DATA SERVICES UK LIMITED (09959151) [low]; NATIONAL GRID ELECTRICAL TRANSMISSION PLC (02366977) [high]; NATIONAL GRID ELECTRICITY TRANSMISSION PLC (02366977) [high]; RWE GENERATION UK PLC (03892782) [high],"The Law Debenture Pension Trust Corporation PLC (The ""Isp Trustee"") and Its Successors, Assignsand Transferees",,"Discharge of condition 11 Part A(Construction Stage Employment Plan) on application ref. P22/V1857/O Hybrid application comprising: 1. Outline planning permission for the erection of up to 197,000m2 Use Class B8 data centre development with ancillary Use Class E office space, together with associated groundworks, utilities, infrastructure, engineering and enabling works. Matters relating to appearance, landscaping, drainage, layout and scale of the development areas reserved for subsequent approval; and 2. Full planning permission for the construction of new and improved site access, new access roads, hard & soft landscaping, creation of SUDS and all associated infrastructure and engineering works.",Land at former Didcot A Power Station Didcot Oxfordshire Didcot OX11 7HA,,,https://www.planit.org.uk/planapplic/WhiteHorse/P26/V3497/DIS/,"Hybrid: outline up to 197,000 m2 B8 DC",PlanIt,2026-10-09,2026-10-09,manual-review-2026-10-09,Vale P22/V1857/O (likely former Didcot A Power Station),"[high] registered proprietor (HM Land Registry): HM Land Registry CCOD/OCOD Oct 2026: title BK65574 (Freehold, 'land on the North and South side of Port Way, Sutton Coutenay') proprietor RWE GENERATION UK PLC 03892782; title cited at https://valeofwhitehorse.planning-register.co.uk/Document/GetFileBinary#155993/1395862.0000/200.0000 | ""ted. (C) The Owner is the freehold owner of the Owner’s S106 Land free from encumbrances (other than those contained in title numbers BK65574 and ON157852 and as contained in the Title Documents) as set out in the First Schedule. (D) The District Council has delegated authority"" || [high] registered proprietor (HM Land Registry): HM Land Registry CCOD/OCOD Oct 2026: title ON157852 (Freehold, 'Land at Didcot Power Station, Didcot') proprietor RWE GENERATION UK PLC 03892782; title cited at https://valeofwhitehorse.planning-register.co.uk/Document/GetFileBinary#155993/1395862.0000/200.0000 | ""ted. (C) The Owner is the freehold owner of the Owner’s S106 Land free from encumbrances (other than those contained in title numbers BK65574 and ON157852 and as contained in the Title Documents) as set out in the First Schedule. (D) The District Council has delegated authority"" || https://find-and-update.company-information.service.gov.uk/company/03892782 | RWE GENERATION UK PLC PSC: Rwe Ag (HRB14525 Germany) notified 2016-04-06 || https://find-and-update.company-information.service.gov.uk/company/03892782/charges/WbSro29nLGaC7XEVuENfRVJoVbA | charge 2005-10-28 (fully-satisfied) to Calyon, London Branch || https://find-and-update.company-information.service.gov.uk/company/03892782/charges/kWBZ7hFU78ir2IQ_g7u1_j-tjhA | charge 2003-08-28 (outstanding) to The Law Debenture Pension Trust Corporation PLC (The ""Isp Trustee"") and Its Successors, Assignsand Transferees || [high] registered proprietor (HM Land Registry) NATIONAL GRID ELECTRICAL TRANSMISSION PLC (02366977): HM Land Registry CCOD/OCOD Oct 2026: title ON191378 (Leasehold, 'land and buildings at Didcot Power Station, Didcot') proprietor NATIONAL GRID ELECTRICAL TRANSMISSION PLC 02366977; title cited at https://valeofwhitehorse.planning-register.co.uk/Document/GetFileBinary#155993/1630385.0000/221.0000 | ""on dated 9 January 2024 and by a Deed of Variation dated [ ] 2025), which lease is registered at the Land Registry with title number ON191378 (the “1990 Lease”); and (b) Secondly, a lease relating to land at Didcot Power Station, Didcot, Oxfordshire dated 14 Apr"" || [high] registered proprietor (HM Land Registry) NATIONAL GRID ELECTRICITY TRANSMISSION PLC (02366977): HM Land Registry CCOD/OCOD Oct 2026: title ON297164 (Leasehold, 'Land at Didcot Power Station, Didcot') proprietor NATIONAL GRID ELECTRICITY TRANSMISSION PLC 02366977; title cited at https://valeofwhitehorse.planning-register.co.uk/Document/GetFileBinary#155993/1630385.0000/221.0000 | ""nal Grid Electricity Transmission Plc (2) (as subsequently varied), which lease is registered at the Land Registry with title ON297164 (the “2011 Lease”); and (c) Thirdly, a Lease by Reference relating to land at Didcot Power Station, Didcot, Oxfordshire"" || [low] registered proprietor (HM Land Registry) AMAZON DATA SERVICES UK LIMITED (09959151): HM Land Registry CCOD/OCOD Oct 2026 address match: title ON322203 ('Gatehouse, Didcot Power Station, Purchas Road, Didcot') proprietor AMAZON DATA SERVICES UK LIMITED 09959151 || [low] portal applicant (name only): https://valeofwhitehorse.planning-register.co.uk/Planning/Display?applicationNumber=P22%2FV1857%2FO | Applicant Name: ""RWE Generation UK plc"""
UK:Hillingdon/78343/APP/2026/1978,UK,Hillingdon,78343/APP/2026/1978,2026-08-11,,Undecided,,conditions discharge,true,hyperscale/campus,,,,3,COLT DATA CENTRE SERVICES UK LIMITED,high,evidence chain: registered proprietor (HM Land Registry); Companies House PSC chain,,,15330854,HDCI HAYES BRIDGE LIMITED (15330854) > COLT DATA CENTRE SERVICES UK LIMITED (07306352),AGL146580; AGL3721; AGL403960; AGL53769; AGL577892; MX79683; S106,HDCI HAYES BRIDGE LIMITED (15330854) [high]; INACE LIMITED (05852058) [high]; METRO BANK PLC (06419578) [high],,,"Details pursuant to the discharge of Condition 16 (Phase 1: LON6 - Construction Environmental Management and Logistics Plan) and 46 (Phase 2: Innovation Hub - Construction Environmental Management and Logistics Plan) of planning permission ref. 78343/APP/2025/719, dated 20.05.2026 (Hybrid planning application for a four-phased redevelopment to deliver a data centre campus comprising of: Phase 1 - Full planning permission for (a) a data centre building; (b) energy, power, and water infrastructure; (c) site access and internal roads including a vehicular and pedestrian link between Uxbridge Road and Bullsbrook Road; (d) site security arrangements and security fencing; (e) hard and soft, green and blue, infrastructure; and (f) other ancillary and auxiliary forms of development; Phase 2 - Outline planning permission for (a) an Innovation Hub; (b) hard and soft, green and blue, infrastructure; and (c) other ancillary and auxiliary forms of development (all matters reserved); Phase 3 - Outline planning permission for (a) a data centre building; (b) energy, power, and water infrastructure; (c) internal roads; (d) site security arrangements and security fencing; (e) hard and soft, green and blue, infrastructure; and (f) other ancillary and auxiliary forms of development (all matters reserved); and Phase 4 - Outline planning permission for (a) a data centre building; (b) energy, power, and water infrastructure; (c) internal roads; (d) site security arrangements and security fencing; (e) hard and soft, green and blue, infrastructure; and (f) other ancillary and auxiliary forms of development (all matters reserved).)",Hayes Bridge Retail Park and Heathrow Interchange UXBRIDGE ROAD HAYES UB4 0RH,,,https://www.planit.org.uk/planapplic/Hillingdon/78343/APP/2026/1978/,Four phases: three DC buildings plus innovation hub; district heating,PlanIt,2026-10-09,2026-10-09,manual-review-2026-10-09,"LON6 campus, Uxbridge Rd/Bullsbrook Rd, Hillingdon (78343/APP/2025/719)","[high] registered proprietor (HM Land Registry): HM Land Registry CCOD/OCOD Oct 2026: title MX79683 (Freehold, 'Hayes Bridge Retail Park, Uxbridge Road, Hayes (UB4 0RH)') proprietor HDCI HAYES BRIDGE LIMITED 15330854; title cited at https://planning.hillingdon.gov.uk/OcellaWeb/viewDocument?file=dv_pl_files%5C78343_APP_2026_1746%5CApplicationFormRedacted.pdf&module=pl | ""itle number(s) for the existing building(s) on the site. If the site has no title numbers, please enter 'Unregistered'. Title Number: MX79683 Title Number: AGL3721 Title Number: AGL146580 Energy Performance Certificate Number Do any of the buildings on the appli"" || [high] registered proprietor (HM Land Registry): HM Land Registry CCOD/OCOD Oct 2026: title AGL3721 (Freehold, 'Units 3 And 4, Heathrow Interchange, Bullsbrook Road, Hayes (UB4 0JR)') proprietor HDCI HAYES BRIDGE LIMITED 15330854; title cited at https://planning.hillingdon.gov.uk/OcellaWeb/viewDocument?file=dv_pl_files%5C78343_APP_2026_1746%5CApplicationFormRedacted.pdf&module=pl | ""existing building(s) on the site. If the site has no title numbers, please enter 'Unregistered'. Title Number: MX79683 Title Number: AGL3721 Title Number: AGL146580 Energy Performance Certificate Number Do any of the buildings on the application site have an En"" || [high] registered proprietor (HM Land Registry): HM Land Registry CCOD/OCOD Oct 2026: title AGL146580 (Freehold, 'Unit 1 Heathrow Interchange Park, Bullsbrook Road, Hayes (UB4 0UJ)') proprietor HDCI HAYES BRIDGE LIMITED 15330854; title cited at https://planning.hillingdon.gov.uk/OcellaWeb/viewDocument?file=dv_pl_files%5C78343_APP_2026_1746%5CApplicationFormRedacted.pdf&module=pl | ""on the site. If the site has no title numbers, please enter 'Unregistered'. Title Number: MX79683 Title Number: AGL3721 Title Number: AGL146580 Energy Performance Certificate Number Do any of the buildings on the application site have an Energy Performance Certifi"" || [high] registered proprietor (HM Land Registry): HM Land Registry CCOD/OCOD Oct 2026: title AGL53769 (Freehold, 'Land at Hayes Bridge Retail Park, Uxbridge Road, Hayes (UB4 0RH)') proprietor HDCI HAYES BRIDGE LIMITED 15330854; title cited at https://planning.hillingdon.gov.uk/OcellaWeb/viewDocument?file=dv_pl_files%5C78343_APP_2025_719%5CCompleted+-+Hayes_Bridge_S106_Agreement_-_engrossment_version.pdf20260515-588851-2im0j5.pdf&module=pl | ""the obligations in this Agreement are enforceable. 1.2. The Owner has a freehold interest in the Land registered under Title Numbers AGL3721, AGL53769, AGL146580 at the Land Registry. 1.3. On 17 March 2025, the Owner submitted the Planning Application to the Council for permission"" || https://find-and-update.company-information.service.gov.uk/company/15330854 | HDCI HAYES BRIDGE LIMITED PSC: Colt Data Centre Services Uk Limited (07306352 United Kingdom) notified 2023-12-06 || [high] registered proprietor (HM Land Registry) INACE LIMITED (05852058): HM Land Registry CCOD/OCOD Oct 2026: title AGL577892 (Freehold, 'Land on the south west side of Unit 1, Heathrow Interchange, Bullsbrook Road, Hayes (UB4 0JR)') proprietor INACE LIMITED 05852058; title cited at https://planning.hillingdon.gov.uk/OcellaWeb/viewDocument?file=dv_pl_files%5C78343_APP_2025_719%5CCompleted+-+Hayes_Bridge_S106_Agreement_-_engrossment_version.pdf20260515-588851-2im0j5.pdf&module=pl | ""as Hayes Bridge Retail Park Uxbridge Road and Heathrow Interchange Bullsbrook Road registered at HM Land Registry under title numbers AGL3721, AGL53769, AGL146580, AGL577892, and AGL403960 and shown for identification purposes only edged red on Plan 1; “Monitoring” means a survey of employees/reside"" || [high] registered proprietor (HM Land Registry) METRO BANK PLC (06419578): HM Land Registry CCOD/OCOD Oct 2026: title AGL403960 (Leasehold, 'Unit 8, Hayes Bridge Retail Park, Uxbridge Road, Hayes (UB4 0RH)') proprietor METRO BANK PLC 06419578; title cited at https://planning.hillingdon.gov.uk/OcellaWeb/viewDocument?file=dv_pl_files%5C78343_APP_2025_719%5CCompleted+-+Hayes_Bridge_S106_Agreement_-_engrossment_version.pdf20260515-588851-2im0j5.pdf&module=pl | ""as Hayes Bridge Retail Park Uxbridge Road and Heathrow Interchange Bullsbrook Road registered at HM Land Registry under title numbers AGL3721, AGL53769, AGL146580, AGL577892, and AGL403960 and shown for identification purposes only edged red on Plan 1; “Monitoring” means a survey of employees/reside"" || [high] named as party in legal agreement A. HDCI HAYES BRIDGE LIMITED (15330854): https://planning.hillingdon.gov.uk/OcellaWeb/viewDocument?file=dv_pl_files%5C78343_APP_2025_719%5CCompleted+-+Hayes_Bridge_S106_Agreement_-_engrossment_version.pdf20260515-588851-2im0j5.pdf&module=pl | ""nd is made BETWEEN: A. HDCI HAYES BRIDGE LIMITED (company registration number 15330854) a company incorpor"""
UK:Northumberland/26/02818/FUL,UK,Northumberland (County),26/02818/FUL,2026-08-10,,Undecided,,full application,true,ancillary to data centre,,,,,RENAISSANCE LAND LIMITED (individual PSC: Stephen Schwarzman),high,evidence chain: named as Owner in legal agreement; Companies House PSC chain,,,14433976,RENAISSANCE LAND LIMITED (14433976),ND115455; ND116185; ND210681,RENAISSANCE LAND LIMITED (14433976) [high],,,Application for 11/33kV temporary substations and associated development for the construction and early operation of the proposed Cambois Data Centre Campus,Land East Of Sleekburn Business Centre West Sleekburn Northumberland,,,https://www.planit.org.uk/planapplic/Northumberland/26/02818/FUL/,11/33kV temporary substations,PlanIt,2026-10-09,2026-10-09,manual-review-2026-10-09,"Cambois data centre campus, Northumberland","[high] named as Owner in legal agreement: https://publicaccess.northumberland.gov.uk/online-applications/files/04DA9578A88BD9B2EEAD899048FF31B5/pdf/24_04112_OUTES-S106-2847648.pdf | ""e Council'); and 2. RENAISSANCE LAND LIMITED incorporated and registered in England and Wales with company number 14433976 whose registered of"" || [high] registered proprietor (HM Land Registry) RENAISSANCE LAND LIMITED (14433976): HM Land Registry CCOD/OCOD Oct 2026: title ND116185 (Freehold, 'Blyth Power Station, Cambois, Blyth') proprietor RENAISSANCE LAND LIMITED 14433976; title cited at https://publicaccess.northumberland.gov.uk/online-applications/files/04DA9578A88BD9B2EEAD899048FF31B5/pdf/24_04112_OUTES-S106-2847648.pdf | ""d are enforceable. B. The Owner is the registered freehold proprietor of the Site registered at the Land Registry under title numbers ND116185; ND210681; and ND115455. C. The Owner submitted the Application to the Council in respect of the Development of the Application Land which was"" || [low] portal applicant (name only): https://publicaccess.northumberland.gov.uk/online-applications/applicationDetails.do?keyVal=TKF3ESQSGWV00&activeTab=details | Applicant Name: ""Renaissance Land Limited"" || [low] portal applicant (name only): https://publicaccess.northumberland.gov.uk/online-applications/applicationDetails.do?keyVal=TJWMVVQSGMV00&activeTab=details | Applicant Name: ""Renaissance Land Limited"""
UK:Northumberland/26/02817/FUL,UK,Northumberland (County),26/02817/FUL,2026-08-10,2026-10-02,Permitted,Application Permitted,approved,true,ancillary to data centre,,,,,RENAISSANCE LAND LIMITED (individual PSC: Stephen Schwarzman),high,evidence chain: named as Owner in legal agreement; Companies House PSC chain,,,14433976,RENAISSANCE LAND LIMITED (14433976),ND115455; ND116185; ND210681,RENAISSANCE LAND LIMITED (14433976) [high],,,Application for 20kV temporary substations for construction and early operation of proposed Cambois Data Centre Campus (Application Reference: 24/04112/OUTES),Land At Former Power Station Site On Northern Side Of Cambois Cambois Northumberland,,,https://www.planit.org.uk/planapplic/Northumberland/26/02817/FUL/,"20kV temporary substations, permitted",PlanIt,2026-10-09,2026-10-09,manual-review-2026-10-09,"Cambois data centre campus, Northumberland","[high] named as Owner in legal agreement: https://publicaccess.northumberland.gov.uk/online-applications/files/04DA9578A88BD9B2EEAD899048FF31B5/pdf/24_04112_OUTES-S106-2847648.pdf | ""e Council'); and 2. RENAISSANCE LAND LIMITED incorporated and registered in England and Wales with company number 14433976 whose registered of"" || [high] registered proprietor (HM Land Registry) RENAISSANCE LAND LIMITED (14433976): HM Land Registry CCOD/OCOD Oct 2026: title ND116185 (Freehold, 'Blyth Power Station, Cambois, Blyth') proprietor RENAISSANCE LAND LIMITED 14433976; title cited at https://publicaccess.northumberland.gov.uk/online-applications/files/04DA9578A88BD9B2EEAD899048FF31B5/pdf/24_04112_OUTES-S106-2847648.pdf | ""d are enforceable. B. The Owner is the registered freehold proprietor of the Site registered at the Land Registry under title numbers ND116185; ND210681; and ND115455. C. The Owner submitted the Application to the Council in respect of the Development of the Application Land which was"" || [low] portal applicant (name only): https://publicaccess.northumberland.gov.uk/online-applications/applicationDetails.do?keyVal=TKF3ESQSGWV00&activeTab=details | Applicant Name: ""Renaissance Land Limited"" || [low] portal applicant (name only): https://publicaccess.northumberland.gov.uk/online-applications/applicationDetails.do?keyVal=TJWMVVQSGMV00&activeTab=details | Applicant Name: ""Renaissance Land Limited"""
UK:Greenwich/26/2370/EIA,UK,Greenwich,26/2370/EIA,2026-08-07,,Undecided,,EIA screening/scoping,true,hyperscale/campus,,,100000,,,,,,,,,,,,,"Request for an Environmental Impact Assessment Scoping Opinion under Regulation 15 of the Town and Country Planning (Environmental Impact Assessment) Regulations 2017 (as amended) comprising a 100,000 sqm Gross External Area (GEA) data centre with ancillary offices, internal plant, and substations, alongside up to 10,000 sqm GEA of mixed-use space including Use Classes E(g)(i-iii), B2, B8, and F2(a-c). The scheme includes varied massing across the site, ranging from the retained Stone Foundry at 17 m AOD and an SME building at 22 m AOD, up to an office building at 32 m AOD, a data centre with a maximum of 45 m AOD.","Land adjacent to and including the former Stone Foundries, 669A Woolwich Road and the VIP Industrial Estate, Charlton, London, SE7 8SL",,,https://www.planit.org.uk/planapplic/Greenwich/26/2370/EIA/,"100,000 sqm GEA DC plus up to 10,000 sqm mixed use",PlanIt,2026-10-09,2026-10-09,manual-review-2026-10-09,Greenwich 26/2370/EIA,
UK:Northumberland/26/02810/SCREEN,UK,Northumberland (County),26/02810/SCREEN,2026-08-07,2026-09-14,Permitted,EIA Required,EIA screening/scoping,true,data centre (type not stated),,,,,,,,,Tetra Tech Consulting Limited,,,,,,,Screening opinion for a proposed data centre development - Reference: LSE_00837_EIA Screening,Land At Factory Road Cambois Northumberland,,,https://www.planit.org.uk/planapplic/Northumberland/26/02810/SCREEN/,Screening: EIA required,PlanIt,2026-10-09,2026-10-09,manual-review-2026-10-09,Northumberland 26/02810/SCREEN,
UK:Burnley/PA/2026/0315,UK,Burnley,PA/2026/0315,2026-08-07,2026-09-30,Conditions,Approve with Conditions,approved,true,data centre (type not stated),,,,,,,,,,,,,,,,Change of use of underground car parks and basement to data centre,"THE BRUNLEA HOTEL, KEIRBY WALK, BURNLEY, BB11 2DE",,,https://www.planit.org.uk/planapplic/Burnley/PA/2026/0315/,Underground car parks/basement converted to DC,PlanIt,2026-10-09,2026-10-09,manual-review-2026-10-09,Burnley PA/2026/0315,
UK:SouthCambs/26/02996/SCRE,UK,South Cambridgeshire,26/02996/SCRE,2026-08-07,,Undecided,,EIA screening/scoping,true,ancillary to data centre,,,,,,,,,,,,,,,,EIA Screening Opinion under the Town and Country Planning (Environmental Impact Assessment) Regulations 2017 for a network of underground pipes connecting users within Melbourn to the Data Centre.,Land South Of London Way Melbourn Cambridgeshire,,,https://www.planit.org.uk/planapplic/SouthCambs/26/02996/SCRE/,Pipes connecting Melbourn users to the data centre (heat reuse),PlanIt,2026-10-09,2026-10-09,manual-review-2026-10-09,"Melbourn heat network, South Cambs",
UK:Ealing/262984CND,UK,Ealing,262984CND,2026-08-04,2026-10-02,Permitted,Approved,conditions discharge,true,hyperscale/campus,,,158702,3,Kkr & Co. Inc,high,evidence chain: named as Owner in legal agreement; Companies House PSC chain,,,OE032462,"GTR LONDON 2 S.A R.L. (OE032462) > Kkr & Co. Inc (06284582, State Of Delaware - Department Of State: Division Of Corporations, Usa)",AGL16660; AGL397306; MX320233; NGL132484; NGL163938; NGL164938; NGL272255; NGL272256; NGL615197,GTR LONDON 2 S.A R.L. (no number) [high],"U.S. BANK TRUSTEES LIMITED (02379632, Mortgagee in legal agreement)",,"Details of a stage 1 written scheme of investigation (WSI) pursuant to condition 11(Part b) of planning permission ref: 250949FUL dated 19/12/2025 for: Site clearance and preparation, including demolition of all existing buildings on site and redevelopment of the site to provide: Construction of four data centre units within three buildings of approximately 67.9m AOD in height (Use Class B8, approximately 158,702sqm GEA), four industrial buildings ranging from approximately 41.3m to 46.2m AOD in height (Use Classes B8, B2 and E(g)(iii), approximately 23,389 GEA), central pavilion building of approximately 35m AOD in height (Use Class E(b), approximately 223 GEA), two substations (38.05m AOD in height), associated plant, enclosures and necessary physical security systems, internal roads, servicing, circulation, car and cycle parking and hard and soft landscaping works. This application is accompanied by an Environmental Statement for the purposes of Environmental Impact Assessment under The Town and Country Planning (Environmental Impact Assessment) Regulations 2017 (as amended).",International Trading Estate Trident Way Southall UB2 5LF,,,https://www.planit.org.uk/planapplic/Ealing/262984CND/,"158,702 sqm GEA in four DC units within three buildings",PlanIt,2026-10-09,2026-10-09,manual-review-2026-10-09,"Ealing 250949FUL (four DC units, 67.9m AOD)","[high] named as Owner in legal agreement: https://pam.ealing.gov.uk/online-applications/files/293A00BAD51EB640386EF2C88973003C/pdf/250949FUL-LEGAL_AGREEMENT-4474017.pdf | ""the “Council”); (2) GTR LONDON 2 S.A R.L. (incorporated in Luxembourg) (OE ID: OE032462) of 2 Rue Edward St"" || https://find-and-update.company-information.service.gov.uk/company/OE032462 | GTR LONDON 2 S.A R.L. PSC: Kkr & Co. Inc (06284582 State Of Delaware - Department Of State: Division Of Corporations, Usa) notified 2024-02-16 || [high] registered proprietor (HM Land Registry) GTR LONDON 2 S.A R.L. (): HM Land Registry CCOD/OCOD Oct 2026: title AGL16660 (Freehold, 'land on the south west side of Unit 10, Boeing Way, Southall (UB2 5LB)') proprietor GTR LONDON 2 S.A R.L. ; title cited at https://pam.ealing.gov.uk/online-applications/files/293A00BAD51EB640386EF2C88973003C/pdf/250949FUL-LEGAL_AGREEMENT-4474017.pdf | ""is Deed are enforceable. B. The Owner is the freehold owner of the Property and is registered at HM Land Registry under title numbers AGL16660; AGL397306; MX320233; NGL132484; NGL163938; NGL164938; NGL272255; NGL272256; NGL615197 as the proprietor of the Property. C. The Mortgagee is the proprietor """
UK:Thurrock/26/00894/SCO,UK,Thurrock,26/00894/SCO,2026-07-31,2026-09-04,Permitted,EIA Required,EIA screening/scoping,true,data centre (type not stated),,,,,,,,,,,,,,,,"Request for an Environmental Impact Assessment (EIA) Scoping Opinion in respect of the proposed development at land off Dock Road, Tilbury, for a proposed Data Centre and Ecology Park",Land Accross Marshes Adjacent Marshfoot Road St Chads Road And Dock Approach Road Tilbury Essex,,,https://www.planit.org.uk/planapplic/Thurrock/26/00894/SCO/,DC and ecology park; EIA required,PlanIt,2026-10-09,2026-10-09,manual-review-2026-10-09,"Dock Road, Tilbury, Thurrock",
UK:Slough/SMI/2026/20,UK,Slough,SMI/2026/20,2026-07-31,,Undecided,,EIA screening/scoping,true,data centre (type not stated),,,,,,,,,,,,,,,,Request for an EIA Scoping Opinion under Regulation 6 of the Town and Country Planning (Environmental Impact Assessment) Regulations 2017 (as amended) for a new Data Centre,"Land West Of Ridgeway Distribution Centre, The Ridgeway, Iver, Buckinghamshire",,,https://www.planit.org.uk/planapplic/Slough/SMI/2026/20/,EIA scoping for a new DC,PlanIt,2026-10-09,2026-10-09,manual-review-2026-10-09,"Ridgeway Distribution Centre, Iver (Slough SMI/2026/20)",
UK:SouthNorfolkBroadland/2026/2216,UK,South Norfolk Broadland,2026/2216,2026-07-30,,Undecided,,,false,not data centre,,,,,,,,,Zebra Architects Ltd,,,,,,,"Proposed development comprises the installation of a new energy compound within the existing data centre area. The compound will accommodate buffer tanks, Air Source Heat Pumps (ASHPs), associated mechanical plant, and HV/LV electrical rooms to support the site's heating and energy infrastructure - installation of photovoltaic (PV) panels are proposed across suitable buildings and locations throughout the wider hospital estate as part of a wider programme of energy efficiency improvements",Norfolk And Norwich University Hospital Colney Lane Colney Norfolk NR4 7UY,,,https://www.planit.org.uk/planapplic/SouthNorfolkBroadland/2026/2216/,Hospital energy compound in an existing (server) data centre area,PlanIt,2026-10-09,2026-10-09,manual-review-2026-10-09,,
UK:Newport/26/0586,UK,Newport,26/0586,2026-07-30,2026-09-09,Permitted,Approved,conditions discharge,true,data centre (type not stated),,,,4,MSFT MCIO LIMITED,low (address match; check title plan),evidence chain: registered proprietor (HM Land Registry); Companies House PSC chain,,AtkinsRealis Limited,09616816,MSFT MCIO LIMITED (09616816),CYM671910 (low); CYM756250 (low); CYM770168 (low),MSFT MCIO LIMITED (09616816) [low]; VANTAGE DATA CENTERS UK LIMITED (06132144) [low]; VANTAGE DATA CENTRES UK LIMITED (06132144) [low],,,"PARTIAL DISCHARGE OF CONDITIONS 10 (SERVICE TESTING AND MAINTENANCE PLAN), 16 (EXTERNAL LIGHTING), 20 (CYCLE PARKING DETAILS), 21 (EV CHARGING), 22 (TRAVEL PLAN) AND 23 (PEDESTRIAN CROSSING AND FOOTWAY) OF 25/0711 S73 APPLICATION TO VARY CONDITIONS 1 (APPROVED PLANS), 7 (LANDSCAPING AND PLANTING SCHEME), 10 (NOISE ASSESSMENT) AND 11 (NOISE SURVEY) OF 20/0039 ERECTION OF 4NO. THREE-STOREY DATA CENTRE BUILDINGS COMPRISING B8 USE AND ANCILLARY B1 USE, PROVISION OF EMERGENCY GENERATORS, SECURITY LODGE, HARD AND SOFT LANDSCAPING, INTERNAL ACCESS ROADS, CAR PARKING AND SUSTAINABLE DRAINAGE. AMENDMENTS INCLUDE CHANGES TO BUILDING FOOTPRINTS AND DESIGN, LOCATION OF GENERATORS, CHANGES TO DRAINAGE STRATEGY AND LANDSCAPING AND OTHER LAYOUT CHANGES",Celtic Technology Centre Celtic Way Celtic Lakes Newport South Wales NP10 8BE,,,https://www.planit.org.uk/planapplic/Newport/26/0586/,,PlanIt,2026-10-09,2026-10-09,manual-review-2026-10-09,Newport 20/0039 (four three-storey DC buildings),"[low] registered proprietor (HM Land Registry): HM Land Registry CCOD/OCOD Oct 2026 address match: title CYM770168 ('Data Hall GF20 and GF21, NGD Celtic Technology Centre, Celtic Way, Newport (NP10 8BE)') proprietor MSFT MCIO LIMITED 09616816 || [low] registered proprietor (HM Land Registry) VANTAGE DATA CENTERS UK LIMITED (06132144): HM Land Registry CCOD/OCOD Oct 2026 address match: title CYM756250 ('Land lying to the north-east of  Next Generation Data, Celtic Technology Centre, Celtic Way, Celtic Lakes, Newport (NP10 8BE)') proprietor VANTAGE DATA CENTERS UK LIMITED 06132144 || [low] registered proprietor (HM Land Registry) VANTAGE DATA CENTRES UK LIMITED (06132144): HM Land Registry CCOD/OCOD Oct 2026 address match: title CYM671910 ('Ground Floor, Hynix Fab. Building, Celtic Way, Celtic Lakes, Newport (NP10 8BE)') proprietor VANTAGE DATA CENTRES UK LIMITED 06132144"
UK:Hillingdon/78343/APP/2026/1897,UK,Hillingdon,78343/APP/2026/1897,2026-07-30,2026-09-17,Permitted,,conditions discharge,true,hyperscale/campus,,,,3,COLT DATA CENTRE SERVICES UK LIMITED,high,evidence chain: registered proprietor (HM Land Registry); Companies House PSC chain,,,15330854,HDCI HAYES BRIDGE LIMITED (15330854) > COLT DATA CENTRE SERVICES UK LIMITED (07306352),AGL146580; AGL3721; AGL403960; AGL53769; AGL577892; MX79683; S106,HDCI HAYES BRIDGE LIMITED (15330854) [high]; INACE LIMITED (05852058) [high]; METRO BANK PLC (06419578) [high],,,"Details pursuant to the discharge of Condition 22 (Phase 1: LON6 - Microclimate and Wind) and 52 (Phase 2: Innovation Hub - Microclimate and Wind) of planning permission ref. 78343/APP/2025/719, dated 20.05.2026 (Hybrid planning application for a four-phased redevelopment to deliver a data centre campus comprising of: Phase 1 - Full planning permission for (a) a data centre building; (b) energy, power, and water infrastructure; (c) site access and internal roads including a vehicular and pedestrian link between Uxbridge Road and Bullsbrook Road; (d) site security arrangements and security fencing; (e) hard and soft, green and blue, infrastructure; and (f) other ancillary and auxiliary forms of development; Phase 2 - Outline planning permission for (a) an Innovation Hub; (b) hard and soft, green and blue, infrastructure; and (c) other ancillary and auxiliary forms of development (all matters reserved); Phase 3 - Outline planning permission for (a) a data centre building; (b) energy, power, and water infrastructure; (c) internal roads; (d) site security arrangements and security fencing; (e) hard and soft, green and blue, infrastructure; and (f) other ancillary and auxiliary forms of development (all matters reserved); and Phase 4 - Outline planning permission for (a) a data centre building; (b) energy, power, and water infrastructure; (c) internal roads; (d) site security arrangements and security fencing; (e) hard and soft, green and blue, infrastructure; and (f) other ancillary and auxiliary forms of development (all matters reserved).)",Hayes Bridge Retail Park and Heathrow Interchange UXBRIDGE ROAD HAYES UB4 0RH,,,https://www.planit.org.uk/planapplic/Hillingdon/78343/APP/2026/1897/,,PlanIt,2026-10-09,2026-10-09,manual-review-2026-10-09,"LON6 campus, Uxbridge Rd/Bullsbrook Rd, Hillingdon (78343/APP/2025/719)","[high] registered proprietor (HM Land Registry): HM Land Registry CCOD/OCOD Oct 2026: title MX79683 (Freehold, 'Hayes Bridge Retail Park, Uxbridge Road, Hayes (UB4 0RH)') proprietor HDCI HAYES BRIDGE LIMITED 15330854; title cited at https://planning.hillingdon.gov.uk/OcellaWeb/viewDocument?file=dv_pl_files%5C78343_APP_2026_1746%5CApplicationFormRedacted.pdf&module=pl | ""itle number(s) for the existing building(s) on the site. If the site has no title numbers, please enter 'Unregistered'. Title Number: MX79683 Title Number: AGL3721 Title Number: AGL146580 Energy Performance Certificate Number Do any of the buildings on the appli"" || [high] registered proprietor (HM Land Registry): HM Land Registry CCOD/OCOD Oct 2026: title AGL3721 (Freehold, 'Units 3 And 4, Heathrow Interchange, Bullsbrook Road, Hayes (UB4 0JR)') proprietor HDCI HAYES BRIDGE LIMITED 15330854; title cited at https://planning.hillingdon.gov.uk/OcellaWeb/viewDocument?file=dv_pl_files%5C78343_APP_2026_1746%5CApplicationFormRedacted.pdf&module=pl | ""existing building(s) on the site. If the site has no title numbers, please enter 'Unregistered'. Title Number: MX79683 Title Number: AGL3721 Title Number: AGL146580 Energy Performance Certificate Number Do any of the buildings on the application site have an En"" || [high] registered proprietor (HM Land Registry): HM Land Registry CCOD/OCOD Oct 2026: title AGL146580 (Freehold, 'Unit 1 Heathrow Interchange Park, Bullsbrook Road, Hayes (UB4 0UJ)') proprietor HDCI HAYES BRIDGE LIMITED 15330854; title cited at https://planning.hillingdon.gov.uk/OcellaWeb/viewDocument?file=dv_pl_files%5C78343_APP_2026_1746%5CApplicationFormRedacted.pdf&module=pl | ""on the site. If the site has no title numbers, please enter 'Unregistered'. Title Number: MX79683 Title Number: AGL3721 Title Number: AGL146580 Energy Performance Certificate Number Do any of the buildings on the application site have an Energy Performance Certifi"" || [high] registered proprietor (HM Land Registry): HM Land Registry CCOD/OCOD Oct 2026: title AGL53769 (Freehold, 'Land at Hayes Bridge Retail Park, Uxbridge Road, Hayes (UB4 0RH)') proprietor HDCI HAYES BRIDGE LIMITED 15330854; title cited at https://planning.hillingdon.gov.uk/OcellaWeb/viewDocument?file=dv_pl_files%5C78343_APP_2025_719%5CCompleted+-+Hayes_Bridge_S106_Agreement_-_engrossment_version.pdf20260515-588851-2im0j5.pdf&module=pl | ""the obligations in this Agreement are enforceable. 1.2. The Owner has a freehold interest in the Land registered under Title Numbers AGL3721, AGL53769, AGL146580 at the Land Registry. 1.3. On 17 March 2025, the Owner submitted the Planning Application to the Council for permission"" || https://find-and-update.company-information.service.gov.uk/company/15330854 | HDCI HAYES BRIDGE LIMITED PSC: Colt Data Centre Services Uk Limited (07306352 United Kingdom) notified 2023-12-06 || [high] registered proprietor (HM Land Registry) INACE LIMITED (05852058): HM Land Registry CCOD/OCOD Oct 2026: title AGL577892 (Freehold, 'Land on the south west side of Unit 1, Heathrow Interchange, Bullsbrook Road, Hayes (UB4 0JR)') proprietor INACE LIMITED 05852058; title cited at https://planning.hillingdon.gov.uk/OcellaWeb/viewDocument?file=dv_pl_files%5C78343_APP_2025_719%5CCompleted+-+Hayes_Bridge_S106_Agreement_-_engrossment_version.pdf20260515-588851-2im0j5.pdf&module=pl | ""as Hayes Bridge Retail Park Uxbridge Road and Heathrow Interchange Bullsbrook Road registered at HM Land Registry under title numbers AGL3721, AGL53769, AGL146580, AGL577892, and AGL403960 and shown for identification purposes only edged red on Plan 1; “Monitoring” means a survey of employees/reside"" || [high] registered proprietor (HM Land Registry) METRO BANK PLC (06419578): HM Land Registry CCOD/OCOD Oct 2026: title AGL403960 (Leasehold, 'Unit 8, Hayes Bridge Retail Park, Uxbridge Road, Hayes (UB4 0RH)') proprietor METRO BANK PLC 06419578; title cited at https://planning.hillingdon.gov.uk/OcellaWeb/viewDocument?file=dv_pl_files%5C78343_APP_2025_719%5CCompleted+-+Hayes_Bridge_S106_Agreement_-_engrossment_version.pdf20260515-588851-2im0j5.pdf&module=pl | ""as Hayes Bridge Retail Park Uxbridge Road and Heathrow Interchange Bullsbrook Road registered at HM Land Registry under title numbers AGL3721, AGL53769, AGL146580, AGL577892, and AGL403960 and shown for identification purposes only edged red on Plan 1; “Monitoring” means a survey of employees/reside"" || [high] named as party in legal agreement A. HDCI HAYES BRIDGE LIMITED (15330854): https://planning.hillingdon.gov.uk/OcellaWeb/viewDocument?file=dv_pl_files%5C78343_APP_2025_719%5CCompleted+-+Hayes_Bridge_S106_Agreement_-_engrossment_version.pdf20260515-588851-2im0j5.pdf&module=pl | ""nd is made BETWEEN: A. HDCI HAYES BRIDGE LIMITED (company registration number 15330854) a company incorpor"""
UK:Hillingdon/78343/APP/2026/1899,UK,Hillingdon,78343/APP/2026/1899,2026-07-30,,Undecided,,conditions discharge,true,hyperscale/campus,,,,3,COLT DATA CENTRE SERVICES UK LIMITED,high,evidence chain: registered proprietor (HM Land Registry); Companies House PSC chain,,,15330854,HDCI HAYES BRIDGE LIMITED (15330854) > COLT DATA CENTRE SERVICES UK LIMITED (07306352),AGL146580; AGL3721; AGL403960; AGL53769; AGL577892; MX79683; S106,HDCI HAYES BRIDGE LIMITED (15330854) [high]; INACE LIMITED (05852058) [high]; METRO BANK PLC (06419578) [high],,,"Details pursuant to the discharge of Conditions 21 (Phase 1: LON6 - District Heating Network) and 51 (Phase 2: Innovation Hub - District Heating Network) of planning permission ref. 78343/APP/2025/719, dated 20.05.2026 (Hybrid planning application for a four-phased redevelopment to deliver a data centre campus comprising of: Phase 1 - Full planning permission for (a) a data centre building; (b) energy, power, and water infrastructure; (c) site access and internal roads including a vehicular and pedestrian link between Uxbridge Road and Bullsbrook Road; (d) site security arrangements and security fencing; (e) hard and soft, green and blue, infrastructure; and (f) other ancillary and auxiliary forms of development; Phase 2 - Outline planning permission for (a) an Innovation Hub; (b) hard and soft, green and blue, infrastructure; and (c) other ancillary and auxiliary forms of development (all matters reserved); Phase 3 - Outline planning permission for (a) a data centre building; (b) energy, power, and water infrastructure; (c) internal roads; (d) site security arrangements and security fencing; (e) hard and soft, green and blue, infrastructure; and (f) other ancillary and auxiliary forms of development (all matters reserved); and Phase 4 - Outline planning permission for (a) a data centre building; (b) energy, power, and water infrastructure; (c) internal roads; (d) site security arrangements and security fencing; (e) hard and soft, green and blue, infrastructure; and (f) other ancillary and auxiliary forms of development (all matters reserved).)",Hayes Bridge Retail Park and Heathrow Interchange UXBRIDGE ROAD HAYES UB4 0RH,,,https://www.planit.org.uk/planapplic/Hillingdon/78343/APP/2026/1899/,District heating network condition,PlanIt,2026-10-09,2026-10-09,manual-review-2026-10-09,"LON6 campus, Uxbridge Rd/Bullsbrook Rd, Hillingdon (78343/APP/2025/719)","[high] registered proprietor (HM Land Registry): HM Land Registry CCOD/OCOD Oct 2026: title MX79683 (Freehold, 'Hayes Bridge Retail Park, Uxbridge Road, Hayes (UB4 0RH)') proprietor HDCI HAYES BRIDGE LIMITED 15330854; title cited at https://planning.hillingdon.gov.uk/OcellaWeb/viewDocument?file=dv_pl_files%5C78343_APP_2026_1746%5CApplicationFormRedacted.pdf&module=pl | ""itle number(s) for the existing building(s) on the site. If the site has no title numbers, please enter 'Unregistered'. Title Number: MX79683 Title Number: AGL3721 Title Number: AGL146580 Energy Performance Certificate Number Do any of the buildings on the appli"" || [high] registered proprietor (HM Land Registry): HM Land Registry CCOD/OCOD Oct 2026: title AGL3721 (Freehold, 'Units 3 And 4, Heathrow Interchange, Bullsbrook Road, Hayes (UB4 0JR)') proprietor HDCI HAYES BRIDGE LIMITED 15330854; title cited at https://planning.hillingdon.gov.uk/OcellaWeb/viewDocument?file=dv_pl_files%5C78343_APP_2026_1746%5CApplicationFormRedacted.pdf&module=pl | ""existing building(s) on the site. If the site has no title numbers, please enter 'Unregistered'. Title Number: MX79683 Title Number: AGL3721 Title Number: AGL146580 Energy Performance Certificate Number Do any of the buildings on the application site have an En"" || [high] registered proprietor (HM Land Registry): HM Land Registry CCOD/OCOD Oct 2026: title AGL146580 (Freehold, 'Unit 1 Heathrow Interchange Park, Bullsbrook Road, Hayes (UB4 0UJ)') proprietor HDCI HAYES BRIDGE LIMITED 15330854; title cited at https://planning.hillingdon.gov.uk/OcellaWeb/viewDocument?file=dv_pl_files%5C78343_APP_2026_1746%5CApplicationFormRedacted.pdf&module=pl | ""on the site. If the site has no title numbers, please enter 'Unregistered'. Title Number: MX79683 Title Number: AGL3721 Title Number: AGL146580 Energy Performance Certificate Number Do any of the buildings on the application site have an Energy Performance Certifi"" || [high] registered proprietor (HM Land Registry): HM Land Registry CCOD/OCOD Oct 2026: title AGL53769 (Freehold, 'Land at Hayes Bridge Retail Park, Uxbridge Road, Hayes (UB4 0RH)') proprietor HDCI HAYES BRIDGE LIMITED 15330854; title cited at https://planning.hillingdon.gov.uk/OcellaWeb/viewDocument?file=dv_pl_files%5C78343_APP_2025_719%5CCompleted+-+Hayes_Bridge_S106_Agreement_-_engrossment_version.pdf20260515-588851-2im0j5.pdf&module=pl | ""the obligations in this Agreement are enforceable. 1.2. The Owner has a freehold interest in the Land registered under Title Numbers AGL3721, AGL53769, AGL146580 at the Land Registry. 1.3. On 17 March 2025, the Owner submitted the Planning Application to the Council for permission"" || https://find-and-update.company-information.service.gov.uk/company/15330854 | HDCI HAYES BRIDGE LIMITED PSC: Colt Data Centre Services Uk Limited (07306352 United Kingdom) notified 2023-12-06 || [high] registered proprietor (HM Land Registry) INACE LIMITED (05852058): HM Land Registry CCOD/OCOD Oct 2026: title AGL577892 (Freehold, 'Land on the south west side of Unit 1, Heathrow Interchange, Bullsbrook Road, Hayes (UB4 0JR)') proprietor INACE LIMITED 05852058; title cited at https://planning.hillingdon.gov.uk/OcellaWeb/viewDocument?file=dv_pl_files%5C78343_APP_2025_719%5CCompleted+-+Hayes_Bridge_S106_Agreement_-_engrossment_version.pdf20260515-588851-2im0j5.pdf&module=pl | ""as Hayes Bridge Retail Park Uxbridge Road and Heathrow Interchange Bullsbrook Road registered at HM Land Registry under title numbers AGL3721, AGL53769, AGL146580, AGL577892, and AGL403960 and shown for identification purposes only edged red on Plan 1; “Monitoring” means a survey of employees/reside"" || [high] registered proprietor (HM Land Registry) METRO BANK PLC (06419578): HM Land Registry CCOD/OCOD Oct 2026: title AGL403960 (Leasehold, 'Unit 8, Hayes Bridge Retail Park, Uxbridge Road, Hayes (UB4 0RH)') proprietor METRO BANK PLC 06419578; title cited at https://planning.hillingdon.gov.uk/OcellaWeb/viewDocument?file=dv_pl_files%5C78343_APP_2025_719%5CCompleted+-+Hayes_Bridge_S106_Agreement_-_engrossment_version.pdf20260515-588851-2im0j5.pdf&module=pl | ""as Hayes Bridge Retail Park Uxbridge Road and Heathrow Interchange Bullsbrook Road registered at HM Land Registry under title numbers AGL3721, AGL53769, AGL146580, AGL577892, and AGL403960 and shown for identification purposes only edged red on Plan 1; “Monitoring” means a survey of employees/reside"" || [high] named as party in legal agreement A. HDCI HAYES BRIDGE LIMITED (15330854): https://planning.hillingdon.gov.uk/OcellaWeb/viewDocument?file=dv_pl_files%5C78343_APP_2025_719%5CCompleted+-+Hayes_Bridge_S106_Agreement_-_engrossment_version.pdf20260515-588851-2im0j5.pdf&module=pl | ""nd is made BETWEEN: A. HDCI HAYES BRIDGE LIMITED (company registration number 15330854) a company incorpor"""
UK:Hillingdon/78343/APP/2026/1898,UK,Hillingdon,78343/APP/2026/1898,2026-07-30,,Undecided,,conditions discharge,true,hyperscale/campus,,,,3,COLT DATA CENTRE SERVICES UK LIMITED,high,evidence chain: registered proprietor (HM Land Registry); Companies House PSC chain,,,15330854,HDCI HAYES BRIDGE LIMITED (15330854) > COLT DATA CENTRE SERVICES UK LIMITED (07306352),AGL146580; AGL3721; AGL403960; AGL53769; AGL577892; MX79683; S106,HDCI HAYES BRIDGE LIMITED (15330854) [high]; INACE LIMITED (05852058) [high]; METRO BANK PLC (06419578) [high],,,"Details pursuant to the discharge of Condition 20 (Phase 1: LON6 - Water Infrastructure Details) and 50 (Phase 2: Innovation Hub - Water Infrastructure Details) of planning permission ref. 78343/APP/2025/719, dated 20.05.2026 (Hybrid planning application for a four-phased redevelopment to deliver a data centre campus comprising of: Phase 1 - Full planning permission for (a) a data centre building; (b) energy, power, and water infrastructure; (c) site access and internal roads including a vehicular and pedestrian link between Uxbridge Road and Bullsbrook Road; (d) site security arrangements and security fencing; (e) hard and soft, green and blue, infrastructure; and (f) other ancillary and auxiliary forms of development; Phase 2 - Outline planning permission for (a) an Innovation Hub; (b) hard and soft, green and blue, infrastructure; and (c) other ancillary and auxiliary forms of development (all matters reserved); Phase 3 - Outline planning permission for (a) a data centre building; (b) energy, power, and water infrastructure; (c) internal roads; (d) site security arrangements and security fencing; (e) hard and soft, green and blue, infrastructure; and (f) other ancillary and auxiliary forms of development (all matters reserved); and Phase 4 - Outline planning permission for (a) a data centre building; (b) energy, power, and water infrastructure; (c) internal roads; (d) site security arrangements and security fencing; (e) hard and soft, green and blue, infrastructure; and (f) other ancillary and auxiliary forms of development (all matters reserved).)",Hayes Bridge Retail Park and Heathrow Interchange UXBRIDGE ROAD HAYES UB4 0RH,,,https://www.planit.org.uk/planapplic/Hillingdon/78343/APP/2026/1898/,,PlanIt,2026-10-09,2026-10-09,manual-review-2026-10-09,"LON6 campus, Uxbridge Rd/Bullsbrook Rd, Hillingdon (78343/APP/2025/719)","[high] registered proprietor (HM Land Registry): HM Land Registry CCOD/OCOD Oct 2026: title MX79683 (Freehold, 'Hayes Bridge Retail Park, Uxbridge Road, Hayes (UB4 0RH)') proprietor HDCI HAYES BRIDGE LIMITED 15330854; title cited at https://planning.hillingdon.gov.uk/OcellaWeb/viewDocument?file=dv_pl_files%5C78343_APP_2026_1746%5CApplicationFormRedacted.pdf&module=pl | ""itle number(s) for the existing building(s) on the site. If the site has no title numbers, please enter 'Unregistered'. Title Number: MX79683 Title Number: AGL3721 Title Number: AGL146580 Energy Performance Certificate Number Do any of the buildings on the appli"" || [high] registered proprietor (HM Land Registry): HM Land Registry CCOD/OCOD Oct 2026: title AGL3721 (Freehold, 'Units 3 And 4, Heathrow Interchange, Bullsbrook Road, Hayes (UB4 0JR)') proprietor HDCI HAYES BRIDGE LIMITED 15330854; title cited at https://planning.hillingdon.gov.uk/OcellaWeb/viewDocument?file=dv_pl_files%5C78343_APP_2026_1746%5CApplicationFormRedacted.pdf&module=pl | ""existing building(s) on the site. If the site has no title numbers, please enter 'Unregistered'. Title Number: MX79683 Title Number: AGL3721 Title Number: AGL146580 Energy Performance Certificate Number Do any of the buildings on the application site have an En"" || [high] registered proprietor (HM Land Registry): HM Land Registry CCOD/OCOD Oct 2026: title AGL146580 (Freehold, 'Unit 1 Heathrow Interchange Park, Bullsbrook Road, Hayes (UB4 0UJ)') proprietor HDCI HAYES BRIDGE LIMITED 15330854; title cited at https://planning.hillingdon.gov.uk/OcellaWeb/viewDocument?file=dv_pl_files%5C78343_APP_2026_1746%5CApplicationFormRedacted.pdf&module=pl | ""on the site. If the site has no title numbers, please enter 'Unregistered'. Title Number: MX79683 Title Number: AGL3721 Title Number: AGL146580 Energy Performance Certificate Number Do any of the buildings on the application site have an Energy Performance Certifi"" || [high] registered proprietor (HM Land Registry): HM Land Registry CCOD/OCOD Oct 2026: title AGL53769 (Freehold, 'Land at Hayes Bridge Retail Park, Uxbridge Road, Hayes (UB4 0RH)') proprietor HDCI HAYES BRIDGE LIMITED 15330854; title cited at https://planning.hillingdon.gov.uk/OcellaWeb/viewDocument?file=dv_pl_files%5C78343_APP_2025_719%5CCompleted+-+Hayes_Bridge_S106_Agreement_-_engrossment_version.pdf20260515-588851-2im0j5.pdf&module=pl | ""the obligations in this Agreement are enforceable. 1.2. The Owner has a freehold interest in the Land registered under Title Numbers AGL3721, AGL53769, AGL146580 at the Land Registry. 1.3. On 17 March 2025, the Owner submitted the Planning Application to the Council for permission"" || https://find-and-update.company-information.service.gov.uk/company/15330854 | HDCI HAYES BRIDGE LIMITED PSC: Colt Data Centre Services Uk Limited (07306352 United Kingdom) notified 2023-12-06 || [high] registered proprietor (HM Land Registry) INACE LIMITED (05852058): HM Land Registry CCOD/OCOD Oct 2026: title AGL577892 (Freehold, 'Land on the south west side of Unit 1, Heathrow Interchange, Bullsbrook Road, Hayes (UB4 0JR)') proprietor INACE LIMITED 05852058; title cited at https://planning.hillingdon.gov.uk/OcellaWeb/viewDocument?file=dv_pl_files%5C78343_APP_2025_719%5CCompleted+-+Hayes_Bridge_S106_Agreement_-_engrossment_version.pdf20260515-588851-2im0j5.pdf&module=pl | ""as Hayes Bridge Retail Park Uxbridge Road and Heathrow Interchange Bullsbrook Road registered at HM Land Registry under title numbers AGL3721, AGL53769, AGL146580, AGL577892, and AGL403960 and shown for identification purposes only edged red on Plan 1; “Monitoring” means a survey of employees/reside"" || [high] registered proprietor (HM Land Registry) METRO BANK PLC (06419578): HM Land Registry CCOD/OCOD Oct 2026: title AGL403960 (Leasehold, 'Unit 8, Hayes Bridge Retail Park, Uxbridge Road, Hayes (UB4 0RH)') proprietor METRO BANK PLC 06419578; title cited at https://planning.hillingdon.gov.uk/OcellaWeb/viewDocument?file=dv_pl_files%5C78343_APP_2025_719%5CCompleted+-+Hayes_Bridge_S106_Agreement_-_engrossment_version.pdf20260515-588851-2im0j5.pdf&module=pl | ""as Hayes Bridge Retail Park Uxbridge Road and Heathrow Interchange Bullsbrook Road registered at HM Land Registry under title numbers AGL3721, AGL53769, AGL146580, AGL577892, and AGL403960 and shown for identification purposes only edged red on Plan 1; “Monitoring” means a survey of employees/reside"" || [high] named as party in legal agreement A. HDCI HAYES BRIDGE LIMITED (15330854): https://planning.hillingdon.gov.uk/OcellaWeb/viewDocument?file=dv_pl_files%5C78343_APP_2025_719%5CCompleted+-+Hayes_Bridge_S106_Agreement_-_engrossment_version.pdf20260515-588851-2im0j5.pdf&module=pl | ""nd is made BETWEEN: A. HDCI HAYES BRIDGE LIMITED (company registration number 15330854) a company incorpor"""
UK:Chesterfield/CHE/26/00650/DOC,UK,Chesterfield,CHE/26/00650/DOC,2026-07-29,,Undecided,,conditions discharge,true,edge/small,,,,,,,,,,,,,,,,"Discharge of conditions 6 (Drainage details), 7 (Declaration of site safety) and 8 (Perimeter fencing details) of application CHE/25/00799/FUL- Development of a modular data centre, associated equipment and structures, staff accommodation, fencing and associated works",Erin Landfill Site Markham Lane Duckmanton Chesterfield Derbyshire S44 5HS,,,https://www.planit.org.uk/planapplic/Chesterfield/CHE/26/00650/DOC/,Modular DC with staff accommodation,PlanIt,2026-10-09,2026-10-09,manual-review-2026-10-09,Chesterfield CHE/25/00799/FUL modular DC,
UK:Oldham/FUL/356595/26,UK,Oldham,FUL/356595/26,2026-07-28,2026-09-21,Permitted,Granted,approved,true,edge/small,,,,,,,,,Arup,,,,,,,Permission is sought for the permanent retention of the 2-storey Modular Data Centre as approved under application FUL/350969/23.,Royal Oldham Hospital Rochdale Road Oldham OL1 2JH,,,https://www.planit.org.uk/planapplic/Oldham/FUL/356595/26/,Permanent retention of 2-storey modular DC,PlanIt,2026-10-09,2026-10-09,manual-review-2026-10-09,Oldham modular data centre,
UK:Ealing/263006CONS,UK,Ealing,263006CONS,2026-07-27,,Undecided,,consultation (neighbouring authority),true,hyperscale/campus,,,,3,COLT DATA CENTRE SERVICES UK LIMITED,high,evidence chain: registered proprietor (HM Land Registry); Companies House PSC chain,,,15330854,HDCI HAYES BRIDGE LIMITED (15330854) > COLT DATA CENTRE SERVICES UK LIMITED (07306352),AGL146580; AGL3721; AGL403960; AGL53769; AGL577892; MX79683; S106,HDCI HAYES BRIDGE LIMITED (15330854) [high]; INACE LIMITED (05852058) [high]; METRO BANK PLC (06419578) [high],,,"Approval of Reserved Matters (Access, Appearance, Landscaping, Layout and Scale) pursuant to Condition 2 and details pursuant to the partial discharge of Conditions 47 (i) (Contaminated Land), 53 (i) (Public Art) and full discharge of Conditions 48 (Written Scheme of Investigation), 50 (Water Infrastructure Details), 59 (Biodiversity Net Gain), 64 (Generator and Fuel Technology), 65 (Selective Catalytic Reduction), 66 (Generator Operating Regime), 67 (Emission Reduction and Management Plan), 68 (Emissions Monitoring Plan), and 76 (Generator Emission Evidence) of Planning Permission ref. 78343/APP/2025/719, dated 20/05/2026 (Hybrid planning application for a four-phased redevelopment to deliver a data centre campus comprising of: Phase 1 - Full planning permission for (a) a data centre building; (b) energy, power, and water infrastructure; (c) site access and internal roads including a vehicular and pedestrian link between Uxbridge Road and Bullsbrook Road; (d) site security arrangements and security fencing; (e) hard and soft, green and blue, infrastructure; and (f) other ancillary and auxiliary forms of development; Phase 2 - Outline planning permission for (a) an Innovation Hub; (b) hard and soft, green and blue, infrastructure; and (c) other ancillary and auxiliary forms of development (all matters reserved); Phase 3 - Outline planning permission for (a) a data entre building; (b) energy, power, and water infrastructure; (c) internal roads; (d) site security arrangements and security fencing; (e) hard and soft, green and blue, infrastructure; and (f) other ancillary and auxiliary forms of development (all matters reserved); and Phase 4 - Outline planning permission for (a) a data centre building; (b) energy, power, and water infrastructure; (c) internal roads; (d) site security arrangements and security fencing; (e) hard and soft, green and blue, infrastructure; and (f) other ancillary and auxiliary forms of development (Out of Borough)",Hayes Bridge Retail Park And Heathrow Interchange Uxbridge Road Hayes,,,https://www.planit.org.uk/planapplic/Ealing/263006CONS/,Ealing consulted,PlanIt,2026-10-09,2026-10-09,manual-review-2026-10-09,"LON6 campus, Uxbridge Rd/Bullsbrook Rd, Hillingdon (78343/APP/2025/719)","[high] registered proprietor (HM Land Registry): HM Land Registry CCOD/OCOD Oct 2026: title MX79683 (Freehold, 'Hayes Bridge Retail Park, Uxbridge Road, Hayes (UB4 0RH)') proprietor HDCI HAYES BRIDGE LIMITED 15330854; title cited at https://planning.hillingdon.gov.uk/OcellaWeb/viewDocument?file=dv_pl_files%5C78343_APP_2026_1746%5CApplicationFormRedacted.pdf&module=pl | ""itle number(s) for the existing building(s) on the site. If the site has no title numbers, please enter 'Unregistered'. Title Number: MX79683 Title Number: AGL3721 Title Number: AGL146580 Energy Performance Certificate Number Do any of the buildings on the appli"" || [high] registered proprietor (HM Land Registry): HM Land Registry CCOD/OCOD Oct 2026: title AGL3721 (Freehold, 'Units 3 And 4, Heathrow Interchange, Bullsbrook Road, Hayes (UB4 0JR)') proprietor HDCI HAYES BRIDGE LIMITED 15330854; title cited at https://planning.hillingdon.gov.uk/OcellaWeb/viewDocument?file=dv_pl_files%5C78343_APP_2026_1746%5CApplicationFormRedacted.pdf&module=pl | ""existing building(s) on the site. If the site has no title numbers, please enter 'Unregistered'. Title Number: MX79683 Title Number: AGL3721 Title Number: AGL146580 Energy Performance Certificate Number Do any of the buildings on the application site have an En"" || [high] registered proprietor (HM Land Registry): HM Land Registry CCOD/OCOD Oct 2026: title AGL146580 (Freehold, 'Unit 1 Heathrow Interchange Park, Bullsbrook Road, Hayes (UB4 0UJ)') proprietor HDCI HAYES BRIDGE LIMITED 15330854; title cited at https://planning.hillingdon.gov.uk/OcellaWeb/viewDocument?file=dv_pl_files%5C78343_APP_2026_1746%5CApplicationFormRedacted.pdf&module=pl | ""on the site. If the site has no title numbers, please enter 'Unregistered'. Title Number: MX79683 Title Number: AGL3721 Title Number: AGL146580 Energy Performance Certificate Number Do any of the buildings on the application site have an Energy Performance Certifi"" || [high] registered proprietor (HM Land Registry): HM Land Registry CCOD/OCOD Oct 2026: title AGL53769 (Freehold, 'Land at Hayes Bridge Retail Park, Uxbridge Road, Hayes (UB4 0RH)') proprietor HDCI HAYES BRIDGE LIMITED 15330854; title cited at https://planning.hillingdon.gov.uk/OcellaWeb/viewDocument?file=dv_pl_files%5C78343_APP_2025_719%5CCompleted+-+Hayes_Bridge_S106_Agreement_-_engrossment_version.pdf20260515-588851-2im0j5.pdf&module=pl | ""the obligations in this Agreement are enforceable. 1.2. The Owner has a freehold interest in the Land registered under Title Numbers AGL3721, AGL53769, AGL146580 at the Land Registry. 1.3. On 17 March 2025, the Owner submitted the Planning Application to the Council for permission"" || https://find-and-update.company-information.service.gov.uk/company/15330854 | HDCI HAYES BRIDGE LIMITED PSC: Colt Data Centre Services Uk Limited (07306352 United Kingdom) notified 2023-12-06 || [high] registered proprietor (HM Land Registry) INACE LIMITED (05852058): HM Land Registry CCOD/OCOD Oct 2026: title AGL577892 (Freehold, 'Land on the south west side of Unit 1, Heathrow Interchange, Bullsbrook Road, Hayes (UB4 0JR)') proprietor INACE LIMITED 05852058; title cited at https://planning.hillingdon.gov.uk/OcellaWeb/viewDocument?file=dv_pl_files%5C78343_APP_2025_719%5CCompleted+-+Hayes_Bridge_S106_Agreement_-_engrossment_version.pdf20260515-588851-2im0j5.pdf&module=pl | ""as Hayes Bridge Retail Park Uxbridge Road and Heathrow Interchange Bullsbrook Road registered at HM Land Registry under title numbers AGL3721, AGL53769, AGL146580, AGL577892, and AGL403960 and shown for identification purposes only edged red on Plan 1; “Monitoring” means a survey of employees/reside"" || [high] registered proprietor (HM Land Registry) METRO BANK PLC (06419578): HM Land Registry CCOD/OCOD Oct 2026: title AGL403960 (Leasehold, 'Unit 8, Hayes Bridge Retail Park, Uxbridge Road, Hayes (UB4 0RH)') proprietor METRO BANK PLC 06419578; title cited at https://planning.hillingdon.gov.uk/OcellaWeb/viewDocument?file=dv_pl_files%5C78343_APP_2025_719%5CCompleted+-+Hayes_Bridge_S106_Agreement_-_engrossment_version.pdf20260515-588851-2im0j5.pdf&module=pl | ""as Hayes Bridge Retail Park Uxbridge Road and Heathrow Interchange Bullsbrook Road registered at HM Land Registry under title numbers AGL3721, AGL53769, AGL146580, AGL577892, and AGL403960 and shown for identification purposes only edged red on Plan 1; “Monitoring” means a survey of employees/reside"" || [high] named as party in legal agreement A. HDCI HAYES BRIDGE LIMITED (15330854): https://planning.hillingdon.gov.uk/OcellaWeb/viewDocument?file=dv_pl_files%5C78343_APP_2025_719%5CCompleted+-+Hayes_Bridge_S106_Agreement_-_engrossment_version.pdf20260515-588851-2im0j5.pdf&module=pl | ""nd is made BETWEEN: A. HDCI HAYES BRIDGE LIMITED (company registration number 15330854) a company incorpor"""
UK:Anglesey/DIS/2026/41,UK,Anglesey,DIS/2026/41,2026-07-24,,Undecided,Heb Benderfyniad / Not yet determined,conditions discharge,true,hyperscale/campus,,,,,,,,,,,,,,,,"Cais i ryddhau amod (12) (Cynllun Cyfnodoli Gwaith Tir) o ganiatâd cynllunio OP/2025/2 (ailddatblygu’r tir i gynnwys dymchwel strwythurau ac adeiladau er mwyn galluogi gwaith o adeiladu lleoliadau cyflogaeth newydd yn cynnwys canolfannau data (defnydd dosbarth B8), swyddfeydd, mannau ymchwil a datblygu (defnydd dosbarth B1) a storfa ynni batris (Defnydd unigryw). Bydd yr ailddatblygiad hefyd yn cynnwys trefniadau draenio, lleiniau caled, cadw gwaith tirlunio a gwaith tirlunio newydd ynghyd â datblygiadau cysylltiedig eraill) yn / Application to discharge condition (12) (Ground Works Phasing Plan) of planning permission OP/2025/2 (the redevelopment of land to include demolition of existing structures and buildings to allow construction of new employment floorspace including, data centres (use class B8), offices, research and development space (use class B1) and battery energy storage (Unique use). The redevelopment will also include drainage arrangements, hardstanding areas, retained and new landscaping together with other associated development) at","Parc Ffyniant, Caergybi / Prosperity Park, Holyhead",,,https://www.planit.org.uk/planapplic/Anglesey/DIS/2026/41/,Mixed employment with data centres and battery storage,PlanIt,2026-10-09,2026-10-09,manual-review-2026-10-09,Anglesey OP/2025/2 (data centres + BESS),
UK:Inverclyde/26/0136/IC,UK,Inverclyde,26/0136/IC,2026-07-22,,Undecided,,outline application,true,data centre (type not stated),,,,,,,,,Colin Lavety,,,,,,,"Planning Permission in Principle for the Erection of a Data Centre (sui generis use class) with associated road access, car parking, landscaping, drainage and all associated works.",Former IBM Site Spango Valley Inverkip Road Greenock,,,https://www.planit.org.uk/planapplic/Inverclyde/26/0136/IC/,PPP,PlanIt,2026-10-09,2026-10-09,manual-review-2026-10-09,Inverclyde 26/0136/IC,
UK:Hillingdon/18399/APP/2026/1816,UK,Hillingdon,18399/APP/2026/1816,2026-07-22,2026-09-14,Permitted,,conditions discharge,true,data centre (type not stated),,,,,VIRTUS HOLDCO LIMITED,high,evidence chain: named as Leasehold Owner in legal agreement; Companies House PSC chain,,,12698361,VIRTUS LONDON 14 LIMITED (12698361) > VIRTUS SAUNDERTON CAMPUS LIMITED (15421619) > VIRTUS DATA CENTRES PROPERTIES 2 LIMITED (15421451) > VIRTUS DATA CENTRES PROPERTIES LIMITED (09840065) > VIRTUS HOLDCO LIMITED (07670473),AGL190531; AGL594704; AGL433914 (low),PROLOGIS UK 79 LIMITED (14321098) [high]; VIRTUS LONDON 14 LIMITED (12698361) [high]; VIRTUS LONDON 5 LIMITED (10675163) [low],"Crédit Agricole Corporate and Investment Bank, Broadwalk House, 5 Appold Street, London EC2A 2DA, as Security Agent (As Security Trustee for Each of the Secured Parties)",,"Details pursuant to the partial discharge of Condition 6 part C (Tree Protection Measures) as attached to planning permission reference 18399/APP/2025/16 dated 01-09-2025 (An application submitted under Section 73 of the Town and Country Planning Act 1990 to vary Conditions 2 (Approved Drawings) and 3 (Compliance with supporting documentation) of planning permission reference 18399/APP/2022/411, dated 03-05-2023 (Installation of plant and equipment to unit DC6 including external plant equipment, external louvres and associated security fencing and landscaping, to facilitate use of the building as a data centre) to make changes to the design of the development.)",UNIT D Prologis Park STOCKLEY ROAD WEST DRAYTON UB7 9FN,,,https://www.planit.org.uk/planapplic/Hillingdon/18399/APP/2026/1816/,Fit-out of existing building as DC,PlanIt,2026-10-09,2026-10-09,manual-review-2026-10-09,Hillingdon unit DC6 (18399),"[high] named as Leasehold Owner in legal agreement: https://planning.hillingdon.gov.uk/OcellaWeb/viewDocument?file=dv_pl_files%5C18399_APP_2025_16%5CDeed+of+Variation+Section+106A+UB7+9FN.pdf&module=pl | ""e Freehold Owner'); VIRTUS LONDON 14 LIMITED incorporated and registered in England and Wales with company number 12698361 whose registered of"" || https://find-and-update.company-information.service.gov.uk/company/12698361 | VIRTUS LONDON 14 LIMITED PSC: Virtus Saunderton Campus Limited (15421619 England) notified 2026-09-22 || https://find-and-update.company-information.service.gov.uk/company/15421619 | VIRTUS SAUNDERTON CAMPUS LIMITED PSC: Virtus Data Centres Properties 2 Limited (15421451 England) notified 2024-01-17 || https://find-and-update.company-information.service.gov.uk/company/15421451 | VIRTUS DATA CENTRES PROPERTIES 2 LIMITED PSC: Virtus Data Centres Properties Limited (09840065 United Kingdom) notified 2026-09-22 || https://find-and-update.company-information.service.gov.uk/company/09840065 | VIRTUS DATA CENTRES PROPERTIES LIMITED PSC: Virtus Holdco Limited (07670473 England) notified 2016-04-06 || https://find-and-update.company-information.service.gov.uk/company/12698361/charges/SlGN5xXY4EyWaJtZrEeSXFw8JVE | charge 2026-09-22 (outstanding) to Crédit Agricole Corporate and Investment Bank, Broadwalk House, 5 Appold Street, London EC2A 2DA, as Security Agent (As Security Trustee for Each of the Secured Parties); titles AGL594704 || https://find-and-update.company-information.service.gov.uk/company/12698361/charges/7pLX0a1KL0xqfbD1Fe8Y2e7miNA | charge 2023-08-11 (fully-satisfied) to Standard Chartered Bank (Hong Kong) Limited as Security Agent and Security Trustee for the Secured Parties; titles AGL190531, MR01 || https://find-and-update.company-information.service.gov.uk/company/12698361/charges/TjVKsfvln28_CTMiRPEZCLNIoIg | charge 2023-08-11 (fully-satisfied) to Standard Chartered Bank (Hong Kong) Limited as Security Agent and Security Trustee for the Secured Parties || [high] named as Freehold Owner in legal agreement PROLOGIS UK 79 LIMITED (14321098): https://planning.hillingdon.gov.uk/OcellaWeb/viewDocument?file=dv_pl_files%5C18399_APP_2025_16%5CDeed+of+Variation+Section+106A+UB7+9FN.pdf&module=pl | ""UW ('the Council'); PROLOGIS UK 79 LIMITED incorporated and registered in England and Wales with company number 14321098 whose registered of"" || [high] registered proprietor (HM Land Registry) PROLOGIS UK 79 LIMITED (14321098): HM Land Registry CCOD/OCOD Oct 2026: title AGL190531 (Freehold, 'Plot C, Prologis Park, Stockley Road, Hayes') proprietor PROLOGIS UK 79 LIMITED 14321098; title cited at https://planning.hillingdon.gov.uk/OcellaWeb/viewDocument?file=dv_pl_files%5C18399_APP_2025_16%5CDeed+of+Variation+Section+106A+UB7+9FN.pdf&module=pl | ""bligations in this Deed are enforceable B The Freehold Owner has a freehold legal interest in the Land registered under Title Number AGL190531 at the Land Registry and the Leasehold Owner has a leasehold interest in the Land registered under Title Number AGL59470"" || [high] registered proprietor (HM Land Registry) VIRTUS LONDON 14 LIMITED (12698361): HM Land Registry CCOD/OCOD Oct 2026: title AGL594704 (Leasehold, 'Dc6, Prologis Park, Stockley Road, Hayes') proprietor VIRTUS LONDON 14 LIMITED 12698361; title cited at https://planning.hillingdon.gov.uk/OcellaWeb/viewDocument?file=dv_pl_files%5C18399_APP_2025_16%5CDeed+of+Variation+Section+106A+UB7+9FN.pdf&module=pl | ""tle Number AGL190531 at the Land Registry and the Leasehold Owner has a leasehold interest in the Land registered under Title Number AGL594704 at the Land Registry subject to a legal charge entered into between the Leaseholder and the Mortgagee dated 11' August 2"" || [low] registered proprietor (HM Land Registry) VIRTUS LONDON 5 LIMITED (10675163): HM Land Registry CCOD/OCOD Oct 2026 address match: title AGL433914 ('DC2 Prologis Park West London, Horton Road, West Drayton') proprietor VIRTUS LONDON 5 LIMITED 10675163"
UK:EastCambridgeshire/22/00580/NMAB,UK,East Cambridgeshire,22/00580/NMAB,2026-07-20,2026-08-17,Permitted,Accepted,amendment/variation,true,hyperscale/campus,,,65000,,,,,,,,,,,,,"Non material amendment to previously approved 22/00580/RMM for Reserved matters of previously approved 12/00301/VAR (To vary conditions 1,4,5,7,8,9,12 & 13 of 12/00301/VAR, for Outline planning permission for data centre buildings (Class B1) up to 65,000 sqm together with associated services, offices, infrastructure, car parking and landscaping at the Elean Business Park to enable phased development of the site",Land South Of Straw Burning Plant Elean Business Park Sutton Cambridgeshire CB6 2QE,,,https://www.planit.org.uk/planapplic/EastCambridgeshire/22/00580/NMAB/,"Up to 65,000 sqm data centre buildings (outline, 2012 origin)",PlanIt,2026-10-09,2026-10-09,manual-review-2026-10-09,"Elean Business Park, East Cambs",
UK:Brent/26/1840,UK,Brent,26/1840,2026-07-17,2026-08-07,Permitted,No Objection Raised,conditions discharge,true,data centre (type not stated),,,,,SEGRO PUBLIC LIMITED COMPANY,low (address match; check title plan),evidence chain: registered proprietor (HM Land Registry); Companies House PSC chain,,Old Oak and Park Royal Development Corporation,13276747,SEGRO (UK ENERGY) LIMITED (13276747) > SEGRO PROPERTIES LIMITED (00448911) > SEGRO PUBLIC LIMITED COMPANY (00167591),AGL637739 (low),SEGRO (UK ENERGY) LIMITED (13276747) [low],,,"Address: Unit F, 6 Premier Park Road, London, NW10 7NZ Proposal: Details of Condition 37 (Biodiversity Gain Plan) pursuant to planning permission reference 25/0196/FUMOPDC dated 03/07/2026 for Demolition of existing warehouse (Class B8) and phased redevelopment of site to provide a data centre (Class B8) comprising main data centre building and attached ancillary office, modular power room gantry, containerised generator gantry with flues, entrance pavilion, substation, boundary enclosures, internal access road, car and cycle parking, landscaping, and alterations to vehicular and pedestrian access from Premier Park Road. Reference: 26/0118/AODOPDC","Unit F, 6 Premier Park Road, London, NW10 7NZ",,,https://www.planit.org.uk/planapplic/Brent/26/1840/,,PlanIt,2026-10-09,2026-10-09,manual-review-2026-10-09,Premier Park Road NW10 (OPDC 25/0196/FUMOPDC),"[low] registered proprietor (HM Land Registry): HM Land Registry CCOD/OCOD Oct 2026 address match: title AGL637739 ('airspace above the roof of Unit 12, Premier Park Road, London (NW10 7NZ)') proprietor SEGRO (UK ENERGY) LIMITED 13276747 || https://find-and-update.company-information.service.gov.uk/company/13276747 | SEGRO (UK ENERGY) LIMITED PSC: Segro Properties Limited (00448911 United Kingdom) notified 2021-03-18 || https://find-and-update.company-information.service.gov.uk/company/00448911 | SEGRO PROPERTIES LIMITED PSC: Segro Plc (00167591 England And Wales) notified 2016-04-06"
UK:Bucks/PL/26/05748/EIASO,UK,Buckinghamshire,PL/26/05748/EIASO,2026-07-17,,Undecided,,EIA screening/scoping,true,data centre (type not stated),,,,,,,,,,,,,,,,Request for an EIA Scoping Opinion under Regulation 6 of the Town and Country Planning (Environmental Impact Assessment) Regulations 2017 (as amended) for a new Data Centre,Land West Of Ridgeway Distribution Centre The Ridgeway Iver Buckinghamshire,,,https://www.planit.org.uk/planapplic/Bucks/PL/26/05748/EIASO/,Same wording as Slough SMI/2026/20; possibly cross-boundary,PlanIt,2026-10-09,2026-10-09,manual-review-2026-10-09,"Ridgeway Distribution Centre, Iver (Slough SMI/2026/20)",
UK:Brent/26/1841,UK,Brent,26/1841,2026-07-17,2026-08-07,Rejected,Objection Raised,conditions discharge,true,data centre (type not stated),,,,,SEGRO PUBLIC LIMITED COMPANY,low (address match; check title plan),evidence chain: registered proprietor (HM Land Registry); Companies House PSC chain,,Old Oak and Park Royal Development Corporation,13276747,SEGRO (UK ENERGY) LIMITED (13276747) > SEGRO PROPERTIES LIMITED (00448911) > SEGRO PUBLIC LIMITED COMPANY (00167591),AGL637739 (low),SEGRO (UK ENERGY) LIMITED (13276747) [low],,,"Address: Unit F, 6 Premier Park Road, London, NW10 7NZ Proposal: Details of Conditions 7 (Construction Logistics Plan), 8 (Construction and Environmental Management Plan) and 9 (Site Waste Management Plan) pursuant to planning permission reference 25/0196/FUMOPDC dated 03/07/2026 for Demolition of existing warehouse (Class B8) and phased redevelopment of site to provide a data centre (Class B8) comprising main data centre building and attached ancillary office, modular power room gantry, containerised generator gantry with flues, entrance pavilion, substation, boundary enclosures, internal access road, car and cycle parking, landscaping, and alterations to vehicular and pedestrian access from Premier Park Road. Reference: 26/0122/AODOPDC","Unit F, 6 Premier Park Road, London, NW10 7NZ",,,https://www.planit.org.uk/planapplic/Brent/26/1841/,Brent objected to CLP/CEMP details,PlanIt,2026-10-09,2026-10-09,manual-review-2026-10-09,Premier Park Road NW10 (OPDC 25/0196/FUMOPDC),"[low] registered proprietor (HM Land Registry): HM Land Registry CCOD/OCOD Oct 2026 address match: title AGL637739 ('airspace above the roof of Unit 12, Premier Park Road, London (NW10 7NZ)') proprietor SEGRO (UK ENERGY) LIMITED 13276747 || https://find-and-update.company-information.service.gov.uk/company/13276747 | SEGRO (UK ENERGY) LIMITED PSC: Segro Properties Limited (00448911 United Kingdom) notified 2021-03-18 || https://find-and-update.company-information.service.gov.uk/company/00448911 | SEGRO PROPERTIES LIMITED PSC: Segro Plc (00167591 England And Wales) notified 2016-04-06"
UK:OldOakParkRoyal/26/0122/AODOPDC,UK,Old Oak Park Royal,26/0122/AODOPDC,2026-07-14,2026-09-07,Permitted,Approve,conditions discharge,true,data centre (type not stated),,,,,SEGRO PUBLIC LIMITED COMPANY,low (address match; check title plan),evidence chain: registered proprietor (HM Land Registry); Companies House PSC chain,,,13276747,SEGRO (UK ENERGY) LIMITED (13276747) > SEGRO PROPERTIES LIMITED (00448911) > SEGRO PUBLIC LIMITED COMPANY (00167591),AGL637739 (low),SEGRO (UK ENERGY) LIMITED (13276747) [low],,,"Partial details of Conditions 7 (Construction Logistics Plan), 8 (Construction and Environmental Management Plan) and 9 (Site Waste Management Plan) in respect of the substation, pursuant to planning permission reference 25/0196/FUMOPDC dated 03/07/2026 for Demolition of existing warehouse (Class B8) and phased redevelopment of site to provide a data centre (Class B8) comprising main data centre building and attached ancillary office, modular power room gantry, containerised generator gantry with flues, entrance pavilion, substation, boundary enclosures, internal access road, car and cycle parking, landscaping, and alterations to vehicular and pedestrian access from Premier Park Road.","Unit F, 6, Premier Park Road, LONDON, NW10 7NZ",,,https://www.planit.org.uk/planapplic/OldOakParkRoyal/26/0122/AODOPDC/,,PlanIt,2026-10-09,2026-10-09,manual-review-2026-10-09,Premier Park Road NW10 (OPDC 25/0196/FUMOPDC),"[low] registered proprietor (HM Land Registry): HM Land Registry CCOD/OCOD Oct 2026 address match: title AGL637739 ('airspace above the roof of Unit 12, Premier Park Road, London (NW10 7NZ)') proprietor SEGRO (UK ENERGY) LIMITED 13276747 || https://find-and-update.company-information.service.gov.uk/company/13276747 | SEGRO (UK ENERGY) LIMITED PSC: Segro Properties Limited (00448911 United Kingdom) notified 2021-03-18 || https://find-and-update.company-information.service.gov.uk/company/00448911 | SEGRO PROPERTIES LIMITED PSC: Segro Plc (00167591 England And Wales) notified 2016-04-06"
UK:Hillingdon/78343/APP/2026/1746,UK,Hillingdon,78343/APP/2026/1746,2026-07-13,,Undecided,,reserved matters,true,hyperscale/campus,,,,3,COLT DATA CENTRE SERVICES UK LIMITED,high,evidence chain: registered proprietor (HM Land Registry); Companies House PSC chain,,,15330854,HDCI HAYES BRIDGE LIMITED (15330854) > COLT DATA CENTRE SERVICES UK LIMITED (07306352),AGL146580; AGL3721; AGL403960; AGL53769; AGL577892; MX79683; S106,HDCI HAYES BRIDGE LIMITED (15330854) [high]; INACE LIMITED (05852058) [high]; METRO BANK PLC (06419578) [high],,,"Approval of Reserved Matters (Access, Appearance, Landscaping, Layout and Scale) pursuant to Condition 2 for Phase 2 (Innovation Hub) only, details pursuant to the partial discharge of Conditions 47 (i) (Phase 2: Innovation Hub - Contaminated Land), 53 (i) (Phase 2: Innovation Hub - Public Art) and details pursuant to the full discharge of Conditions 48 (Phase 2: Innovation Hub - Written Scheme of Investigation), 50 (Phase 2: Innovation Hub - Water Infrastructure Details), 59 (Phase 2: Innovation Hub - Biodiversity Net Gain), 64 (Phase 2: Innovation Hub - Generator and Fuel Technology), 65 (Phase 2: Innovation Hub - Selective Catalytic Reduction), 66 (Phase 2: Innovation Hub - Generator Operating Regime), 67 (Phase 2: Innovation Hub - Emission Reduction and Management Plan), 68 (Phase 2: Innovation Hub - Emissions Monitoring Plan) and 76 (Phase 2: Innovation Hub - Generator Emission Evidence) as attached to planning permission ref. 78343/APP/2025/719, dated 20-05-2026 (Hybrid planning application for a four-phased redevelopment to deliver a data centre campus comprising of: Phase 1 - Full planning permission for (a) a data centre building; (b) energy, power, and water infrastructure; (c) site access and internal roads including a vehicular and pedestrian link between Uxbridge Road and Bullsbrook Road; (d) site security arrangements and security fencing; (e) hard and soft, green and blue, infrastructure; and (f) other ancillary and auxiliary forms of development; Phase 2 - Outline planning permission for (a) an Innovation Hub; (b) hard and soft, green and blue, infrastructure; and (c) other ancillary and auxiliary forms of development (all matters reserved); Phase 3 - Outline planning permission for (a) a data centre building; (b) energy, power, and water infrastructure; (c) internal roads; (d) site security arrangements and security fencing; (e) hard and soft, green and blue, infrastructure; and (f) other ancillary and auxiliary forms of development (all matters reserved); and Phase 4 - Outline planning permission for (a) a data centre building; (b) energy, power, and water infrastructure; (c) internal roads; (d) site security arrangements and security fencing; (e) hard and soft, green and blue, infrastructure; and (f) other ancillary and auxiliary forms of development (all matters reserved).) This is a subsequent application for development subject to an Environment Impact Assessment.",Hayes Bridge Retail Park and Heathrow Interchange UXBRIDGE ROAD HAYES UB4 0RH,,,https://www.planit.org.uk/planapplic/Hillingdon/78343/APP/2026/1746/,RM for Phase 2 innovation hub,PlanIt,2026-10-09,2026-10-09,manual-review-2026-10-09,"LON6 campus, Uxbridge Rd/Bullsbrook Rd, Hillingdon (78343/APP/2025/719)","[high] registered proprietor (HM Land Registry): HM Land Registry CCOD/OCOD Oct 2026: title MX79683 (Freehold, 'Hayes Bridge Retail Park, Uxbridge Road, Hayes (UB4 0RH)') proprietor HDCI HAYES BRIDGE LIMITED 15330854; title cited at https://planning.hillingdon.gov.uk/OcellaWeb/viewDocument?file=dv_pl_files%5C78343_APP_2026_1746%5CApplicationFormRedacted.pdf&module=pl | ""itle number(s) for the existing building(s) on the site. If the site has no title numbers, please enter 'Unregistered'. Title Number: MX79683 Title Number: AGL3721 Title Number: AGL146580 Energy Performance Certificate Number Do any of the buildings on the appli"" || [high] registered proprietor (HM Land Registry): HM Land Registry CCOD/OCOD Oct 2026: title AGL3721 (Freehold, 'Units 3 And 4, Heathrow Interchange, Bullsbrook Road, Hayes (UB4 0JR)') proprietor HDCI HAYES BRIDGE LIMITED 15330854; title cited at https://planning.hillingdon.gov.uk/OcellaWeb/viewDocument?file=dv_pl_files%5C78343_APP_2026_1746%5CApplicationFormRedacted.pdf&module=pl | ""existing building(s) on the site. If the site has no title numbers, please enter 'Unregistered'. Title Number: MX79683 Title Number: AGL3721 Title Number: AGL146580 Energy Performance Certificate Number Do any of the buildings on the application site have an En"" || [high] registered proprietor (HM Land Registry): HM Land Registry CCOD/OCOD Oct 2026: title AGL146580 (Freehold, 'Unit 1 Heathrow Interchange Park, Bullsbrook Road, Hayes (UB4 0UJ)') proprietor HDCI HAYES BRIDGE LIMITED 15330854; title cited at https://planning.hillingdon.gov.uk/OcellaWeb/viewDocument?file=dv_pl_files%5C78343_APP_2026_1746%5CApplicationFormRedacted.pdf&module=pl | ""on the site. If the site has no title numbers, please enter 'Unregistered'. Title Number: MX79683 Title Number: AGL3721 Title Number: AGL146580 Energy Performance Certificate Number Do any of the buildings on the application site have an Energy Performance Certifi"" || [high] registered proprietor (HM Land Registry): HM Land Registry CCOD/OCOD Oct 2026: title AGL53769 (Freehold, 'Land at Hayes Bridge Retail Park, Uxbridge Road, Hayes (UB4 0RH)') proprietor HDCI HAYES BRIDGE LIMITED 15330854; title cited at https://planning.hillingdon.gov.uk/OcellaWeb/viewDocument?file=dv_pl_files%5C78343_APP_2025_719%5CCompleted+-+Hayes_Bridge_S106_Agreement_-_engrossment_version.pdf20260515-588851-2im0j5.pdf&module=pl | ""the obligations in this Agreement are enforceable. 1.2. The Owner has a freehold interest in the Land registered under Title Numbers AGL3721, AGL53769, AGL146580 at the Land Registry. 1.3. On 17 March 2025, the Owner submitted the Planning Application to the Council for permission"" || https://find-and-update.company-information.service.gov.uk/company/15330854 | HDCI HAYES BRIDGE LIMITED PSC: Colt Data Centre Services Uk Limited (07306352 United Kingdom) notified 2023-12-06 || [high] registered proprietor (HM Land Registry) INACE LIMITED (05852058): HM Land Registry CCOD/OCOD Oct 2026: title AGL577892 (Freehold, 'Land on the south west side of Unit 1, Heathrow Interchange, Bullsbrook Road, Hayes (UB4 0JR)') proprietor INACE LIMITED 05852058; title cited at https://planning.hillingdon.gov.uk/OcellaWeb/viewDocument?file=dv_pl_files%5C78343_APP_2025_719%5CCompleted+-+Hayes_Bridge_S106_Agreement_-_engrossment_version.pdf20260515-588851-2im0j5.pdf&module=pl | ""as Hayes Bridge Retail Park Uxbridge Road and Heathrow Interchange Bullsbrook Road registered at HM Land Registry under title numbers AGL3721, AGL53769, AGL146580, AGL577892, and AGL403960 and shown for identification purposes only edged red on Plan 1; “Monitoring” means a survey of employees/reside"" || [high] registered proprietor (HM Land Registry) METRO BANK PLC (06419578): HM Land Registry CCOD/OCOD Oct 2026: title AGL403960 (Leasehold, 'Unit 8, Hayes Bridge Retail Park, Uxbridge Road, Hayes (UB4 0RH)') proprietor METRO BANK PLC 06419578; title cited at https://planning.hillingdon.gov.uk/OcellaWeb/viewDocument?file=dv_pl_files%5C78343_APP_2025_719%5CCompleted+-+Hayes_Bridge_S106_Agreement_-_engrossment_version.pdf20260515-588851-2im0j5.pdf&module=pl | ""as Hayes Bridge Retail Park Uxbridge Road and Heathrow Interchange Bullsbrook Road registered at HM Land Registry under title numbers AGL3721, AGL53769, AGL146580, AGL577892, and AGL403960 and shown for identification purposes only edged red on Plan 1; “Monitoring” means a survey of employees/reside"" || [high] named as party in legal agreement A. HDCI HAYES BRIDGE LIMITED (15330854): https://planning.hillingdon.gov.uk/OcellaWeb/viewDocument?file=dv_pl_files%5C78343_APP_2025_719%5CCompleted+-+Hayes_Bridge_S106_Agreement_-_engrossment_version.pdf20260515-588851-2im0j5.pdf&module=pl | ""nd is made BETWEEN: A. HDCI HAYES BRIDGE LIMITED (company registration number 15330854) a company incorpor"""
UK:Glamorgan/2023/00780/1/NMA,UK,Glamorgan,2023/00780/1/NMA,2026-07-13,2026-09-17,Withdrawn,Withdrawn,amendment/variation,true,data centre (type not stated),,,,,,,,,,,,,,,,"Non Material Amendment to amend the wording of Conditions 2 and 6 to facilitate minor adjustments to the approved Remediation Strategy of Planning Ref 2023/00780/FUL: Demolition of existing buildings/structures and erection of a Class B8 data centre with all associated back-up generators, plant, equipment, sub-stations, accesses, parking and servicing areas, drainage and engineering works including services diversion/connection and regrading works.","Land North of Ffordd Bro Tathan, St Athan",,,https://www.planit.org.uk/planapplic/Glamorgan/2023/00780/1/NMA/,NMA withdrawn; parent permission for B8 DC,PlanIt,2026-10-09,2026-10-09,manual-review-2026-10-09,Vale of Glamorgan 2023/00780/FUL,
UK:EppingForest/EPF/1344/26,UK,Epping Forest,EPF/1344/26,2026-07-09,2026-08-14,Permitted,Approve,conditions discharge,true,data centre (type not stated),,,,,,,,,,,,,,,,Approval of Details Reserved by Condition 14 (Secure by Design) of EPF/1165/22 & EPF/0388/26 (New Data Centre).,"Alandale Scaffolding, Langston Road, Loughton IG10 3SL",,,https://www.planit.org.uk/planapplic/EppingForest/EPF/1344/26/,,PlanIt,2026-10-09,2026-10-09,manual-review-2026-10-09,Epping Forest EPF/1165/22,
UK:ScottishBorders/26/01031/SCO,UK,Scottish Borders,26/01031/SCO,2026-07-08,2026-08-31,Permitted,Screening/Scoping Opinion Issued,EIA screening/scoping,true,hyperscale/campus,,,,3,,,,,James Lightbody,,,,,,,Erection of data centre comprising of three data centre buildings with associated infrastucture,Southside Data Centre Land At Clawbare Cottage Longformacus Scottish Borders,,,https://www.planit.org.uk/planapplic/ScottishBorders/26/01031/SCO/,Three DC buildings,PlanIt,2026-10-09,2026-10-09,manual-review-2026-10-09,"Scottish Borders DC (25/01835, 26/00809, 26/01031)",
UK:NorthLanarkshire/26/00803/MSC,UK,North Lanarkshire,26/00803/MSC,2026-07-06,,Undecided,,conditions discharge,true,data centre (type not stated),,,,1,,,,,,,,,,,,"Submission of Details Required by Conditions 1(a): Lighting and Infrastructure to Service a Heat Network, 1(b) Site Access, 1(c) Layout including all Roads, Footways and Parking 1(e) Biodiversity Enhancements, 1(f) Boundary Walls/Fences, 9: Lighting Affecting Trunk Road, 10: Landscaping at Trunk Road, 11: Barriers at Trunk Road, 15: Transportation Requirements, 17: Heat Network Feasibility of Permission 25/01159/PPP (New Data Centre Building, Associated Plant, Car Parking Provision and Gated Access)",Land Adjacent To York Road Chapelhall North Lanarkshire ML6 8HW,,,https://www.planit.org.uk/planapplic/NorthLanarkshire/26/00803/MSC/,Heat network feasibility condition,PlanIt,2026-10-09,2026-10-09,manual-review-2026-10-09,North Lanarkshire 25/01159/PPP,
UK:NorthLincs/PA/SCR/2026/752,UK,North Lincs,PA/SCR/2026/752,2026-07-01,,,,EIA screening/scoping,true,data centre (type not stated),,,,,,,,,,,,,,,,"EIA screening request for the construction of data centre buildings with associated solar farm, including installation of external plant equipment and structures, landscaping and other associated ancillary works.’","Land east of Normanby Road, SCUNTHORPE, DN15 9BE",,,https://www.planit.org.uk/planapplic/NorthLincs/PA/SCR/2026/752/,DC buildings with associated solar farm,PlanIt,2026-10-09,2026-10-09,manual-review-2026-10-09,North Lincolnshire PA/SCR/2026/752,
UK:EppingForest/EPF/1288/26,UK,Epping Forest,EPF/1288/26,2026-06-30,2026-08-12,Permitted,Approve,conditions discharge,true,data centre (type not stated),,,,,,,,,,,,,,,,Approval of Details Reserved by Condition 6 (Archaeology) of EPF/1165/22 & EPF/0388/26 (New Data Centre) (Revised App to EPF/0352/26).,"Alandale Scaffolding, Langston Road, Loughton IG10 3SL",,,https://www.planit.org.uk/planapplic/EppingForest/EPF/1288/26/,,PlanIt,2026-10-09,2026-10-09,manual-review-2026-10-09,Epping Forest EPF/1165/22,
UK:NorthTyneside/26/00944/ADJLPA,UK,North Tyneside,26/00944/ADJLPA,2026-06-26,2026-07-27,Permitted,No Objection adjacent LA consultation,consultation (neighbouring authority),true,hyperscale/campus,,,356500,,,,,,,,,,,,,"Consultation on outline planning permission, with all matters reserved except access (26/02160/OUTES) for a Data Centre facility (Use Class B8) totalling up to 356,500sqm gross internal area with ancillary power generation (up to 49.9MW), including Data Centre buildings, ancillary offices, substations, power plant, emergency generators, and associated site infrastructure, landscape, engineering and drainage works",Land North West Of High Brocklands Brock Lane West Sleekburn Northumberland,,,https://www.planit.org.uk/planapplic/NorthTyneside/26/00944/ADJLPA/,"Up to 356,500 sqm GIA; on-site power generation up to 49.9MW (generation, not IT load)",PlanIt,2026-10-09,2026-10-09,manual-review-2026-10-09,Northumberland 26/02160/OUTES,
UK:Bucks/PL/26/05185/ADJ,UK,Buckinghamshire,PL/26/05185/ADJ,2026-06-24,2026-07-17,Withdrawn,Not proceeded with,consultation (neighbouring authority),true,data centre (type not stated),,,,2,,,,,,,,,,,,"Consultation from Slough Borough Council on application P/19953/004 Full planning permission for new emergency access route via Hollow Hill Lane, landscaping, boundary treatment and access gates forming part of the cross-boundary application (ref: PL/25/4316/FA) with Buckinghamshire Council for - Demolition of the existing building and structures on site, and all other associated site clearance works. Construction of two data centre buildings (Class B8) with ancillary offices, associated plant, equipment and emergency backup generators, ancillary buildings and substation. The development also comprises internal circulation areas, emergency access route onto Hollow Hill Lane, car and cycle parking, hard and soft landscaping and other associated works and ancillary site infrastructure",Land at Thorney Business Park Thorney Lane Iver SL0 9HF,,,https://www.planit.org.uk/planapplic/Bucks/PL/26/05185/ADJ/,"Emergency access application, not proceeded with",PlanIt,2026-10-09,2026-10-09,manual-review-2026-10-09,"Thorney Business Park, Iver (PL/25/4316/FA)",
UK:Bromley/26/02508/EIA,UK,Bromley,26/02508/EIA,2026-06-19,2026-07-20,Permitted,EIA REQUIRED,EIA screening/scoping,true,data centre (type not stated),,,,,,,,,,,,,,,,Screening Opinion pursuant to the Town and Country Planning (Environmental Impact Assessment) Regulations 2017 (as amended) (the 'EIA Regulations') for a Data Centre,"CHARMWOOD FARM, CHARMWOOD LANE, ORPINGTON, BR6 7SA",,,https://www.planit.org.uk/planapplic/Bromley/26/02508/EIA/,EIA required,PlanIt,2026-10-09,2026-10-09,manual-review-2026-10-09,Bromley 26/02508/EIA,
UK:Newport/26/0448,UK,Newport,26/0448,2026-06-15,2026-07-27,Permitted,Approved,conditions discharge,true,data centre (type not stated),,,,2,MSFT MCIO LIMITED,low (address match; check title plan),evidence chain: registered proprietor (HM Land Registry); Companies House PSC chain,,Carter Jonas LLP,09616816,MSFT MCIO LIMITED (09616816),CYM671910 (low); CYM770168 (low); CYM804925 (low),MSFT MCIO LIMITED (09616816) [low]; VANTAGE DATA CENTERS UK LIMITED (06132144) [low]; VANTAGE DATA CENTRES UK LIMITED (06132144) [low],,,"PARTIAL DISCHARGE OF CONDITION 14 (AIR QUALITY MANAGEMENT PLAN) OF 25/0379 S73 APPLICATION TO VARY CONDITIONS 1 (APPROVED PLANS), 3 (LANDSCAPING), 4 (LEMP), 15 (PARKING), 16 (CYCLE STORAGE DETAILS), 17 (FOUL DRAINAGE) AND TO REMOVE CONDITION 6 (DORMICE METHOD STATEMENT) OF 24/0006 DEMOLITION OF REMAINDER OF EXISTING PRINCIPAL BUILDING AND REMAINING STRUCTURES AND CONSTRUCTION OF NEW DATA CENTRE (USE CLASS B8) ACROSS TWO MAIN BUILDINGS PLUS ANCILLARY STRUCTURES ANDS OTHER ASSOCIATED WORKS. AMENDMENTS INCLUDE CHANGES TO LAYOUT AND LANDSCAPING TO ACCOMMODATE SAB REQUIREMENTS, AMENDMENTS AND ADDITIONS TO ADMIN AND DATA HALL BUILDINGS, DESIGN AND SPECIFICATION OF GENERATORS, REVISIONS TO EXTERNAL LIGHTING AND REVISED DETAILS OF ANCILLARY STRUCTURES INCLUDING NEW CONDITION FOR FUTURE PRIMARY SUBSTATION",Quinn Radiators Celtic Way Celtic Lakes Newport NP10 8FS,,,https://www.planit.org.uk/planapplic/Newport/26/0448/,,PlanIt,2026-10-09,2026-10-09,manual-review-2026-10-09,Newport 24/0006,"[low] registered proprietor (HM Land Registry): HM Land Registry CCOD/OCOD Oct 2026 address match: title CYM770168 ('Data Hall GF20 and GF21, NGD Celtic Technology Centre, Celtic Way, Newport (NP10 8BE)') proprietor MSFT MCIO LIMITED 09616816 || [low] registered proprietor (HM Land Registry) VANTAGE DATA CENTERS UK LIMITED (06132144): HM Land Registry CCOD/OCOD Oct 2026 address match: title CYM804925 ('First Floor, Phase 1, Hynix Fab. Building, Celtic Way, Newport (NP10 8BE)') proprietor VANTAGE DATA CENTERS UK LIMITED 06132144 || [low] registered proprietor (HM Land Registry) VANTAGE DATA CENTRES UK LIMITED (06132144): HM Land Registry CCOD/OCOD Oct 2026 address match: title CYM671910 ('Ground Floor, Hynix Fab. Building, Celtic Way, Celtic Lakes, Newport (NP10 8BE)') proprietor VANTAGE DATA CENTRES UK LIMITED 06132144"
UK:Hillingdon/49261/APP/2026/1445,UK,Hillingdon,49261/APP/2026/1445,2026-06-10,2026-07-31,Permitted,,conditions discharge,true,data centre (type not stated),,,,1,"Amazon.Com, Inc.",high,evidence chain: registered proprietor (HM Land Registry); Companies House PSC chain,,,09959151,"AMAZON DATA SERVICES UK LIMITED (09959151) > Amazon.Com, Inc. (no number, Us Law)",NGL86823,AMAZON DATA SERVICES UK LIMITED (09959151) [high],,,"Details pursuant to the discharge of Condition 19 (Detailed Landscape Scheme) of planning permission ref. 49261/APP/2024/2904 dated 12-03-2026 (Demolition of the existing building and structures on site, and all other associated site clearance works. Construction of a data centre building (Class B8) with plant at roof level with an emergency generator (1no.) and associated flue (provided within an external compound adjoining the data centre building), sprinkler tank and pumphouse, security guard house, and provision of one kiosk substation and MV Building. The development also comprises the construction of a new access and internal road and circulation areas, footpaths, provision of car and bicycle parking, hard and soft landscaping and other associated works and ancillary site infrastructure.)","UNIT 4, SILVERDALE INDUSTRIAL ESTATE SILVERDALE ROAD HAYES",,,https://www.planit.org.uk/planapplic/Hillingdon/49261/APP/2026/1445/,,PlanIt,2026-10-09,2026-10-09,manual-review-2026-10-09,Hillingdon 49261/APP/2024/2904,"[high] registered proprietor (HM Land Registry): HM Land Registry CCOD/OCOD Oct 2026: title NGL86823 (Freehold, 'Unit 4, Trinity Trading Estate, Silverdale Road, Hayes (UB3 3BN)') proprietor AMAZON DATA SERVICES UK LIMITED 09959151; title cited at https://planning.hillingdon.gov.uk/OcellaWeb/viewDocument?file=dv_pl_files%5C49261_APP_2024_2904%5CApplicationFormRedacted.pdf&module=pl | ""itle number(s) for the existing building(s) on the site. If the site has no title numbers, please enter 'Unregistered'. Title Number: NGL86823 Energy Performance Certificate Number Do any of the buildings on the application site have an Energy Performance Certifi"" || https://find-and-update.company-information.service.gov.uk/company/09959151 | AMAZON DATA SERVICES UK LIMITED PSC: Amazon.Com, Inc. ( Us Law) notified 2016-04-06"
UK:NorthTyneside/26/00806/ADJLPA,UK,North Tyneside,26/00806/ADJLPA,2026-06-05,2026-06-19,Permitted,No Objection adjacent LA consultation,consultation (neighbouring authority),true,hyperscale/campus,,,,,RENAISSANCE LAND LIMITED (individual PSC: Stephen Schwarzman),high,evidence chain: named as Owner in legal agreement; Companies House PSC chain,,,14433976,RENAISSANCE LAND LIMITED (14433976),ND115455; ND116185; ND210681,RENAISSANCE LAND LIMITED (14433976) [high],,,"Reserved matters application for landscaping and layout on approved application 24/04112/OUTES for phase C enabling works including site preparation, earthworks, removal of PFA mounds and other works required prior to construction and operation of data centre campus",Land At Former Power Station Site On Northern Side Of Cambois Northumberland,,,https://www.planit.org.uk/planapplic/NorthTyneside/26/00806/ADJLPA/,Phase C enabling works,PlanIt,2026-10-09,2026-10-09,manual-review-2026-10-09,"Cambois data centre campus, Northumberland","[high] named as Owner in legal agreement: https://publicaccess.northumberland.gov.uk/online-applications/files/04DA9578A88BD9B2EEAD899048FF31B5/pdf/24_04112_OUTES-S106-2847648.pdf | ""e Council'); and 2. RENAISSANCE LAND LIMITED incorporated and registered in England and Wales with company number 14433976 whose registered of"" || [high] registered proprietor (HM Land Registry) RENAISSANCE LAND LIMITED (14433976): HM Land Registry CCOD/OCOD Oct 2026: title ND116185 (Freehold, 'Blyth Power Station, Cambois, Blyth') proprietor RENAISSANCE LAND LIMITED 14433976; title cited at https://publicaccess.northumberland.gov.uk/online-applications/files/04DA9578A88BD9B2EEAD899048FF31B5/pdf/24_04112_OUTES-S106-2847648.pdf | ""d are enforceable. B. The Owner is the registered freehold proprietor of the Site registered at the Land Registry under title numbers ND116185; ND210681; and ND115455. C. The Owner submitted the Application to the Council in respect of the Development of the Application Land which was"" || [low] portal applicant (name only): https://publicaccess.northumberland.gov.uk/online-applications/applicationDetails.do?keyVal=TKF3ESQSGWV00&activeTab=details | Applicant Name: ""Renaissance Land Limited"" || [low] portal applicant (name only): https://publicaccess.northumberland.gov.uk/online-applications/applicationDetails.do?keyVal=TJWMVVQSGMV00&activeTab=details | Applicant Name: ""Renaissance Land Limited"""
UK:EastCambridgeshire/22/00580/NMAA,UK,East Cambridgeshire,22/00580/NMAA,2026-06-04,2026-07-01,Withdrawn,Withdraw,amendment/variation,true,hyperscale/campus,,,65000,,,,,,,,,,,,,"Non material amendment to previously approved 22/00580/RMM for Reserved matters of previously approved 12/00301/VAR (To vary conditions 1,4,5,7,8,9,12 & 13 of 12/00301/VAR, for Outline planning permission for data centre buildings (Class B1) up to 65,000 sqm together with associated services, offices, infrastructure, car parking and landscaping at the Elean Business Park to enable phased development of the site)",Land South Of Straw Burning Plant Elean Business Park Sutton Cambridgeshire CB6 2QE,,,https://www.planit.org.uk/planapplic/EastCambridgeshire/22/00580/NMAA/,NMA withdrawn,PlanIt,2026-10-09,2026-10-09,manual-review-2026-10-09,"Elean Business Park, East Cambs",
UK:NorthLanarkshire/26/00707/EIASCR,UK,North Lanarkshire,26/00707/EIASCR,2026-06-04,2026-06-19,Permitted,EIA Not Required,EIA screening/scoping,true,data centre (type not stated),,,,,,,,,,,,,,,,"Proposed Data Centre Development and Associated Landscaping, Access Works and Other Infrastructure",Land At Lancaster Avenue Chapelhall North Lanarkshire,,,https://www.planit.org.uk/planapplic/NorthLanarkshire/26/00707/EIASCR/,EIA not required,PlanIt,2026-10-09,2026-10-09,manual-review-2026-10-09,North Lanarkshire 26/00707/EIASCR,
UK:CentralBedfordshire/CB/26/01772/DOC,UK,Central Bedfordshire,CB/26/01772/DOC,2026-06-03,,Undecided,,,false,not data centre,,,,,,,,,,,,,,,,"Discharge of Conditions 2 to 6, 15, 17 to 21, 23 and 24 against planning permission ref. CB/25/03400/RM (Reserved Matters: following Outline application CB/12/03613/OUT (Outline planning permission with the details of access, appearance, landscaping, layout and scale reserved for later determination. Development to comprise: up to 5,150 dwellings (Use Class C3); up to 202,500 sqm gross of additional development in Use Classes: A1, A2, A3 (retail), A4 (public house), A5 (take away); B1, B2, B8 (offices, industrial and storage and distribution); C1 (hotel), C2 (care home), D1 and D2 (community and leisure); car showroom; data centre; petrol filling station; car parking; primary substation; energy centre; and for the laying out of the buildings; routes and open spaces within the development; and all associated works and operations including but not limited to: demolition; earthworks; engineering operations. All development, works and operations to be in accordance with the Development Parameters Schedule and Plans.). Approval of Access, Appearance, Landscaping, Layout and Scale for 259 dwellings and associated works.)","Phase 4, Parcels 4 and 5 - Houghton Regis North Site 1, Land on the northern edge of Houghton Regis",,,https://www.planit.org.uk/planapplic/CentralBedfordshire/CB/26/01772/DOC/,"5,150-home mixed-use outline lists data centre as one permitted use; RM is for housing",PlanIt,2026-10-09,2026-10-09,manual-review-2026-10-09,,
UK:WhiteHorse/P26/V1969/LDD,UK,Vale of White Horse,P26/V1969/LDD,2026-06-01,2026-07-01,Withdrawn,Withdrawn,conditions discharge,true,hyperscale/campus,,,110000,,CRYSTAL REEF VENTURES (individual PSC: Mr Piers Alexander Slater),high,evidence chain: named as Interested Party in legal agreement; Companies House PSC chain,,Montagu Evans,12800908,DIGITAL REEF LIMITED (12800908) > REEF ORIGIN LIMITED (15507274) > CRYSTAL REEF LIMITED (12419605) > CRYSTAL REEF VENTURES (16994612),ON115251; ON125529; ON191257; ON191270; ON197829; ON198020; ON198021; ON198023; ON198126; ON227970; ON237289; ON237729; ON268935; ON304278; ON382692; ON63086; ON66390; ONI98023; ONI98126; ON395674 (low); ON395676 (low),FCC ENVIRONMENT (UK) LIMITED (02902416) [high]; HANSON QUARRY PRODUCTS EUROPE LIMITED (00300002) [high]; HARTWRIGHT ESTATES LIMITED (03394946) [high]; INFINIS LIMITED (05719060) [high]; ON TOWER UK 2 LIMITED (02973983) [high]; QAREN VENTURES FOUR LIMITED (no number) [high],,,"Discharge of condition B6 - CEMP LHR05 on application ref. P17/V2490/LDO Local Development Order for Didcot Technology Park for up to 115,000 sqm total floorspace, comprising up to 110,000 sqm data centre, 20,000 sqm battery storage, 5,000 sqm B2 industrial incl. waste facility.",Land to the North of A4130 Hill Farm Abingdon OX14 4PJ,,,https://www.planit.org.uk/planapplic/WhiteHorse/P26/V1969/LDD/,"LDO up to 110,000 sqm DC + 20,000 sqm battery storage; building refs LHR04/LHR05",PlanIt,2026-10-09,2026-10-09,manual-review-2026-10-09,Didcot Technology Park LDO (P17/V2490/LDO),"[high] named as Interested Party in legal agreement: https://valeofwhitehorse.planning-register.co.uk/Document/GetFileBinary#112450/262979.0000/3.0000 | ""d REEF ESTATES LIMITED (Company Number 04302220) whose registered office address is at 13-14 Welbeck Street, London, England, W1G 9XU and DIGITAL REEF LIMITED (Company Number 12800908) whose registered office address is at 13-14 Welbeck Street, London, England, W1G 9XU (together “Interested Party”) "" || https://find-and-update.company-information.service.gov.uk/company/12800908 | DIGITAL REEF LIMITED PSC: Reef Origin Limited (15507274 England) notified 2025-04-24 || https://find-and-update.company-information.service.gov.uk/company/15507274 | REEF ORIGIN LIMITED PSC: Crystal Reef Limited (12419605 United Kingdom) notified 2025-03-07 || https://find-and-update.company-information.service.gov.uk/company/12419605 | CRYSTAL REEF LIMITED PSC: Crystal Reef Ventures (16994612 England And Wales) notified 2026-02-12 || [high] named as Second Owner in legal agreement HARTWRIGHT ESTATES LIMITED (03394946): https://valeofwhitehorse.planning-register.co.uk/Document/GetFileBinary#112450/262979.0000/3.0000 | ""SL (“First Owner”); HARTWRIGHT ESTATES LIMITED (company number 03394946) whose registered o"" || [high] named as Fourth Owner in legal agreement  (OE034048): https://valeofwhitehorse.planning-register.co.uk/Document/GetFileBinary#112450/262979.0000/3.0000 | ""158939) incorporated and registered in Jersey whose registered office is at 3 Floor, 44 Esplanade, St. Helier, JE4 9WG, Jersey, registered with overseas entity company number OE034048 (“Fourth Owner”); QAREN VENTURES THREE LIMITED (registration number 158940) incorporated and registered in Jersey wh"" || [high] named as Sixth Owner in legal agreement  (OE034050): https://valeofwhitehorse.planning-register.co.uk/Document/GetFileBinary#112450/262979.0000/3.0000 | ""158941) incorporated and registered in Jersey whose registered office is at 3 Floor, 44 Esplanade, St. Helier, JE4 QWG, Jersey, registered with overseas entity company number OE034050 (“Sixth Owner”); and REEF ESTATES LIMITED (Company Number 04302220) whose registered office address is at 13-14 Welb"" || [high] named as Sixth Owner in legal agreement  (OE030049): https://valeofwhitehorse.planning-register.co.uk/Document/GetFileBinary#112450/4808183.0000/1139.0000 | ""8940) incorporated and registered in Jersey whose registered office is at 3rd Floor, 44 Esplanade, St. Helier, JE4 9WG, Jersey, registered with overseas entity company number OE030049 (“Sixth Owner”) (6) QAREN VENTURES FOUR LIMITED (company number 158941) incorporated and registered in Jersey whose "" || [high] registered proprietor (HM Land Registry) FCC ENVIRONMENT (UK) LIMITED (02902416): HM Land Registry CCOD/OCOD Oct 2026: title ON237289 (Freehold, 'land lying to the North and East of Hartwright House, Appleford, Abingdon (OX14 4PJ)') proprietor FCC ENVIRONMENT (UK) LIMITED 02902416; title cited at https://valeofwhitehorse.planning-register.co.uk/Document/GetFileBinary#112450/4808183.0000/1139.0000 | ""nce with Schedule 1 “FCC M&M Land” means the sand and gravel under the Owner’s Land registered at HM Land Registry with title number ON237289 “Fourth Owner” means FCC ENVIRONMENT (UK) LIMITED (company number 02902416) whose registered office address is at 3 Sidi"" || [low] portal applicant (name only): https://valeofwhitehorse.planning-register.co.uk/Planning/Display?applicationNumber=P17%2FV2490%2FLDO | Applicant Name: ""Reef Group"" || [low] portal applicant (name only): https://valeofwhitehorse.planning-register.co.uk/Planning/Display?applicationNumber=P26%2FV1969%2FLDD | Applicant Name: ""Qaren Ventures Three Limited"""
UK:Bucks/PL/26/04446/OA,UK,Buckinghamshire,PL/26/04446/OA,2026-06-01,,Undecided,,outline application,true,data centre (type not stated),,,,,,,,,Pegasus Group,,,,,,,"Outline planning application (all matters of detail reserved) for construction of data centre, including ancillary offices, plant and cooling equipment, emergency backup generators. Other works include means of access, internal roads and footpaths, cycle and car parking, hard and soft landscaping, security gatehouses and perimeter fencing, lighting, drainage, pumping station, electricity substation and other associated works and infrastructure.",Land North Of M40 and Both Sides Of Denham Court Drive Denham Buckinghamshire,,,https://www.planit.org.uk/planapplic/Bucks/PL/26/04446/OA/,All matters reserved,PlanIt,2026-10-09,2026-10-09,manual-review-2026-10-09,"Denham Court Drive, Denham (PL/25/6630, PL/26/04446/OA)",
UK:WhiteHorse/P26/V1967/LDD,UK,Vale of White Horse,P26/V1967/LDD,2026-06-01,2026-07-01,Withdrawn,Withdrawn,conditions discharge,true,hyperscale/campus,,,110000,,CRYSTAL REEF VENTURES (individual PSC: Mr Piers Alexander Slater),high,evidence chain: named as Interested Party in legal agreement; Companies House PSC chain,,Montagu Evans,12800908,DIGITAL REEF LIMITED (12800908) > REEF ORIGIN LIMITED (15507274) > CRYSTAL REEF LIMITED (12419605) > CRYSTAL REEF VENTURES (16994612),ON115251; ON125529; ON191257; ON191270; ON197829; ON198020; ON198021; ON198023; ON198126; ON227970; ON237289; ON237729; ON268935; ON304278; ON382692; ON63086; ON66390; ONI98023; ONI98126; ON395674 (low); ON395676 (low),FCC ENVIRONMENT (UK) LIMITED (02902416) [high]; HANSON QUARRY PRODUCTS EUROPE LIMITED (00300002) [high]; HARTWRIGHT ESTATES LIMITED (03394946) [high]; INFINIS LIMITED (05719060) [high]; ON TOWER UK 2 LIMITED (02973983) [high]; QAREN VENTURES FOUR LIMITED (no number) [high],,,"Discharge of condition B6 - CEMP LHR04 on application ref. P17/V2490/LDO Local Development Order for Didcot Technology Park for up to 115,000 sqm total floorspace, comprising up to 110,000 sqm data centre, 20,000 sqm battery storage, 5,000 sqm B2 industrial incl. waste facility.",Land to the North of A4130 Hill Farm Abingdon OX14 4PJ,,,https://www.planit.org.uk/planapplic/WhiteHorse/P26/V1967/LDD/,,PlanIt,2026-10-09,2026-10-09,manual-review-2026-10-09,Didcot Technology Park LDO (P17/V2490/LDO),"[high] named as Interested Party in legal agreement: https://valeofwhitehorse.planning-register.co.uk/Document/GetFileBinary#112450/262979.0000/3.0000 | ""d REEF ESTATES LIMITED (Company Number 04302220) whose registered office address is at 13-14 Welbeck Street, London, England, W1G 9XU and DIGITAL REEF LIMITED (Company Number 12800908) whose registered office address is at 13-14 Welbeck Street, London, England, W1G 9XU (together “Interested Party”) "" || https://find-and-update.company-information.service.gov.uk/company/12800908 | DIGITAL REEF LIMITED PSC: Reef Origin Limited (15507274 England) notified 2025-04-24 || https://find-and-update.company-information.service.gov.uk/company/15507274 | REEF ORIGIN LIMITED PSC: Crystal Reef Limited (12419605 United Kingdom) notified 2025-03-07 || https://find-and-update.company-information.service.gov.uk/company/12419605 | CRYSTAL REEF LIMITED PSC: Crystal Reef Ventures (16994612 England And Wales) notified 2026-02-12 || [high] named as Second Owner in legal agreement HARTWRIGHT ESTATES LIMITED (03394946): https://valeofwhitehorse.planning-register.co.uk/Document/GetFileBinary#112450/262979.0000/3.0000 | ""SL (“First Owner”); HARTWRIGHT ESTATES LIMITED (company number 03394946) whose registered o"" || [high] named as Fourth Owner in legal agreement  (OE034048): https://valeofwhitehorse.planning-register.co.uk/Document/GetFileBinary#112450/262979.0000/3.0000 | ""158939) incorporated and registered in Jersey whose registered office is at 3 Floor, 44 Esplanade, St. Helier, JE4 9WG, Jersey, registered with overseas entity company number OE034048 (“Fourth Owner”); QAREN VENTURES THREE LIMITED (registration number 158940) incorporated and registered in Jersey wh"" || [high] named as Sixth Owner in legal agreement  (OE034050): https://valeofwhitehorse.planning-register.co.uk/Document/GetFileBinary#112450/262979.0000/3.0000 | ""158941) incorporated and registered in Jersey whose registered office is at 3 Floor, 44 Esplanade, St. Helier, JE4 QWG, Jersey, registered with overseas entity company number OE034050 (“Sixth Owner”); and REEF ESTATES LIMITED (Company Number 04302220) whose registered office address is at 13-14 Welb"" || [high] named as Sixth Owner in legal agreement  (OE030049): https://valeofwhitehorse.planning-register.co.uk/Document/GetFileBinary#112450/4808183.0000/1139.0000 | ""8940) incorporated and registered in Jersey whose registered office is at 3rd Floor, 44 Esplanade, St. Helier, JE4 9WG, Jersey, registered with overseas entity company number OE030049 (“Sixth Owner”) (6) QAREN VENTURES FOUR LIMITED (company number 158941) incorporated and registered in Jersey whose "" || [high] registered proprietor (HM Land Registry) FCC ENVIRONMENT (UK) LIMITED (02902416): HM Land Registry CCOD/OCOD Oct 2026: title ON237289 (Freehold, 'land lying to the North and East of Hartwright House, Appleford, Abingdon (OX14 4PJ)') proprietor FCC ENVIRONMENT (UK) LIMITED 02902416; title cited at https://valeofwhitehorse.planning-register.co.uk/Document/GetFileBinary#112450/4808183.0000/1139.0000 | ""nce with Schedule 1 “FCC M&M Land” means the sand and gravel under the Owner’s Land registered at HM Land Registry with title number ON237289 “Fourth Owner” means FCC ENVIRONMENT (UK) LIMITED (company number 02902416) whose registered office address is at 3 Sidi"" || [low] portal applicant (name only): https://valeofwhitehorse.planning-register.co.uk/Planning/Display?applicationNumber=P17%2FV2490%2FLDO | Applicant Name: ""Reef Group"" || [low] portal applicant (name only): https://valeofwhitehorse.planning-register.co.uk/Planning/Display?applicationNumber=P26%2FV1969%2FLDD | Applicant Name: ""Qaren Ventures Three Limited"""
UK:Falkirk/P/26/0237/FUL,UK,Falkirk,P/26/0237/FUL,2026-05-29,,Undecided,,full application,true,AI/GPU,,300,,,,,,,AAH Planning Consultants,,,,,,,"Construction of an AI Data Centre with 300MW Demand Utility Capacity and Car Parking, Landscaping, Roads, Access and Associated Works",Land To The North East Of Glenbervie Nursery Stirling Road Larbert,,,https://www.planit.org.uk/planapplic/Falkirk/P/26/0237/FUL/,300MW demand utility capacity,PlanIt,2026-10-09,2026-10-09,manual-review-2026-10-09,Falkirk AI data centre P/26/0237/FUL,
UK:Northumberland/26/01894/REM,UK,Northumberland (County),26/01894/REM,2026-05-29,,Undecided,,reserved matters,true,hyperscale/campus,,,,,RENAISSANCE LAND LIMITED (individual PSC: Stephen Schwarzman),high,evidence chain: named as Owner in legal agreement; Companies House PSC chain,,,14433976,RENAISSANCE LAND LIMITED (14433976),ND115455; ND116185; ND210681,RENAISSANCE LAND LIMITED (14433976) [high],,,"Reserved matters application for landscaping and layout on approved application 24/04112/OUTES for phase C enabling works including site preparation, earthworks, removal of PFA mounds and other works required prior to construction and operation of data centre campus",Land At Former Power Station Site On Northern Side Of Cambois Cambois Northumberland,,,https://www.planit.org.uk/planapplic/Northumberland/26/01894/REM/,Phase C enabling works,PlanIt,2026-10-09,2026-10-09,manual-review-2026-10-09,"Cambois data centre campus, Northumberland","[high] named as Owner in legal agreement: https://publicaccess.northumberland.gov.uk/online-applications/files/04DA9578A88BD9B2EEAD899048FF31B5/pdf/24_04112_OUTES-S106-2847648.pdf | ""e Council'); and 2. RENAISSANCE LAND LIMITED incorporated and registered in England and Wales with company number 14433976 whose registered of"" || [high] registered proprietor (HM Land Registry) RENAISSANCE LAND LIMITED (14433976): HM Land Registry CCOD/OCOD Oct 2026: title ND116185 (Freehold, 'Blyth Power Station, Cambois, Blyth') proprietor RENAISSANCE LAND LIMITED 14433976; title cited at https://publicaccess.northumberland.gov.uk/online-applications/files/04DA9578A88BD9B2EEAD899048FF31B5/pdf/24_04112_OUTES-S106-2847648.pdf | ""d are enforceable. B. The Owner is the registered freehold proprietor of the Site registered at the Land Registry under title numbers ND116185; ND210681; and ND115455. C. The Owner submitted the Application to the Council in respect of the Development of the Application Land which was"" || [low] portal applicant (name only): https://publicaccess.northumberland.gov.uk/online-applications/applicationDetails.do?keyVal=TKF3ESQSGWV00&activeTab=details | Applicant Name: ""Renaissance Land Limited"" || [low] portal applicant (name only): https://publicaccess.northumberland.gov.uk/online-applications/applicationDetails.do?keyVal=TJWMVVQSGMV00&activeTab=details | Applicant Name: ""Renaissance Land Limited"""
UK:Manchester/PLA-2026-000160,UK,Manchester,PLA-2026-000160,2026-05-28,2026-07-13,Permitted,Approve,approved,true,edge/small,,,,,,,,,,,,,,,,Construction and operation of a modular data centre.,1 Cheam Close Manchester M11 2WH,,,https://www.planit.org.uk/planapplic/Manchester/PLA-2026-000160/,,PlanIt,2026-10-09,2026-10-09,manual-review-2026-10-09,Manchester modular DC PLA-2026-000160,
UK:CentralBedfordshire/CB/26/01694/DOC,UK,Central Bedfordshire,CB/26/01694/DOC,2026-05-28,,Undecided,,,false,not data centre,,,,,,,,,,,,,,,,"Discharge of Condition(s) 8,20,25,26,29,32,33 and 35 against planning permission ref. CB/12/03613/OUT (Outline planning permission with the details of access, appearance, landscaping, layout and scale reserved for later determination. Development to comprise: up to 5,150 dwellings (Use Class C3); up to 202,500 sqm gross of additional development in Use Classes: A1, A2, A3 (retail), A4 (public house), A5 (take away); B1, B2, B8 (offices, industrial and storage and distribution); C1 (hotel), C2 (care home), D1 and D2 (community and leisure); car showroom; data centre; petrol filling station; car parking; primary substation; energy centre; and for the laying out of the buildings; routes and open spaces within the development; and all associated works and operations including but not limited to: demolition; earthworks; engineering operations. All development, works and operations to be in accordance with the Development Parameters Schedule and Plans)","Houghton Regis North Site 1, Land on the northern edge of Houghton Regis",,,https://www.planit.org.uk/planapplic/CentralBedfordshire/CB/26/01694/DOC/,"5,150-home mixed-use outline; condition discharge",PlanIt,2026-10-09,2026-10-09,manual-review-2026-10-09,,
IE:South Dublin County Council:SD20A/0283/EP,IE,South Dublin County Council,SD20A/0283/EP,2026-05-27,2026-07-21,Decision,Grant Extension of Duration of Permission,approved,true,hyperscale/campus,,,56246,2,Microsoft Ireland Operations Limited,low (name only),portal applicant name (no company number),,,,Microsoft Ireland Operations Limited,,,,Microsoft,"Demolition of existing single storey vacant house, garage and outhouse (total gross floor area (GFA) c.291.2sq.m) and removal of existing temporary construction car park; Construction of a single 1-4 storey Central Administration Building and 2 2-storey (with mezzanine) data centres (DUB14 & DUB15) all to be located west of data centres DUB9, DUB10, DUB12 & DUB13 within the MS campus; The Central Administration Building (c.6.03m to c.19.85m high) will comprise central office administration, with staff cafeteria, staff gym and reception (GFA c.3,520sq.m), with provision of PV panels on the roof; each data centre (c.15.6m high to parapet height and c.18.65m to top of roof plant) will include data halls, admin blocks (comprising offices, canteen, loading dock, storage and ancillary areas) and a variety of mechanical and electrical plant areas/structures including Modular Electrical Rooms (MERs), battery rooms and transformer areas. GFA of DUB14 is c.28,072sq.m and GFA of DUB15 is c.28,173sq.m (c.56,246sq.m in total); DUB14 will also include 21 diesel generators and associated sub-stations (E-houses) and 11 mechanical flues (each c.30.75m high); Provision of a gas generator compound (to serve DUB15) containing 20 generators, 5 E-houses and 5 flues (c.25m max height); Provision of a Gas Networks Ireland gas skid including 3 kiosk buildings; Expansion of existing electrical sub-station compound (originally granted under SD07A/0632) to provide 3 additional transformer bays. 3 E-houses and 1 control room, 2 auxiliary transformers; 2 sprinkler tank and pump house areas, 1 additional rainwater harvesting plant; Provision of 168 permanent car parking spaces and 40 cycle parking spaces; Provision of additional western access to the MS campus (to serves the Central Administration Building) from the Business Park estate road (including bridge over the Griffeen River) with existing temporary access to be extinguished; Physical integration with the remainder of the existing MS campus (including internal access roads and landscaping) with associated modifications to the western boundary of the DUB09/DUB10/DUB12/DUB13 data centre development as permitted under SD16A/0088; Provision of a new temporary construction car park (with 802 car spaces, shuttle bus stop and shelter) on site north of the main entrance to the business park; Total gross floor area of the development will be c.59,766sq.m; All associated site development works, drainage and services provision, landscaping, boundary treatments (including security fencing) and associated works; An Environmental Impact Assessment Report (EIAR) has been submitted with this application; The application relates to a development which comprises an activity requiring an integrated pollution prevention and control (IE) licence.","Grange Castle Business Park, Nangor Road, Clondalkin, Dublin 22",53.32311913168744,-6.447932311462166,https://planning.agileapplications.ie/southdublin/application-details/70427,"Extension of duration granted; DUB14+DUB15 56,246 sqm (59,766 total); diesel + gas generators",IE National Planning Applications,2026-10-09,2026-10-09,manual-review-2026-10-09,"Microsoft Grange Castle campus DUB14/DUB15, South Dublin","[low] https://planningapi.agileapplications.ie/api/application/70427 (public API behind https://planning.agileapplications.ie/southdublin/application-details/70427) | applicant: ""Microsoft Operations Ireland Ltd."" || [low] https://planningapi.agileapplications.ie/api/application/69623 (public API behind https://planning.agileapplications.ie/southdublin/application-details/69623) | applicant: ""Microsoft Ireland Operations Limited"" || [low] https://planningapi.agileapplications.ie/api/application/67712 (public API behind https://planning.agileapplications.ie/southdublin/application-details/67712) | applicant: ""Microsoft Ireland Operations Ltd."""
UK:WhiteHorse/P26/V1890/LDD,UK,Vale of White Horse,P26/V1890/LDD,2026-05-26,2026-06-22,Permitted,Discharge Details Agreed,conditions discharge,true,hyperscale/campus,,,110000,,CRYSTAL REEF VENTURES (individual PSC: Mr Piers Alexander Slater),high,evidence chain: named as Interested Party in legal agreement; Companies House PSC chain,,Montagu Evans,12800908,DIGITAL REEF LIMITED (12800908) > REEF ORIGIN LIMITED (15507274) > CRYSTAL REEF LIMITED (12419605) > CRYSTAL REEF VENTURES (16994612),ON115251; ON125529; ON191257; ON191270; ON197829; ON198020; ON198021; ON198023; ON198126; ON227970; ON237289; ON237729; ON268935; ON304278; ON382692; ON63086; ON66390; ONI98023; ONI98126; ON395674 (low); ON395676 (low),FCC ENVIRONMENT (UK) LIMITED (02902416) [high]; HANSON QUARRY PRODUCTS EUROPE LIMITED (00300002) [high]; HARTWRIGHT ESTATES LIMITED (03394946) [high]; INFINIS LIMITED (05719060) [high]; ON TOWER UK 2 LIMITED (02973983) [high]; QAREN VENTURES FOUR LIMITED (no number) [high],,,"Discharge of condition A14 - Archaeological Written Scheme of Investigation on application ref. P17/V2490/LDO Local Development Order for Didcot Technology Park for up to 115,000 sqm total floorspace, comprising up to 110,000 sqm data centre, 20,000 sqm battery storage, 5,000 sqm B2 industrial incl. waste facility.",Land to the North of A4130 Hill Farm Abingdon OX14 4PJ,,,https://www.planit.org.uk/planapplic/WhiteHorse/P26/V1890/LDD/,,PlanIt,2026-10-09,2026-10-09,manual-review-2026-10-09,Didcot Technology Park LDO (P17/V2490/LDO),"[high] named as Interested Party in legal agreement: https://valeofwhitehorse.planning-register.co.uk/Document/GetFileBinary#112450/262979.0000/3.0000 | ""d REEF ESTATES LIMITED (Company Number 04302220) whose registered office address is at 13-14 Welbeck Street, London, England, W1G 9XU and DIGITAL REEF LIMITED (Company Number 12800908) whose registered office address is at 13-14 Welbeck Street, London, England, W1G 9XU (together “Interested Party”) "" || https://find-and-update.company-information.service.gov.uk/company/12800908 | DIGITAL REEF LIMITED PSC: Reef Origin Limited (15507274 England) notified 2025-04-24 || https://find-and-update.company-information.service.gov.uk/company/15507274 | REEF ORIGIN LIMITED PSC: Crystal Reef Limited (12419605 United Kingdom) notified 2025-03-07 || https://find-and-update.company-information.service.gov.uk/company/12419605 | CRYSTAL REEF LIMITED PSC: Crystal Reef Ventures (16994612 England And Wales) notified 2026-02-12 || [high] named as Second Owner in legal agreement HARTWRIGHT ESTATES LIMITED (03394946): https://valeofwhitehorse.planning-register.co.uk/Document/GetFileBinary#112450/262979.0000/3.0000 | ""SL (“First Owner”); HARTWRIGHT ESTATES LIMITED (company number 03394946) whose registered o"" || [high] named as Fourth Owner in legal agreement  (OE034048): https://valeofwhitehorse.planning-register.co.uk/Document/GetFileBinary#112450/262979.0000/3.0000 | ""158939) incorporated and registered in Jersey whose registered office is at 3 Floor, 44 Esplanade, St. Helier, JE4 9WG, Jersey, registered with overseas entity company number OE034048 (“Fourth Owner”); QAREN VENTURES THREE LIMITED (registration number 158940) incorporated and registered in Jersey wh"" || [high] named as Sixth Owner in legal agreement  (OE034050): https://valeofwhitehorse.planning-register.co.uk/Document/GetFileBinary#112450/262979.0000/3.0000 | ""158941) incorporated and registered in Jersey whose registered office is at 3 Floor, 44 Esplanade, St. Helier, JE4 QWG, Jersey, registered with overseas entity company number OE034050 (“Sixth Owner”); and REEF ESTATES LIMITED (Company Number 04302220) whose registered office address is at 13-14 Welb"" || [high] named as Sixth Owner in legal agreement  (OE030049): https://valeofwhitehorse.planning-register.co.uk/Document/GetFileBinary#112450/4808183.0000/1139.0000 | ""8940) incorporated and registered in Jersey whose registered office is at 3rd Floor, 44 Esplanade, St. Helier, JE4 9WG, Jersey, registered with overseas entity company number OE030049 (“Sixth Owner”) (6) QAREN VENTURES FOUR LIMITED (company number 158941) incorporated and registered in Jersey whose "" || [high] registered proprietor (HM Land Registry) FCC ENVIRONMENT (UK) LIMITED (02902416): HM Land Registry CCOD/OCOD Oct 2026: title ON237289 (Freehold, 'land lying to the North and East of Hartwright House, Appleford, Abingdon (OX14 4PJ)') proprietor FCC ENVIRONMENT (UK) LIMITED 02902416; title cited at https://valeofwhitehorse.planning-register.co.uk/Document/GetFileBinary#112450/4808183.0000/1139.0000 | ""nce with Schedule 1 “FCC M&M Land” means the sand and gravel under the Owner’s Land registered at HM Land Registry with title number ON237289 “Fourth Owner” means FCC ENVIRONMENT (UK) LIMITED (company number 02902416) whose registered office address is at 3 Sidi"" || [low] portal applicant (name only): https://valeofwhitehorse.planning-register.co.uk/Planning/Display?applicationNumber=P17%2FV2490%2FLDO | Applicant Name: ""Reef Group"" || [low] portal applicant (name only): https://valeofwhitehorse.planning-register.co.uk/Planning/Display?applicationNumber=P26%2FV1969%2FLDD | Applicant Name: ""Qaren Ventures Three Limited"""
UK:ScottishBorders/26/00809/PAN,UK,Scottish Borders,26/00809/PAN,2026-05-25,2026-06-02,Permitted,PAN Notification,pre-application notice,true,data centre (type not stated),,,,,,,,,,,,,,,,Erection of data centre and associated infrastructure,Southside Data Centre Land At Clawbare Cottage Longformacus Scottish Borders,,,https://www.planit.org.uk/planapplic/ScottishBorders/26/00809/PAN/,Proposal of application notice,PlanIt,2026-10-09,2026-10-09,manual-review-2026-10-09,"Scottish Borders DC (25/01835, 26/00809, 26/01031)",
UK:CentralBedfordshire/CB/26/01626/DOC,UK,Central Bedfordshire,CB/26/01626/DOC,2026-05-21,2026-07-23,Conditions,Discharge of Condition Decision Released,,false,not data centre,,,,,,,,,,,,,,,,"Discharge of Condition 19 against planning permission ref. CB/12/03613/OUT (Outline planning permission with the details of access, appearance, landscaping, layout and scale reserved for later determination. Development to comprise: up to 5,150 dwellings (Use Class C3); up to 202,500 sqm gross of additional development in Use Classes: A1, A2, A3 (retail), A4 (public house), A5 (take away); B1, B2, B8 (offices, industrial and storage and distribution); C1 (hotel), C2 (care home), D1 and D2 (community and leisure); car showroom; data centre; petrol filling station; car parking; primary substation; energy centre; and for the laying out of the buildings; routes and open spaces within the development; and all associated works and operations including but not limited to: demolition; earthworks; engineering operations. All development, works and operations to be in accordance with the Development Parameters Schedule and Plans.)","Phase 3B Parcels 1 and 2, Houghton Regis North Site 1, Houghton Regis, Bedfordshire",,,https://www.planit.org.uk/planapplic/CentralBedfordshire/CB/26/01626/DOC/,"5,150-home mixed-use outline CB/12/03613/OUT lists data centre as one permitted use; not a DC application",PlanIt,2026-10-09,2026-10-09,manual-review-2026-10-09,,
UK:SouthOxfordshire/P26/S1492/DIS,UK,South Oxfordshire,P26/S1492/DIS,2026-05-19,2026-07-01,Conditions,Discharge Partially Agreed,conditions discharge,true,data centre (type not stated),,,29492,2,"Amazon.Com, Inc.",low (address match; check title plan),evidence chain: registered proprietor (HM Land Registry); Companies House PSC chain,,Tetra Tech,09959151,"AMAZON DATA SERVICES UK LIMITED (09959151) > Amazon.Com, Inc. (no number, Us Law)",ON368631 (low),AMAZON DATA SERVICES UK LIMITED (09959151) [low],,,"Discharge conditions: 6 (Carbon Reduction Verification) and 11 (Remediation Verification) of planning permission P21/S0274/FUL Hybrid planning application consisting of a) Full Planning Application for the erection of a single storey 8,692 m2 Data Centre building (containing data halls, associated electrical and AHU Plant Rooms, loading bay, maintenance and storage space, office administration areas and screened plant at roof level), emergency generators and emission stacks, diesel tanks and filling area, electrical switchroom, a water sprinkler pump room and storage tanks, a gate house / security building, MV substation, site access, internal access roads, drainage infrastructure, hard and soft landscaping and b) Outline Planning Application for the erection of a two storey 20,800 m2 Data Centre building (containing data halls, associated electrical and AHU Plant Rooms, loading bay, maintenance and storage space, office administration areas and screened plant at roof level), emergency generators and emission stacks, diesel tanks and filling area, electrical switchroom, a water sprinkler pump room and storage tanks; details of appearance will be reserved, along with hard landscaping immediately around the building.","Land at Former Didcot A Power Station, north of Milton Road, Didcot Didcot",,,https://www.planit.org.uk/planapplic/SouthOxfordshire/P26/S1492/DIS/,"8,692 m2 full + 20,800 m2 outline DC buildings (sum 29,492 m2)",PlanIt,2026-10-09,2026-10-09,manual-review-2026-10-09,"South Oxon/Vale hybrid DC (P21/S0274/FUL, P21/V0167/FUL)","[low] registered proprietor (HM Land Registry): HM Land Registry CCOD/OCOD Oct 2026 address match: title ON368631 ('Plot A1, Signia Park, Milton Road, Didcot (OX11 7HH)') proprietor AMAZON DATA SERVICES UK LIMITED 09959151 || https://find-and-update.company-information.service.gov.uk/company/09959151 | AMAZON DATA SERVICES UK LIMITED PSC: Amazon.Com, Inc. ( Us Law) notified 2016-04-06"
UK:Northumberland/26/01760/REM,UK,Northumberland (County),26/01760/REM,2026-05-18,,Undecided,,reserved matters,true,hyperscale/campus,,,,,RENAISSANCE LAND LIMITED (individual PSC: Stephen Schwarzman),high,evidence chain: named as Owner in legal agreement; Companies House PSC chain,,Quod,14433976,RENAISSANCE LAND LIMITED (14433976),ND115455; ND116185; ND210681,RENAISSANCE LAND LIMITED (14433976) [high],,,"Reserved matters application for (Landscaping and Layout) on approved planning application 24/04112/OUTES for Phase B enabling works including site preparation, earthworks, piling, other works required prior to the construction and operation of the data centre campus",Land At Former Power Station Site On Northern Side Of Cambois Cambois Northumberland,,,https://www.planit.org.uk/planapplic/Northumberland/26/01760/REM/,Phase B enabling works incl. piling,PlanIt,2026-10-09,2026-10-09,manual-review-2026-10-09,"Cambois data centre campus, Northumberland","[high] named as Owner in legal agreement: https://publicaccess.northumberland.gov.uk/online-applications/files/04DA9578A88BD9B2EEAD899048FF31B5/pdf/24_04112_OUTES-S106-2847648.pdf | ""e Council'); and 2. RENAISSANCE LAND LIMITED incorporated and registered in England and Wales with company number 14433976 whose registered of"" || [high] registered proprietor (HM Land Registry) RENAISSANCE LAND LIMITED (14433976): HM Land Registry CCOD/OCOD Oct 2026: title ND116185 (Freehold, 'Blyth Power Station, Cambois, Blyth') proprietor RENAISSANCE LAND LIMITED 14433976; title cited at https://publicaccess.northumberland.gov.uk/online-applications/files/04DA9578A88BD9B2EEAD899048FF31B5/pdf/24_04112_OUTES-S106-2847648.pdf | ""d are enforceable. B. The Owner is the registered freehold proprietor of the Site registered at the Land Registry under title numbers ND116185; ND210681; and ND115455. C. The Owner submitted the Application to the Council in respect of the Development of the Application Land which was"" || [low] portal applicant (name only): https://publicaccess.northumberland.gov.uk/online-applications/applicationDetails.do?keyVal=TKF3ESQSGWV00&activeTab=details | Applicant Name: ""Renaissance Land Limited"" || [low] portal applicant (name only): https://publicaccess.northumberland.gov.uk/online-applications/applicationDetails.do?keyVal=TJWMVVQSGMV00&activeTab=details | Applicant Name: ""Renaissance Land Limited"""
UK:Bristol/26/12104/SCR,UK,Bristol,26/12104/SCR,2026-05-15,,Undecided,,EIA screening/scoping,true,data centre (type not stated),,,,,,,,,,,,,,,,"Request for a Screening/Scoping Opinion as to whether an Environmental Impact Assessment is required for Change of use of existing polymers recycling facility for use as a data centre, installation of external plant and generating equipment, elevational alterations, creation of new site access points, landscaping and other associated ancillary works. description (Please note that this is not a planning application and therefore we are not carrying out public consultation on the proposal at this stage).",Polymers Recycling Facility Viridor Severn Road Avonmouth Bristol BS11 0YL,,,https://www.planit.org.uk/planapplic/Bristol/26/12104/SCR/,EIA screening for change of use to DC,PlanIt,2026-10-09,2026-10-09,manual-review-2026-10-09,Bristol polymers recycling site conversion,
UK:Bristol/26/12083/F,UK,Bristol,26/12083/F,2026-05-15,,Undecided,,full application,true,data centre (type not stated),,,,,,,,,,,,,,,,"Change of use of existing polymers recycling facility for use as a data centre, installation of external plant and generating equipment, elevational alterations, creation of new site access points, landscaping and other associated ancillary works.",Polymers Recycling Facility Viridor Severn Road Avonmouth Bristol BS11 0YL,,,https://www.planit.org.uk/planapplic/Bristol/26/12083/F/,Change of use of recycling facility to DC with generating equipment,PlanIt,2026-10-09,2026-10-09,manual-review-2026-10-09,Bristol polymers recycling site conversion,
UK:Dacorum/26/01087/FUL,UK,Dacorum,26/01087/FUL,2026-05-14,2026-07-29,Permitted,Grant Permission/Consent,approved,true,ancillary to data centre,,,,,,,,,Arup,,,,,,,Installation of eight condenser units and associated cable tray in connection with the adjacent Data Centre,3A Blossom Way Hemel Hempstead Hertfordshire HP2 4ZB,,,https://www.planit.org.uk/planapplic/Dacorum/26/01087/FUL/,Eight condenser units for adjacent existing DC,PlanIt,2026-10-09,2026-10-09,manual-review-2026-10-09,Dacorum DC condenser units,
UK:Rhondda/26/0404/FUL,UK,Rhondda,26/0404/FUL,2026-05-14,,Undecided,,full application,true,data centre (type not stated),,,21490,,,,,,CarneySweeney,,,,,,,"Erection of a 21,490sqm Class B8 data centre with associated access, parking, drainage, landscaping, services and utilities. (Landscape and Visual Apprisal received 16th September 2026)","Land At Mwyndy Cross, East Of A4119 Pontyclun",,,https://www.planit.org.uk/planapplic/Rhondda/26/0404/FUL/,"21,490 sqm B8 DC",PlanIt,2026-10-09,2026-10-09,manual-review-2026-10-09,Rhondda 26/0404/FUL,
UK:NorthTyneside/26/00705/ADJLPA,UK,North Tyneside,26/00705/ADJLPA,2026-05-14,2026-09-14,Unresolved,No decision recorded,consultation (neighbouring authority),true,hyperscale/campus,,,,,RENAISSANCE LAND LIMITED (individual PSC: Stephen Schwarzman),high,evidence chain: named as Owner in legal agreement; Companies House PSC chain,,,14433976,RENAISSANCE LAND LIMITED (14433976),ND115455; ND116185; ND210681,RENAISSANCE LAND LIMITED (14433976) [high],,,"Variations of conditions 4 (Approved Plans), 17 (Access), and 51 (Deliveries) of approved application 24/04112/OUTES in order to increase the speed of delivery of the development to meet the requirements of potential tenants of the data centres on site",Land At Former Power Station Site On Northern Side Of Cambois Northumberland,,,https://www.planit.org.uk/planapplic/NorthTyneside/26/00705/ADJLPA/,"Variation to speed delivery ""to meet requirements of potential tenants""",PlanIt,2026-10-09,2026-10-09,manual-review-2026-10-09,"Cambois data centre campus, Northumberland","[high] named as Owner in legal agreement: https://publicaccess.northumberland.gov.uk/online-applications/files/04DA9578A88BD9B2EEAD899048FF31B5/pdf/24_04112_OUTES-S106-2847648.pdf | ""e Council'); and 2. RENAISSANCE LAND LIMITED incorporated and registered in England and Wales with company number 14433976 whose registered of"" || [high] registered proprietor (HM Land Registry) RENAISSANCE LAND LIMITED (14433976): HM Land Registry CCOD/OCOD Oct 2026: title ND116185 (Freehold, 'Blyth Power Station, Cambois, Blyth') proprietor RENAISSANCE LAND LIMITED 14433976; title cited at https://publicaccess.northumberland.gov.uk/online-applications/files/04DA9578A88BD9B2EEAD899048FF31B5/pdf/24_04112_OUTES-S106-2847648.pdf | ""d are enforceable. B. The Owner is the registered freehold proprietor of the Site registered at the Land Registry under title numbers ND116185; ND210681; and ND115455. C. The Owner submitted the Application to the Council in respect of the Development of the Application Land which was"" || [low] portal applicant (name only): https://publicaccess.northumberland.gov.uk/online-applications/applicationDetails.do?keyVal=TKF3ESQSGWV00&activeTab=details | Applicant Name: ""Renaissance Land Limited"" || [low] portal applicant (name only): https://publicaccess.northumberland.gov.uk/online-applications/applicationDetails.do?keyVal=TJWMVVQSGMV00&activeTab=details | Applicant Name: ""Renaissance Land Limited"""
UK:Warrington/2026/00659/SCR,UK,Warrington,2026/00659/SCR,2026-05-12,,,,EIA screening/scoping,true,data centre (type not stated),,,,,,,,,,,,,,,,REQUEST FOR FORMAL EIA SCREENING OPINION - PHASED MODULAR DATA CENTRE AND ASSOCIATED INFRASTRUCTURE,"LAND AT BANK QUAY, LIVERPOOL ROAD, WARRINGTON, WA5 1AB",,,https://www.planit.org.uk/planapplic/Warrington/2026/00659/SCR/,,PlanIt,2026-10-09,2026-10-09,manual-review-2026-10-09,Warrington phased modular DC (2026/00659/SCR),
UK:OldOakParkRoyal/26/0099/SCROPDC,UK,Old Oak Park Royal,26/0099/SCROPDC,2026-05-12,2026-06-01,Permitted,Screening,EIA screening/scoping,true,data centre (type not stated),,,,,,,,,,,,,,,,"Request for an Environmental Impact Assessment Screening Opinion in accordance with Regulation 6 of the Town and Country Planning (Environmental Impact Assessment) Regulations (2017) (as amended) in association with the redevelopment of the site for a data centre, substation, generator gantry, HVO open-air storage and affordable workspace.","Frogmore Industrial Estate, Acton Lane, LONDON, NW10 7NQ",,,https://www.planit.org.uk/planapplic/OldOakParkRoyal/26/0099/SCROPDC/,"DC with substation, generator gantry, HVO storage, affordable workspace",PlanIt,2026-10-09,2026-10-09,manual-review-2026-10-09,OPDC 26/0099/SCROPDC,
UK:Glasgow/26/01012/FUL,UK,Glasgow,26/01012/FUL,2026-05-12,,Undecided,,,false,not data centre,,,,,,,,,,,,,,,,"Mixed-use University campus development including: (1) teaching and learning buildings (Class 10) (up to 65,000 sq m); (2) University research buildings (Class 4) (up to 17,000 sq m); (3) commercial research & development/offices (Class 4) (up to 18,000 sq m); (4) retail shops (Class 1) (up to 4,000 sq m); (5) financial, professional and other services (Class 2) (up to 500 sq m; (6) food and drink (Class 3) (up to 2,500 sq m); (7) hotels (Class 7) (up to 12,500 sq m); (8) sports and recreation facilities (Class 11) (up to 500 sq m); (9) day nursery (Class 10) (up to 500 sq m); (10) crèche (Class 10) (up to 100 sq m) (11) residential flats (mainstream or student) (sui generis) (up to 14,500.sq m); (12) Data Centre (Class 4) (up to 3,000 sq m); (13) energy centre (sui generis); (14) means of access, servicing and parking arrangements: (15) related infrastructure; (16) related landscaping and (17) related public realm and demolition of existing buildings - approval of matters specified in conditions 02(1-10 and 12-15), 04, 05, 06, 08-17, 22, 25-29, 32, 37, 38 and 41 of ref. 19/00363/PPP, relating to the erection of Purpose Built Student Accommodation with ancillary facilities (Sui generis), retail shops (Class 1A), food and drink (Class 3), open space, related infrastructure, landscaping and public realm, including partial demolition, extension and alterations to Anderson College (in so far as these relate to the development of Plot E (in part) - Section 42 application to vary conditions 9, 11, 19 and 20 of Matters Specified in Conditions Approval 24/02285/MSC.",Site At University Avenue Glasgow,,,https://www.planit.org.uk/planapplic/Glasgow/26/01012/FUL/,"University campus masterplan (data centre up to 3,000 sq m is one of 17 uses); condition/variation for student housing",PlanIt,2026-10-09,2026-10-09,manual-review-2026-10-09,,
UK:Hillingdon/71554/APP/2026/1155,UK,Hillingdon,71554/APP/2026/1155,2026-05-11,2026-07-03,Permitted,,conditions discharge,true,ancillary to data centre,,,,,,,,,,,,,,,,"Details pursuant to the partial discharge of Condition 7 parts (ii), (iii) and (iv) (Contaminated Land) of planning permission ref. 71554/APP/2025/47, dated 19-03-2025 (Redevelopment of the site to deliver a substation in connection with the permitted and emerging Data Centre Campus.)",UNIT 1 HEATHROW INTERCHANGE BULLSBROOK ROAD HAYES,,,https://www.planit.org.uk/planapplic/Hillingdon/71554/APP/2026/1155/,Substation serving permitted and emerging DC campus,PlanIt,2026-10-09,2026-10-09,manual-review-2026-10-09,Hillingdon 71554 substation for DC campus,
UK:NorthLanarkshire/26/00595/EIASCR,UK,North Lanarkshire,26/00595/EIASCR,2026-05-11,,Undecided,,EIA screening/scoping,true,hyperscale/campus,,,,,,,,,,,,,,,,Data Centre Campus Including Grid Connection,Land At North Lanrigg Carlisle Road Cleland North Lanarkshire ML1 5LT,,,https://www.planit.org.uk/planapplic/NorthLanarkshire/26/00595/EIASCR/,,PlanIt,2026-10-09,2026-10-09,manual-review-2026-10-09,North Lanarkshire 26/00595 DC campus with grid connection,
UK:Dumfries/26/0855/PAN,UK,Dumfries,26/0855/PAN,2026-05-11,2026-06-01,Permitted,Planning Notice Accepted,pre-application notice,true,hyperscale/campus,,,162000,,,,,,Quod Limited,,,,,,,"PROPOSAL OF APPLICATION NOTICE FOR DATA CENTRE LED DEVELOPMENT INCLUDING UP TO 162,000 SQUARE METRES OF DATA CENTRE BUILDINGS, UP TO 1,100 SQUARE METRES OF TRAINING CENTRE/RECEPTION/SECURITY, UP TO 6,500 SQUARE METRES OF INDUSTRIAL UNITS, SUBSTATION AND OTHER ASSOCIATED INFRASTRUCTURE",Land North Of The Former Chapelcross Nuclear Power Station Near Annan DG12 6RF,,,https://www.planit.org.uk/planapplic/Dumfries/26/0855/PAN/,"Up to 162,000 sqm DC buildings + training centre + 6,500 sqm industrial",PlanIt,2026-10-09,2026-10-09,manual-review-2026-10-09,Dumfries data-centre-led development,
UK:Redcar/R/2026/0337/FFM,UK,Redcar and Cleveland,R/2026/0337/FFM,2026-05-08,,Undecided,,full application,true,hyperscale/campus,,,,,,,,,,,,,,,,"Data centre campus (Use Class B8) comprising data centre buildings, communications and power buildings, security and support office buildings, backup generators, storage tanks and pump buildings, together with associated plant, infrastructure, access, parking, landscaping and ancillary works",Former Invista Site Land at Wilton International Wilton International Middlesbrough Redcar,,,https://www.planit.org.uk/planapplic/Redcar/R/2026/0337/FFM/,"DC buildings, power buildings, backup generators",PlanIt,2026-10-09,2026-10-09,manual-review-2026-10-09,Redcar R/2026/0337/FFM data centre campus,
UK:Northumberland/26/01617/VARYCO,UK,Northumberland (County),26/01617/VARYCO,2026-05-07,,Undecided,,amendment/variation,true,hyperscale/campus,,,,,RENAISSANCE LAND LIMITED (individual PSC: Stephen Schwarzman),high,evidence chain: named as Owner in legal agreement; Companies House PSC chain,,Quod,14433976,RENAISSANCE LAND LIMITED (14433976),ND115455; ND116185; ND210681,RENAISSANCE LAND LIMITED (14433976) [high],,,"Variation of Conditions 4 (Approved Plans), 17 (Access) and 51 (Deliveries) of approved application 24/04112/OUTES in order to increase the speed of the delivery of the development to meet the requirements of potential tenants of the data centres on site.",Land At Former Power Station Site On Northern Side Of Cambois Cambois Northumberland,,,https://www.planit.org.uk/planapplic/Northumberland/26/01617/VARYCO/,S73 to speed delivery for potential tenants,PlanIt,2026-10-09,2026-10-09,manual-review-2026-10-09,"Cambois data centre campus, Northumberland","[high] named as Owner in legal agreement: https://publicaccess.northumberland.gov.uk/online-applications/files/04DA9578A88BD9B2EEAD899048FF31B5/pdf/24_04112_OUTES-S106-2847648.pdf | ""e Council'); and 2. RENAISSANCE LAND LIMITED incorporated and registered in England and Wales with company number 14433976 whose registered of"" || [high] registered proprietor (HM Land Registry) RENAISSANCE LAND LIMITED (14433976): HM Land Registry CCOD/OCOD Oct 2026: title ND116185 (Freehold, 'Blyth Power Station, Cambois, Blyth') proprietor RENAISSANCE LAND LIMITED 14433976; title cited at https://publicaccess.northumberland.gov.uk/online-applications/files/04DA9578A88BD9B2EEAD899048FF31B5/pdf/24_04112_OUTES-S106-2847648.pdf | ""d are enforceable. B. The Owner is the registered freehold proprietor of the Site registered at the Land Registry under title numbers ND116185; ND210681; and ND115455. C. The Owner submitted the Application to the Council in respect of the Development of the Application Land which was"" || [low] portal applicant (name only): https://publicaccess.northumberland.gov.uk/online-applications/applicationDetails.do?keyVal=TKF3ESQSGWV00&activeTab=details | Applicant Name: ""Renaissance Land Limited"" || [low] portal applicant (name only): https://publicaccess.northumberland.gov.uk/online-applications/applicationDetails.do?keyVal=TJWMVVQSGMV00&activeTab=details | Applicant Name: ""Renaissance Land Limited"""
UK:Doncaster/26/00873/FUL,UK,Doncaster,26/00873/FUL,2026-05-07,2026-07-15,Permitted,Planning Permission GRANTED,approved,true,edge/small,,,,2,,,,,,,,,,,,"Installation of 2 no. modular data centres measuring 12m x 4m, 2 no. generators measuring 4m x 2.5m, 1 no. electric meter cabinet, 2.4m palisade compound and compound base to be finished with local stone, and demolition of existing mast",MM02 4625 Communication Station Churchill Road Wheatley Doncaster DN1 2TF,,,https://www.planit.org.uk/planapplic/Doncaster/26/00873/FUL/,Two 12m x 4m modular DCs replacing a mast,PlanIt,2026-10-09,2026-10-09,manual-review-2026-10-09,Doncaster modular DCs,
UK:Warrington/2026/00602/ADJA,UK,Warrington,2026/00602/ADJA,2026-05-06,,,,EIA screening/scoping,true,data centre (type not stated),,,,,,,,,,,,,,,,EIA Screening Opinion for BESS and data centre on sites 4 and 5,"Moss Bank Energy Park, Land At Widnes Waterfront Bounded By Earle Road, Tan House Lane, Moss Bank Road, Gorsey Lane, Johnson's Lane; North Of St Helens Canal And Warrington & Stockport Railway Line At Moss Bank, Widnes, WA8 0GY",,,https://www.planit.org.uk/planapplic/Warrington/2026/00602/ADJA/,Warrington consulted on screening for BESS and DC (sites 4 and 5),PlanIt,2026-10-09,2026-10-09,manual-review-2026-10-09,"Earle Road/Moss Bank Road, Widnes (Halton/Warrington)",
UK:Northumberland/26/01570/FUL,UK,Northumberland (County),26/01570/FUL,2026-05-05,,Undecided,,full application,true,ancillary to data centre,,,,,RENAISSANCE LAND LIMITED (individual PSC: Stephen Schwarzman),high,evidence chain: named as Owner in legal agreement; Companies House PSC chain,,Quod,14433976,RENAISSANCE LAND LIMITED (14433976),ND115455; ND116185; ND210681,RENAISSANCE LAND LIMITED (14433976) [high],,,"The creation of an improved all-vehicle access road off Wembley Gardens, East Bedlington to access Ferguson Business Park East and the Cambois Data Centre approved under outline planning approval 24/04112/OUTES",Land North East Of Unit 5 Sleekburn Business Centre West Sleekburn Northumberland,,,https://www.planit.org.uk/planapplic/Northumberland/26/01570/FUL/,Access road to Ferguson Business Park East and Cambois DC,PlanIt,2026-10-09,2026-10-09,manual-review-2026-10-09,"Cambois data centre campus, Northumberland","[high] named as Owner in legal agreement: https://publicaccess.northumberland.gov.uk/online-applications/files/04DA9578A88BD9B2EEAD899048FF31B5/pdf/24_04112_OUTES-S106-2847648.pdf | ""e Council'); and 2. RENAISSANCE LAND LIMITED incorporated and registered in England and Wales with company number 14433976 whose registered of"" || [high] registered proprietor (HM Land Registry) RENAISSANCE LAND LIMITED (14433976): HM Land Registry CCOD/OCOD Oct 2026: title ND116185 (Freehold, 'Blyth Power Station, Cambois, Blyth') proprietor RENAISSANCE LAND LIMITED 14433976; title cited at https://publicaccess.northumberland.gov.uk/online-applications/files/04DA9578A88BD9B2EEAD899048FF31B5/pdf/24_04112_OUTES-S106-2847648.pdf | ""d are enforceable. B. The Owner is the registered freehold proprietor of the Site registered at the Land Registry under title numbers ND116185; ND210681; and ND115455. C. The Owner submitted the Application to the Council in respect of the Development of the Application Land which was"" || [low] portal applicant (name only): https://publicaccess.northumberland.gov.uk/online-applications/applicationDetails.do?keyVal=TKF3ESQSGWV00&activeTab=details | Applicant Name: ""Renaissance Land Limited"" || [low] portal applicant (name only): https://publicaccess.northumberland.gov.uk/online-applications/applicationDetails.do?keyVal=TJWMVVQSGMV00&activeTab=details | Applicant Name: ""Renaissance Land Limited"""
UK:CentralBedfordshire/CB/26/01401/DOC,UK,Central Bedfordshire,CB/26/01401/DOC,2026-05-05,2026-08-19,Conditions,Discharge of Condition Decision Released,,false,not data centre,,,,,,,,,,,,,,,,"Discharge of Condition 25, against planning permission ref. CB/12/03613/OUT (Outline planning permission with the details of access, appearance, landscaping, layout and scale reserved for later determination. Development to comprise: up to 5,150 dwellings (Use Class C3); up to 202,500 sqm gross of additional development in Use Classes: A1, A2, A3 (retail), A4 (public house), A5 (take away); B1, B2, B8 (offices, industrial and storage and distribution); C1 (hotel), C2 (care home), D1 and D2 (community and leisure); car showroom; data centre; petrol filling station; car parking; primary substation; energy centre; and for the laying out of the buildings; routes and open spaces within the development; and all associated works and operations including but not limited to: demolition; earthworks; engineering operations. All development, works and operations to be in accordance with the Development Parameters Schedule and Plans.)","Phase 4, Parcel 6, Houghton Regis North 1, Sundon Road, Houghton Regis",,,https://www.planit.org.uk/planapplic/CentralBedfordshire/CB/26/01401/DOC/,"5,150-home mixed-use outline CB/12/03613/OUT lists data centre as one permitted use; not a DC application",PlanIt,2026-10-09,2026-10-09,manual-review-2026-10-09,,
UK:CentralBedfordshire/CB/26/01402/DOC,UK,Central Bedfordshire,CB/26/01402/DOC,2026-05-05,2026-07-24,Conditions,Discharge of Condition Decision Released,,false,not data centre,,,,,,,,,,,,,,,,"Discharge of Condition 19 (parcel 6 phase 4) against planning permission ref. CB/12/03613/OUT (Outline planning permission with the details of access, appearance, landscaping, layout and scale reserved for later determination. Development to comprise: up to 5,150 dwellings (Use Class C3); up to 202,500 sqm gross of additional development in Use Classes: A1, A2, A3 (retail), A4 (public house), A5 (take away); B1, B2, B8 (offices, industrial and storage and distribution); C1 (hotel), C2 (care home), D1 and D2 (community and leisure); car showroom; data centre; petrol filling station; car parking; primary substation; energy centre; and for the laying out of the buildings; routes and open spaces within the development; and all associated works and operations including but not limited to: demolition; earthworks; engineering operations. All development, works and operations to be in accordance with the Development Parameters Schedule and Plans.)","Phase 4, Parcel 6, Houghton Regis North 1, Sundon Road, Houghton Regis",,,https://www.planit.org.uk/planapplic/CentralBedfordshire/CB/26/01402/DOC/,"5,150-home mixed-use outline CB/12/03613/OUT lists data centre as one permitted use; not a DC application",PlanIt,2026-10-09,2026-10-09,manual-review-2026-10-09,,
UK:WhiteHorse/P26/V1410/DIS,UK,Vale of White Horse,P26/V1410/DIS,2026-04-30,2026-07-03,Permitted,Discharge Details Agreed,conditions discharge,true,hyperscale/campus,,,197000,,Rwe Ag,high,evidence chain: registered proprietor (HM Land Registry); Companies House PSC chain,,Tetra Tech Consulting Ltd,03892782,"RWE GENERATION UK PLC (03892782) > Rwe Ag (HRB14525, Germany)",BK65574; ON15785; ON157852; ON191378; ON297164; ON322203 (low),AMAZON DATA SERVICES UK LIMITED (09959151) [low]; NATIONAL GRID ELECTRICAL TRANSMISSION PLC (02366977) [high]; NATIONAL GRID ELECTRICITY TRANSMISSION PLC (02366977) [high]; RWE GENERATION UK PLC (03892782) [high],"The Law Debenture Pension Trust Corporation PLC (The ""Isp Trustee"") and Its Successors, Assignsand Transferees",,"Discharge of Condition 20 (BNS Offset) of P22/V1857/O Hybrid application comprising: 1. Outline planning permission for the erection of up to 197,000m2 Use Class B8 data centre development with ancillary Use Class E office space, together with associated groundworks, utilities, infrastructure, engineering and enabling works. Matters relating to appearance, landscaping, drainage, layout and scale of the development areas reserved for subsequent approval; and 2. Full planning permission for the construction of new and improved site access, new access roads, hard & soft landscaping, creation of SUDS and all associated infrastructure and engineering works.",Land at former Didcot A Power Station Didcot Oxfordshire Didcot OX11 7HA,,,https://www.planit.org.uk/planapplic/WhiteHorse/P26/V1410/DIS/,,PlanIt,2026-10-09,2026-10-09,manual-review-2026-10-09,Vale P22/V1857/O (likely former Didcot A Power Station),"[high] registered proprietor (HM Land Registry): HM Land Registry CCOD/OCOD Oct 2026: title BK65574 (Freehold, 'land on the North and South side of Port Way, Sutton Coutenay') proprietor RWE GENERATION UK PLC 03892782; title cited at https://valeofwhitehorse.planning-register.co.uk/Document/GetFileBinary#155993/1395862.0000/200.0000 | ""ted. (C) The Owner is the freehold owner of the Owner’s S106 Land free from encumbrances (other than those contained in title numbers BK65574 and ON157852 and as contained in the Title Documents) as set out in the First Schedule. (D) The District Council has delegated authority"" || [high] registered proprietor (HM Land Registry): HM Land Registry CCOD/OCOD Oct 2026: title ON157852 (Freehold, 'Land at Didcot Power Station, Didcot') proprietor RWE GENERATION UK PLC 03892782; title cited at https://valeofwhitehorse.planning-register.co.uk/Document/GetFileBinary#155993/1395862.0000/200.0000 | ""ted. (C) The Owner is the freehold owner of the Owner’s S106 Land free from encumbrances (other than those contained in title numbers BK65574 and ON157852 and as contained in the Title Documents) as set out in the First Schedule. (D) The District Council has delegated authority"" || https://find-and-update.company-information.service.gov.uk/company/03892782 | RWE GENERATION UK PLC PSC: Rwe Ag (HRB14525 Germany) notified 2016-04-06 || https://find-and-update.company-information.service.gov.uk/company/03892782/charges/WbSro29nLGaC7XEVuENfRVJoVbA | charge 2005-10-28 (fully-satisfied) to Calyon, London Branch || https://find-and-update.company-information.service.gov.uk/company/03892782/charges/kWBZ7hFU78ir2IQ_g7u1_j-tjhA | charge 2003-08-28 (outstanding) to The Law Debenture Pension Trust Corporation PLC (The ""Isp Trustee"") and Its Successors, Assignsand Transferees || [high] registered proprietor (HM Land Registry) NATIONAL GRID ELECTRICAL TRANSMISSION PLC (02366977): HM Land Registry CCOD/OCOD Oct 2026: title ON191378 (Leasehold, 'land and buildings at Didcot Power Station, Didcot') proprietor NATIONAL GRID ELECTRICAL TRANSMISSION PLC 02366977; title cited at https://valeofwhitehorse.planning-register.co.uk/Document/GetFileBinary#155993/1630385.0000/221.0000 | ""on dated 9 January 2024 and by a Deed of Variation dated [ ] 2025), which lease is registered at the Land Registry with title number ON191378 (the “1990 Lease”); and (b) Secondly, a lease relating to land at Didcot Power Station, Didcot, Oxfordshire dated 14 Apr"" || [high] registered proprietor (HM Land Registry) NATIONAL GRID ELECTRICITY TRANSMISSION PLC (02366977): HM Land Registry CCOD/OCOD Oct 2026: title ON297164 (Leasehold, 'Land at Didcot Power Station, Didcot') proprietor NATIONAL GRID ELECTRICITY TRANSMISSION PLC 02366977; title cited at https://valeofwhitehorse.planning-register.co.uk/Document/GetFileBinary#155993/1630385.0000/221.0000 | ""nal Grid Electricity Transmission Plc (2) (as subsequently varied), which lease is registered at the Land Registry with title ON297164 (the “2011 Lease”); and (c) Thirdly, a Lease by Reference relating to land at Didcot Power Station, Didcot, Oxfordshire"" || [low] registered proprietor (HM Land Registry) AMAZON DATA SERVICES UK LIMITED (09959151): HM Land Registry CCOD/OCOD Oct 2026 address match: title ON322203 ('Gatehouse, Didcot Power Station, Purchas Road, Didcot') proprietor AMAZON DATA SERVICES UK LIMITED 09959151 || [low] portal applicant (name only): https://valeofwhitehorse.planning-register.co.uk/Planning/Display?applicationNumber=P22%2FV1857%2FO | Applicant Name: ""RWE Generation UK plc"""
UK:WhiteHorse/P26/V1411/DIS,UK,Vale of White Horse,P26/V1411/DIS,2026-04-30,2026-07-01,Conditions,Discharge Partially Agreed,conditions discharge,true,data centre (type not stated),,,29492,2,"Amazon.Com, Inc.",low (address match; check title plan),evidence chain: registered proprietor (HM Land Registry); Companies House PSC chain,,Tetra Tech,09959151,"AMAZON DATA SERVICES UK LIMITED (09959151) > Amazon.Com, Inc. (no number, Us Law)",ON368631 (low),AMAZON DATA SERVICES UK LIMITED (09959151) [low],,,"Discharge of condtion 6 (Carbon Reduction) and 11 (Land Contamination) on Planning Permission P21/V0167/FUL Hybrid planning application consisting of a) Full Planning Application for the erection of a single storey 8,692 m2 Data Centre building (containing data halls, associated electrical and AHU Plant Rooms, loading bay, maintenance and storage space, office administration areas and screened plant at roof level), emergency generators and emission stacks, diesel tanks and filling area, electrical switchroom, a water sprinkler pump room and storage tanks, a gate house / security building, MV substation, site access, internal access roads, drainage infrastructure, hard and soft landscaping and b) Outline Planning Application for the erection of a two storey 20,800 m2 Data Centre building (containing data halls, associated electrical and AHU Plant Rooms, loading bay, maintenance and storage space, office administration areas and screened plant at roof level), emergency generators and emission stacks, diesel tanks and filling area, electrical switchroom, a water sprinkler pump room and storage tanks; details of appearance will be reserved, along with hard landscaping immediately around the building","Land at Former Didcot A Power Station, north of Milton Road, Didcot Didcot",,,https://www.planit.org.uk/planapplic/WhiteHorse/P26/V1411/DIS/,"8,692 m2 full + 20,800 m2 outline DC buildings (sum 29,492 m2)",PlanIt,2026-10-09,2026-10-09,manual-review-2026-10-09,"South Oxon/Vale hybrid DC (P21/S0274/FUL, P21/V0167/FUL)","[low] registered proprietor (HM Land Registry): HM Land Registry CCOD/OCOD Oct 2026 address match: title ON368631 ('Plot A1, Signia Park, Milton Road, Didcot (OX11 7HH)') proprietor AMAZON DATA SERVICES UK LIMITED 09959151 || https://find-and-update.company-information.service.gov.uk/company/09959151 | AMAZON DATA SERVICES UK LIMITED PSC: Amazon.Com, Inc. ( Us Law) notified 2016-04-06"
UK:Rochdale/PL/2026/0034,UK,Rochdale,PL/2026/0034,2026-04-30,2026-08-14,Conditions,Approve with Conditions,approved,true,edge/small,,,,4,,,,,,,,,,,,"Change of use from vacant industrial yard to Modular Data Centre comprising four prefabricated modular units with chiller units on the roof, two transformers, external steps to roof and 2.4m high palisade boundary fencing","Land on West Side of Hanson Street, Middleton, Manchester, M24 6AG",,,https://www.planit.org.uk/planapplic/Rochdale/PL/2026/0034/,Four prefabricated modular units on vacant yard,PlanIt,2026-10-09,2026-10-09,manual-review-2026-10-09,Rochdale modular DC,
UK:Fife/26/01243/PPP,UK,Fife,26/01243/PPP,2026-04-29,,Undecided,,outline application,true,hyperscale/campus,,,,,,,,,LoganPM,,,,,,,"Planning permission in principle for a data centre campus (Class 6) comprising data hall buildings, gatehouses and associated infrastructure including electricity substations, fencing, plant and machinery, access roads, paths, parking, drainage and landscaping",Land To The North Of Camilla Road Gleniston Auchtertool Fife,,,https://www.planit.org.uk/planapplic/Fife/26/01243/PPP/,PPP; data hall buildings and substations,PlanIt,2026-10-09,2026-10-09,manual-review-2026-10-09,Fife 26/01243/PPP data centre campus,
UK:MiltonKeynes/PLN/2026/0914,UK,Milton Keynes,PLN/2026/0914,2026-04-29,2026-05-26,Permitted,No Objection,EIA screening/scoping,true,hyperscale/campus,,,,3,,,,,,,,,,,,"Consultation from Planning Inspectorate prior to adoption of Scoping request relating to Environmental Statement (ES) for the Development Consent relating to proposed SDC M40 Campus project comprising a Data Centre Campus of three units, together with an integrated on site energy generation centre and associated development including access and landscaping","Green Belt land located north of the M40 motorway and south of the A40 Oxford Road, Hedgerley Green",,,https://www.planit.org.uk/planapplic/MiltonKeynes/PLN/2026/0914/,National infrastructure (DCO) route; three units with on-site energy generation; MK consulted on scoping,PlanIt,2026-10-09,2026-10-09,manual-review-2026-10-09,SDC M40 Campus (DCO via Planning Inspectorate),
UK:OldOakParkRoyal/26/0084/AODOPDC,UK,Old Oak Park Royal,26/0084/AODOPDC,2026-04-28,2026-07-06,Permitted,Approve,conditions discharge,true,data centre (type not stated),,,52000,,,,,,,,,,,,,"Partial details of condition 3 (Materials - scope of mock up panel) for Phase 2 pursusant to planning permission reference 23/0270/REMOPDC dated 02/07/2024 for 'Phase 2 Reserved Matters Application with full details of access, layout, scale, appearance and landscaping pursuant to outline planning permission reference 21/0013/OUTOPDC dated 07/09/2021 for a data centre (Use Class B8), generator gantry, plant, hard and soft landscaping and associated works'.","Chandos Road Trading Estate, Chandos Park Estate, Park Royal, NW10 6NF",,,https://www.planit.org.uk/planapplic/OldOakParkRoyal/26/0084/AODOPDC/,,PlanIt,2026-10-09,2026-10-09,manual-review-2026-10-09,"OPDC 21/0013/OUTOPDC (up to 52,000 sqm GEA)",
UK:CentralBedfordshire/CB/26/01348/OUT,UK,Central Bedfordshire,CB/26/01348/OUT,2026-04-28,2026-09-11,Withdrawn,Application Withdrawn,withdrawn,possible,data centre (type not stated),,,,,,,,,,,,,,,,"Hybrid planning application comprising: Outline application for commercial development for up to 71,000 sqm of flexible employment floorspace including industrial and/or a data centre and/or research and development (Class B2, B8, E(g)(ii), E(g)(iii)), together with associated buildings, structures, car parking, access roads and landscaping works (all matters reserved). Full application for a landscape buffer","Land North of Beamish Close, Sandy, Bedfordshire, SG19 1SD",,,https://www.planit.org.uk/planapplic/CentralBedfordshire/CB/26/01348/OUT/,"Up to 71,000 sqm flexible industrial and/or DC and/or R&D; DC optional; withdrawn",PlanIt,2026-10-09,2026-10-09,manual-review-2026-10-09,Central Beds CB/26/01348/OUT flexible employment,
UK:OldOakParkRoyal/26/0082/AODOPDC,UK,Old Oak Park Royal,26/0082/AODOPDC,2026-04-28,2026-07-06,Permitted,Approve,conditions discharge,true,data centre (type not stated),,,52000,,,,,,,,,,,,,"Details of condition 35 (Landscaping and Public Realm) for Phase 2 pursuant to planning permission reference 21/0013/OUTOPDC dated 07/09/2021 for 'Outline planning permission with the details of access, appearance, landscaping, layout and scale reserved for later determination for demolition and redevelopment to comprise a data centre (Use Class B8) of up to 52,000 sqm gross external, including ancillary offices, internal plant and equipment (including flues), and substation. In addition to the above the Development may include up to 2,500 sqm of work units (Use Class E(g)(ii) & E(g)(iii), B2); car parking; provision of external plant and equipment (including flues); creation of servicing areas and provision of associated services, including waste, refuse, cycle storage, and lighting; and for the laying out of the buildings; routes and open spaces within the development; and all associated works and operations including but not limited to: demolition; earthworks; provision of attenuation infrastructure, engineering operations. Development shall be in accordance with the approved Development Parameters Schedule and Plans'.","Chandos Road Trading Estate, Chandos Road, Park Royal, NW10 6NF",,,https://www.planit.org.uk/planapplic/OldOakParkRoyal/26/0082/AODOPDC/,,PlanIt,2026-10-09,2026-10-09,manual-review-2026-10-09,"OPDC 21/0013/OUTOPDC (up to 52,000 sqm GEA)",
UK:OldOakParkRoyal/26/0083/AODOPDC,UK,Old Oak Park Royal,26/0083/AODOPDC,2026-04-28,2026-07-09,Permitted,Approve,conditions discharge,true,data centre (type not stated),,,52000,,,,,,,,,,,,,"Details of condition 44 (External Lighting Scheme) for Phase 1b pursuant to planning permission 21/0013/OUTOPDC dated 07/09/2021 for 'Outline planning permission with the details of access, appearance, landscaping, layout and scale reserved for later determination for demolition and redevelopment to comprise a data centre (Use Class B8) of up to 52,000 sqm gross external, including ancillary offices, internal plant and equipment (including flues), and substation. In addition to the above the Development may include up to 2,500 sqm of work units (Use Class E(g)(ii) & E(g)(iii), B2); car parking; provision of external plant and equipment (including flues); creation of servicing areas and provision of associated services, including waste, refuse, cycle storage, and lighting; and for the laying out of the buildings; routes and open spaces within the development; and all associated works and operations including but not limited to: demolition; earthworks; provision of attenuation infrastructure, engineering operations. Development shall be in accordance with the approved Development Parameters Schedule and Plans'.","Chandos Road Trading Estate, Chandos Road, Park Royal, NW10 6NF",,,https://www.planit.org.uk/planapplic/OldOakParkRoyal/26/0083/AODOPDC/,,PlanIt,2026-10-09,2026-10-09,manual-review-2026-10-09,"OPDC 21/0013/OUTOPDC (up to 52,000 sqm GEA)",
UK:Bassetlaw/26/00498/FUL,UK,Bassetlaw,26/00498/FUL,2026-04-28,2026-07-24,Permitted,Grant,approved,true,edge/small,,,,1,,,,,H B P W LLP,,,,,,,Erection of a New Modular Data Centre Building,Land Off South Road West Burton Nottinghamshire,,,https://www.planit.org.uk/planapplic/Bassetlaw/26/00498/FUL/,,PlanIt,2026-10-09,2026-10-09,manual-review-2026-10-09,Bassetlaw modular DC,
UK:Hillingdon/49261/APP/2026/1013,UK,Hillingdon,49261/APP/2026/1013,2026-04-23,2026-06-26,Permitted,,conditions discharge,true,data centre (type not stated),,,,1,"Amazon.Com, Inc.",high,evidence chain: registered proprietor (HM Land Registry); Companies House PSC chain,,,09959151,"AMAZON DATA SERVICES UK LIMITED (09959151) > Amazon.Com, Inc. (no number, Us Law)",NGL86823,AMAZON DATA SERVICES UK LIMITED (09959151) [high],,,"Details pursuant to the discharge of Condition 20 (Flood Risk Assessment and Drainage Strategy) of planning permission ref. 49261/APP/2024/2904 dated 12-03-2026 (Demolition of the existing building and structures on site, and all other associated site clearance works. Construction of a data centre building (Class B8) with plant at roof level with an emergency generator (1no.) and associated flue (provided within an external compound adjoining the data centre building), sprinkler tank and pumphouse, security guard house, and provision of one kiosk substation and MV Building. The development also comprises the construction of a new access and internal road and circulation areas, footpaths, provision of car and bicycle parking, hard and soft landscaping and other associated works and ancillary site infrastructure.)","UNIT 4, SILVERDALE INDUSTRIAL ESTATE SILVERDALE ROAD HAYES",,,https://www.planit.org.uk/planapplic/Hillingdon/49261/APP/2026/1013/,,PlanIt,2026-10-09,2026-10-09,manual-review-2026-10-09,Hillingdon 49261/APP/2024/2904,"[high] registered proprietor (HM Land Registry): HM Land Registry CCOD/OCOD Oct 2026: title NGL86823 (Freehold, 'Unit 4, Trinity Trading Estate, Silverdale Road, Hayes (UB3 3BN)') proprietor AMAZON DATA SERVICES UK LIMITED 09959151; title cited at https://planning.hillingdon.gov.uk/OcellaWeb/viewDocument?file=dv_pl_files%5C49261_APP_2024_2904%5CApplicationFormRedacted.pdf&module=pl | ""itle number(s) for the existing building(s) on the site. If the site has no title numbers, please enter 'Unregistered'. Title Number: NGL86823 Energy Performance Certificate Number Do any of the buildings on the application site have an Energy Performance Certifi"" || https://find-and-update.company-information.service.gov.uk/company/09959151 | AMAZON DATA SERVICES UK LIMITED PSC: Amazon.Com, Inc. ( Us Law) notified 2016-04-06"
UK:WhiteHorse/P26/V1192/DIS,UK,Vale of White Horse,P26/V1192/DIS,2026-04-22,2026-09-24,Conditions,Discharge Partially Agreed,conditions discharge,true,hyperscale/campus,,,197000,,Rwe Ag,high,evidence chain: registered proprietor (HM Land Registry); Companies House PSC chain,,Tetra Tech Consulting Ltd,03892782,"RWE GENERATION UK PLC (03892782) > Rwe Ag (HRB14525, Germany)",BK65574; ON15785; ON157852; ON191378; ON297164; ON322203 (low),AMAZON DATA SERVICES UK LIMITED (09959151) [low]; NATIONAL GRID ELECTRICAL TRANSMISSION PLC (02366977) [high]; NATIONAL GRID ELECTRICITY TRANSMISSION PLC (02366977) [high]; RWE GENERATION UK PLC (03892782) [high],"The Law Debenture Pension Trust Corporation PLC (The ""Isp Trustee"") and Its Successors, Assignsand Transferees",,"Discharge of condition(s) 9 (Remediation of Ground Conditions) for application ref. P22/V1857/O. (Hybrid application comprising: 1. Outline planning permission for the erection of up to 197,000m2 Use Class B8 data centre development with ancillary Use Class E office space, together with associated groundworks, utilities, infrastructure, engineering and enabling works. Matters relating to appearance, landscaping, drainage, layout and scale of the development areas reserved for subsequent approval; and 2. Full planning permission for the construction of new and improved site access, new access roads, hard & soft landscaping, creation of SUDS and all associated infrastructure and engineering works).","Didcot Power Station, Rwe N Power Plc Didcot Power Station Didcot OX11 7HA",,,https://www.planit.org.uk/planapplic/WhiteHorse/P26/V1192/DIS/,,PlanIt,2026-10-09,2026-10-09,manual-review-2026-10-09,Vale P22/V1857/O (likely former Didcot A Power Station),"[high] registered proprietor (HM Land Registry): HM Land Registry CCOD/OCOD Oct 2026: title BK65574 (Freehold, 'land on the North and South side of Port Way, Sutton Coutenay') proprietor RWE GENERATION UK PLC 03892782; title cited at https://valeofwhitehorse.planning-register.co.uk/Document/GetFileBinary#155993/1395862.0000/200.0000 | ""ted. (C) The Owner is the freehold owner of the Owner’s S106 Land free from encumbrances (other than those contained in title numbers BK65574 and ON157852 and as contained in the Title Documents) as set out in the First Schedule. (D) The District Council has delegated authority"" || [high] registered proprietor (HM Land Registry): HM Land Registry CCOD/OCOD Oct 2026: title ON157852 (Freehold, 'Land at Didcot Power Station, Didcot') proprietor RWE GENERATION UK PLC 03892782; title cited at https://valeofwhitehorse.planning-register.co.uk/Document/GetFileBinary#155993/1395862.0000/200.0000 | ""ted. (C) The Owner is the freehold owner of the Owner’s S106 Land free from encumbrances (other than those contained in title numbers BK65574 and ON157852 and as contained in the Title Documents) as set out in the First Schedule. (D) The District Council has delegated authority"" || https://find-and-update.company-information.service.gov.uk/company/03892782 | RWE GENERATION UK PLC PSC: Rwe Ag (HRB14525 Germany) notified 2016-04-06 || https://find-and-update.company-information.service.gov.uk/company/03892782/charges/WbSro29nLGaC7XEVuENfRVJoVbA | charge 2005-10-28 (fully-satisfied) to Calyon, London Branch || https://find-and-update.company-information.service.gov.uk/company/03892782/charges/kWBZ7hFU78ir2IQ_g7u1_j-tjhA | charge 2003-08-28 (outstanding) to The Law Debenture Pension Trust Corporation PLC (The ""Isp Trustee"") and Its Successors, Assignsand Transferees || [high] registered proprietor (HM Land Registry) NATIONAL GRID ELECTRICAL TRANSMISSION PLC (02366977): HM Land Registry CCOD/OCOD Oct 2026: title ON191378 (Leasehold, 'land and buildings at Didcot Power Station, Didcot') proprietor NATIONAL GRID ELECTRICAL TRANSMISSION PLC 02366977; title cited at https://valeofwhitehorse.planning-register.co.uk/Document/GetFileBinary#155993/1630385.0000/221.0000 | ""on dated 9 January 2024 and by a Deed of Variation dated [ ] 2025), which lease is registered at the Land Registry with title number ON191378 (the “1990 Lease”); and (b) Secondly, a lease relating to land at Didcot Power Station, Didcot, Oxfordshire dated 14 Apr"" || [high] registered proprietor (HM Land Registry) NATIONAL GRID ELECTRICITY TRANSMISSION PLC (02366977): HM Land Registry CCOD/OCOD Oct 2026: title ON297164 (Leasehold, 'Land at Didcot Power Station, Didcot') proprietor NATIONAL GRID ELECTRICITY TRANSMISSION PLC 02366977; title cited at https://valeofwhitehorse.planning-register.co.uk/Document/GetFileBinary#155993/1630385.0000/221.0000 | ""nal Grid Electricity Transmission Plc (2) (as subsequently varied), which lease is registered at the Land Registry with title ON297164 (the “2011 Lease”); and (c) Thirdly, a Lease by Reference relating to land at Didcot Power Station, Didcot, Oxfordshire"" || [low] registered proprietor (HM Land Registry) AMAZON DATA SERVICES UK LIMITED (09959151): HM Land Registry CCOD/OCOD Oct 2026 address match: title ON322203 ('Gatehouse, Didcot Power Station, Purchas Road, Didcot') proprietor AMAZON DATA SERVICES UK LIMITED 09959151 || [low] portal applicant (name only): https://valeofwhitehorse.planning-register.co.uk/Planning/Display?applicationNumber=P22%2FV1857%2FO | Applicant Name: ""RWE Generation UK plc"""
UK:Hertsmere/26/0532/ADJ,UK,Hertsmere,26/0532/ADJ,2026-04-21,2026-04-30,Permitted,Raise No Objections,consultation (neighbouring authority),possible,data centre (type not stated),,,,,,,,,,,,,,,,"Submission of Reserved Matters (details of appearance, landscaping, layout and scale) following Outline permission 5/2025/1841 dated 25/03/2026 for Variation of Condition 3 (approved plans) to amend the approved Parameter Plan including minor variation to the Development Zone 1B boundary to increase the landscaping buffer, amend the building height restrictions in Development Zone 1A and the finished floor levels in Development Zone 1C and variation of Condition 12 (plant and barriers) to allow building flues up to 1 metre above the maximum building height of planning permission 5/2022/2966 dated 03/01/2024 for Outline application (access sought) for the demolition of existing buildings and the development of 7.57ha to provide flexible commercial/employment space falling within either Class B8 (Storage and Distribution) or a data centre and strategic landscaping with matters of access, layout, scale, appearance and other landscaping reserved. Application reference: 5/2026/0719. (Consultation for Adjacent Authority Application.)",Units 4 To 5 Riverside Industrial Estate London Colney Bypass London Colney Hertfordshire,,,https://www.planit.org.uk/planapplic/Hertsmere/26/0532/ADJ/,Flexible B8 or data centre; DC not certain,PlanIt,2026-10-09,2026-10-09,manual-review-2026-10-09,St Albans 5/2022/2966 (7.57ha B8 or DC),
UK:Hillingdon/49261/APP/2026/985,UK,Hillingdon,49261/APP/2026/985,2026-04-20,2026-06-09,Permitted,,conditions discharge,true,data centre (type not stated),,,,1,"Amazon.Com, Inc.",high,evidence chain: registered proprietor (HM Land Registry); Companies House PSC chain,,,09959151,"AMAZON DATA SERVICES UK LIMITED (09959151) > Amazon.Com, Inc. (no number, Us Law)",NGL86823,AMAZON DATA SERVICES UK LIMITED (09959151) [high],,,"Details pursuant to the discharge of Condition 21(i) (Contaminated Land) of planning permission ref. 49261/APP/2024/2904 dated 12-03-2026 (Demolition of the existing building and structures on site, and all other associated site clearance works. Construction of a data centre building (Class B8) with plant at roof level with an emergency generator (1no.) and associated flue (provided within an external compound adjoining the data centre building), sprinkler tank and pumphouse, security guard house, and provision of one kiosk substation and MV Building. The development also comprises the construction of a new access and internal road and circulation areas, footpaths, provision of car and bicycle parking, hard and soft landscaping and other associated works and ancillary site infrastructure.)","UNIT 4, SILVERDALE INDUSTRIAL ESTATE SILVERDALE ROAD HAYES",,,https://www.planit.org.uk/planapplic/Hillingdon/49261/APP/2026/985/,,PlanIt,2026-10-09,2026-10-09,manual-review-2026-10-09,Hillingdon 49261/APP/2024/2904,"[high] registered proprietor (HM Land Registry): HM Land Registry CCOD/OCOD Oct 2026: title NGL86823 (Freehold, 'Unit 4, Trinity Trading Estate, Silverdale Road, Hayes (UB3 3BN)') proprietor AMAZON DATA SERVICES UK LIMITED 09959151; title cited at https://planning.hillingdon.gov.uk/OcellaWeb/viewDocument?file=dv_pl_files%5C49261_APP_2024_2904%5CApplicationFormRedacted.pdf&module=pl | ""itle number(s) for the existing building(s) on the site. If the site has no title numbers, please enter 'Unregistered'. Title Number: NGL86823 Energy Performance Certificate Number Do any of the buildings on the application site have an Energy Performance Certifi"" || https://find-and-update.company-information.service.gov.uk/company/09959151 | AMAZON DATA SERVICES UK LIMITED PSC: Amazon.Com, Inc. ( Us Law) notified 2016-04-06"
UK:WhiteHorse/P26/V1152/DIS,UK,Vale of White Horse,P26/V1152/DIS,2026-04-17,2026-06-25,Conditions,Discharge Partially Agreed,conditions discharge,true,hyperscale/campus,,,197000,,Rwe Ag,high,evidence chain: registered proprietor (HM Land Registry); Companies House PSC chain,,Tetra Tech Consulting Limited,03892782,"RWE GENERATION UK PLC (03892782) > Rwe Ag (HRB14525, Germany)",BK65574; ON15785; ON157852; ON191378; ON297164; ON322203 (low),AMAZON DATA SERVICES UK LIMITED (09959151) [low]; NATIONAL GRID ELECTRICAL TRANSMISSION PLC (02366977) [high]; NATIONAL GRID ELECTRICITY TRANSMISSION PLC (02366977) [high]; RWE GENERATION UK PLC (03892782) [high],"The Law Debenture Pension Trust Corporation PLC (The ""Isp Trustee"") and Its Successors, Assignsand Transferees",,"Discharge of condition(s) 9 (Contamination details) on application ref. P22/V1857/O. (Hybrid application comprising: 1. Outline planning permission for the erection of up to 197,000m2 Use Class B8 data centre development with ancillary Use Class E office space, together with associated groundworks, utilities, infrastructure, engineering and enabling works. Matters relating to appearance, landscaping, drainage, layout and scale of the development areas reserved for subsequent approval; and 2. Full planning permission for the construction of new and improved site access, new access roads, hard & soft landscaping, creation of SUDS and all associated infrastructure and engineering works.)",Land at former Didcot A Power Station Didcot OX11 7HA,,,https://www.planit.org.uk/planapplic/WhiteHorse/P26/V1152/DIS/,,PlanIt,2026-10-09,2026-10-09,manual-review-2026-10-09,Vale P22/V1857/O (likely former Didcot A Power Station),"[high] registered proprietor (HM Land Registry): HM Land Registry CCOD/OCOD Oct 2026: title BK65574 (Freehold, 'land on the North and South side of Port Way, Sutton Coutenay') proprietor RWE GENERATION UK PLC 03892782; title cited at https://valeofwhitehorse.planning-register.co.uk/Document/GetFileBinary#155993/1395862.0000/200.0000 | ""ted. (C) The Owner is the freehold owner of the Owner’s S106 Land free from encumbrances (other than those contained in title numbers BK65574 and ON157852 and as contained in the Title Documents) as set out in the First Schedule. (D) The District Council has delegated authority"" || [high] registered proprietor (HM Land Registry): HM Land Registry CCOD/OCOD Oct 2026: title ON157852 (Freehold, 'Land at Didcot Power Station, Didcot') proprietor RWE GENERATION UK PLC 03892782; title cited at https://valeofwhitehorse.planning-register.co.uk/Document/GetFileBinary#155993/1395862.0000/200.0000 | ""ted. (C) The Owner is the freehold owner of the Owner’s S106 Land free from encumbrances (other than those contained in title numbers BK65574 and ON157852 and as contained in the Title Documents) as set out in the First Schedule. (D) The District Council has delegated authority"" || https://find-and-update.company-information.service.gov.uk/company/03892782 | RWE GENERATION UK PLC PSC: Rwe Ag (HRB14525 Germany) notified 2016-04-06 || https://find-and-update.company-information.service.gov.uk/company/03892782/charges/WbSro29nLGaC7XEVuENfRVJoVbA | charge 2005-10-28 (fully-satisfied) to Calyon, London Branch || https://find-and-update.company-information.service.gov.uk/company/03892782/charges/kWBZ7hFU78ir2IQ_g7u1_j-tjhA | charge 2003-08-28 (outstanding) to The Law Debenture Pension Trust Corporation PLC (The ""Isp Trustee"") and Its Successors, Assignsand Transferees || [high] registered proprietor (HM Land Registry) NATIONAL GRID ELECTRICAL TRANSMISSION PLC (02366977): HM Land Registry CCOD/OCOD Oct 2026: title ON191378 (Leasehold, 'land and buildings at Didcot Power Station, Didcot') proprietor NATIONAL GRID ELECTRICAL TRANSMISSION PLC 02366977; title cited at https://valeofwhitehorse.planning-register.co.uk/Document/GetFileBinary#155993/1630385.0000/221.0000 | ""on dated 9 January 2024 and by a Deed of Variation dated [ ] 2025), which lease is registered at the Land Registry with title number ON191378 (the “1990 Lease”); and (b) Secondly, a lease relating to land at Didcot Power Station, Didcot, Oxfordshire dated 14 Apr"" || [high] registered proprietor (HM Land Registry) NATIONAL GRID ELECTRICITY TRANSMISSION PLC (02366977): HM Land Registry CCOD/OCOD Oct 2026: title ON297164 (Leasehold, 'Land at Didcot Power Station, Didcot') proprietor NATIONAL GRID ELECTRICITY TRANSMISSION PLC 02366977; title cited at https://valeofwhitehorse.planning-register.co.uk/Document/GetFileBinary#155993/1630385.0000/221.0000 | ""nal Grid Electricity Transmission Plc (2) (as subsequently varied), which lease is registered at the Land Registry with title ON297164 (the “2011 Lease”); and (c) Thirdly, a Lease by Reference relating to land at Didcot Power Station, Didcot, Oxfordshire"" || [low] registered proprietor (HM Land Registry) AMAZON DATA SERVICES UK LIMITED (09959151): HM Land Registry CCOD/OCOD Oct 2026 address match: title ON322203 ('Gatehouse, Didcot Power Station, Purchas Road, Didcot') proprietor AMAZON DATA SERVICES UK LIMITED 09959151 || [low] portal applicant (name only): https://valeofwhitehorse.planning-register.co.uk/Planning/Display?applicationNumber=P22%2FV1857%2FO | Applicant Name: ""RWE Generation UK plc"""
UK:Hillingdon/49261/APP/2026/964,UK,Hillingdon,49261/APP/2026/964,2026-04-16,2026-07-10,Permitted,,conditions discharge,true,data centre (type not stated),,,,1,"Amazon.Com, Inc.",high,evidence chain: registered proprietor (HM Land Registry); Companies House PSC chain,,,09959151,"AMAZON DATA SERVICES UK LIMITED (09959151) > Amazon.Com, Inc. (no number, Us Law)",NGL86823,AMAZON DATA SERVICES UK LIMITED (09959151) [high],,,"Details pursuant to the discharge of Condition 17 (Materials) and Condition 18 (Living Walls) of planning permission ref. 49261/APP/2024/2904 dated 12-03-2026 (Demolition of the existing building and structures on site, and all other associated site clearance works. Construction of a data centre building (Class B8) with plant at roof level with an emergency generator (1no.) and associated flue (provided within an external compound adjoining the data centre building), sprinkler tank and pumphouse, security guard house, and provision of one kiosk substation and MV Building. The development also comprises the construction of a new access and internal road and circulation areas, footpaths, provision of car and bicycle parking, hard and soft landscaping and other associated works and ancillary site infrastructure.)","UNIT 4, SILVERDALE INDUSTRIAL ESTATE SILVERDALE ROAD HAYES",,,https://www.planit.org.uk/planapplic/Hillingdon/49261/APP/2026/964/,,PlanIt,2026-10-09,2026-10-09,manual-review-2026-10-09,Hillingdon 49261/APP/2024/2904,"[high] registered proprietor (HM Land Registry): HM Land Registry CCOD/OCOD Oct 2026: title NGL86823 (Freehold, 'Unit 4, Trinity Trading Estate, Silverdale Road, Hayes (UB3 3BN)') proprietor AMAZON DATA SERVICES UK LIMITED 09959151; title cited at https://planning.hillingdon.gov.uk/OcellaWeb/viewDocument?file=dv_pl_files%5C49261_APP_2024_2904%5CApplicationFormRedacted.pdf&module=pl | ""itle number(s) for the existing building(s) on the site. If the site has no title numbers, please enter 'Unregistered'. Title Number: NGL86823 Energy Performance Certificate Number Do any of the buildings on the application site have an Energy Performance Certifi"" || https://find-and-update.company-information.service.gov.uk/company/09959151 | AMAZON DATA SERVICES UK LIMITED PSC: Amazon.Com, Inc. ( Us Law) notified 2016-04-06"
UK:CentralBedfordshire/CB/26/01205/DOC,UK,Central Bedfordshire,CB/26/01205/DOC,2026-04-15,,Undecided,,,false,not data centre,,,,,,,,,,,,,,,,"Discharge of Conditions 25 & 35 against planning application ref. CB/12/03613/OUT (Outline planning permission with the details of access, appearance, landscaping, layout and scale reserved for later determination. Development to comprise: up to 5,150 dwellings (Use Class C3); up to 202,500 sqm gross of additional development in Use Classes: A1, A2, A3 (retail), A4 (public house), A5 (take away); B1, B2, B8 (offices, industrial and storage and distribution); C1 (hotel), C2 (care home), D1 and D2 (community and leisure); car showroom; data centre; petrol filling station; car parking; primary substation; energy centre; and for the laying out of the buildings; routes and open spaces within the development; and all associated works and operations including but not limited to: demolition; earthworks; engineering operations. All development, works and operations to be in accordance with the Development Parameters Schedule and Plans.","Phase 3B, Parcels 1 & 2, Houghton Regis North site 1,Houghton regos, Beds",,,https://www.planit.org.uk/planapplic/CentralBedfordshire/CB/26/01205/DOC/,"5,150-home mixed-use outline CB/12/03613/OUT lists data centre as one permitted use; not a DC application",PlanIt,2026-10-09,2026-10-09,manual-review-2026-10-09,,
UK:CentralBedfordshire/CB/26/01149/DOC,UK,Central Bedfordshire,CB/26/01149/DOC,2026-04-10,2026-08-13,Conditions,Discharge of Condition Decision Released,,false,not data centre,,,,,,,,,,,,,,,,"Discharge of Conditions 7 & 29 against planning application ref. CB/12/03613/OUT (Outline planning permission with the details of access, appearance, landscaping, layout and scale reserved for later determination. Development to comprise: up to 5,150 dwellings (Use Class C3); up to 202,500 sqm gross of additional development in Use Classes: A1, A2, A3 (retail), A4 (public house), A5 (take away); B1, B2, B8 (offices, industrial and storage and distribution); C1 (hotel), C2 (care home), D1 and D2 (community and leisure); car showroom; data centre; petrol filling station; car parking; primary substation; energy centre; and for the laying out of the buildings; routes and open spaces within the development; and all associated works and operations including but not limited to: demolition; earthworks; engineering operations. All development, works and operations to be in accordance with the Development Parameters Schedule and Plans.","Phase 3B, Parcels 1 and 2, Houghton Regis North site1, Houghton Regis",,,https://www.planit.org.uk/planapplic/CentralBedfordshire/CB/26/01149/DOC/,"5,150-home mixed-use outline CB/12/03613/OUT lists data centre as one permitted use; not a DC application",PlanIt,2026-10-09,2026-10-09,manual-review-2026-10-09,,
UK:CentralBedfordshire/CB/26/01153/DOC,UK,Central Bedfordshire,CB/26/01153/DOC,2026-04-10,2026-05-14,Conditions,Discharge of Condition Decision Released,,false,not data centre,,,,,,,,,,,,,,,,"Discharge of Conditions 32 & 33 against planning application ref. CB/12/03613/OUT (Outline planning permission with the details of access, appearance, landscaping, layout and scale reserved for later determination. Development to comprise: up to 5,150 dwellings (Use Class C3); up to 202,500 sqm gross of additional development in Use Classes: A1, A2, A3 (retail), A4 (public house), A5 (take away); B1, B2, B8 (offices, industrial and storage and distribution); C1 (hotel), C2 (care home), D1 and D2 (community and leisure); car showroom; data centre; petrol filling station; car parking; primary substation; energy centre; and for the laying out of the buildings; routes and open spaces within the development; and all associated works and operations including but not limited to: demolition; earthworks; engineering operations. All development, works and operations to be in accordance with the Development Parameters Schedule and Plans.)","Houghton Regis North Site 1, land on the northern edge of Houghton Regis",,,https://www.planit.org.uk/planapplic/CentralBedfordshire/CB/26/01153/DOC/,"5,150-home mixed-use outline CB/12/03613/OUT lists data centre as one permitted use; not a DC application",PlanIt,2026-10-09,2026-10-09,manual-review-2026-10-09,,
UK:CentralBedfordshire/CB/26/01152/DOC,UK,Central Bedfordshire,CB/26/01152/DOC,2026-04-10,2026-05-14,Conditions,Discharge of Condition Decision Released,,false,not data centre,,,,,,,,,,,,,,,,"Discharge of Condition 26 against planning application ref. CB/12/03613/OUT (Outline planning permission with the details of access, appearance, landscaping, layout and scale reserved for later determination. Development to comprise: up to 5,150 dwellings (Use Class C3); up to 202,500 sqm gross of additional development in Use Classes: A1, A2, A3 (retail), A4 (public house), A5 (take away); B1, B2, B8 (offices, industrial and storage and distribution); C1 (hotel), C2 (care home), D1 and D2 (community and leisure); car showroom; data centre; petrol filling station; car parking; primary substation; energy centre; and for the laying out of the buildings; routes and open spaces within the development; and all associated works and operations including but not limited to: demolition; earthworks; engineering operations. All development, works and operations to be in accordance with the Development Parameters Schedule and Plans.)","Houghton Regis North Site1, land on the northern edge of Houghton Regis",,,https://www.planit.org.uk/planapplic/CentralBedfordshire/CB/26/01152/DOC/,"5,150-home mixed-use outline CB/12/03613/OUT lists data centre as one permitted use; not a DC application",PlanIt,2026-10-09,2026-10-09,manual-review-2026-10-09,,
UK:CentralBedfordshire/CB/26/01140/DOC,UK,Central Bedfordshire,CB/26/01140/DOC,2026-04-09,2026-07-22,Conditions,Discharge of Condition Decision Released,,false,not data centre,,,,,,,,,,,,,,,,"Discharge of Condition 25 against planning application ref. CB/12/03613/OUT (Outline planning permission with the details of access, appearance, landscaping, layout and scale reserved for later determination. Development to comprise: up to 5,150 dwellings (Use Class C3); up to 202,500 sqm gross of additional development in Use Classes: A1, A2, A3 (retail), A4 (public house), A5 (take away); B1, B2, B8 (offices, industrial and storage and distribution); C1 (hotel), C2 (care home), D1 and D2 (community and leisure); car showroom; data centre; petrol filling station; car parking; primary substation; energy centre; and for the laying out of the buildings; routes and open spaces within the development; and all associated works and operations including but not limited to: demolition; earthworks; engineering operations. All development, works and operations to be in accordance with the Development Parameters Schedule and Plans. CB/25/02087/PAPC also refers.","Phase 4, Parcel 1, Houghton Regis North 1, Sundon Road, Houghton Regis",,,https://www.planit.org.uk/planapplic/CentralBedfordshire/CB/26/01140/DOC/,"5,150-home mixed-use outline CB/12/03613/OUT lists data centre as one permitted use; not a DC application",PlanIt,2026-10-09,2026-10-09,manual-review-2026-10-09,,
UK:Bucks/PL/26/02874/DE,UK,Buckinghamshire,PL/26/02874/DE,2026-04-07,,Undecided,,reserved matters,true,hyperscale/campus,,,65000,,UK COURT LANE DC LTD,low (address match; check title plan),evidence chain: registered proprietor (HM Land Registry); Companies House PSC chain,,NWS Planning,14045228,UK COURT LANE DC LTD (14045228),BM330359 (low),UK COURT LANE DC LTD (14045228) [low],Trimont Europe Limited,,"Reserved Matters Approval is sought for access, appearance, landscaping, layout and scale following outline planning permission PL/22/4145/OA (Outline planning application with all matters reserved for the demolition of the Court Lane Industrial Estate and the redevelopment of the site to comprise a data centre (Use Class B8 (Data Centre)) of up to 65,000sqm (GEA) (excluding generator yard) (each phase being an independent act of development). The data centre buildings will include ancillary offices, internal technical spaces and technical equipment. The development may also include car and cycle parking; external plant and equipment; hard and soft landscaping; security perimeter fencing; lighting; earthworks; waste and recycling; and for the laying out of the building, routes and open spaces)",Court Lane Industrial Estate Court Lane Iver Buckinghamshire,,,https://www.planit.org.uk/planapplic/Bucks/PL/26/02874/DE/,"Reserved matters; up to 65,000 sqm GEA excl. generator yard",PlanIt,2026-10-09,2026-10-09,manual-review-2026-10-09,"Court Lane Industrial Estate, Iver (PL/22/4145/OA)","[low] registered proprietor (HM Land Registry): HM Land Registry CCOD/OCOD Oct 2026 address match: title BM330359 ('Court Lane Estate, Court Lane, Iver') proprietor UK COURT LANE DC LTD 14045228 || https://find-and-update.company-information.service.gov.uk/company/14045228/charges/T_9S-ots6Q8MoUngUqVqbTb7DRQ | charge 2026-05-28 (outstanding) to Trimont Europe Limited; titles BM330359 || https://find-and-update.company-information.service.gov.uk/company/14045228/charges/5bZJlAehsV_wDQntRAL_QdCy3q8 | charge 2025-12-18 (fully-satisfied) to Nfo Holdings, Llc (And Its Successors in Title and Permitted Transferees); titles BM330359"
UK:Stockton/26/0704/DCH,UK,Stockton-on-Tees,26/0704/DCH,2026-04-07,2026-08-17,Conditions,Part Discharged - Conditions,conditions discharge,true,data centre (type not stated),,,,2,,,,,CREATE Architecture Ltd,,,,,,,"Information to discharge condition No.3 (Construction Management Plan), No.4 (Construction Environmental Management Plan), No.6 (Energy Efficiency), No.9 (Noise), No.17 (Discharge of Surface Water), No.20 (Gas Risk Assessment and Protection Measures) of planning approval 25/1090/FUL - Erection of a new data centre comprising of 2no commercial units, external plants, substations to include fencing, landscaping highways access work and associated infrastructure works.",Land North Of George Stephenson Court Westland Way Preston Farm Industrial Estate Stockton-on-Tees TS18 3FB,,,https://www.planit.org.uk/planapplic/Stockton/26/0704/DCH/,New DC of two commercial units,PlanIt,2026-10-09,2026-10-09,manual-review-2026-10-09,Stockton 25/1090/FUL,
UK:Glasgow/24/02285/NMV02,UK,Glasgow,24/02285/NMV02,2026-04-02,2026-06-04,Permitted,Grant,,false,not data centre,,,,,,,,,,,,,,,,"Mixed-use University campus development including: (1) teaching and learning buildings (Class 10) (up to 65,000 sq m); (2) University research buildings (Class 4) (up to 17,000 sq m); (3) commercial research & development/offices (Class 4) (up to 18,000 sq m); (4) retail shops (Class 1) (up to 4,000 sq m); (5) financial, professional and other services (Class 2) (up to 500 sq m; (6) food and drink (Class 3) (up to 2,500 sq m); (7) hotels (Class 7) (up to 12,500 sq m); (8) sports and recreation facilities (Class 11) (up to 500 sq m); (9) day nursery (Class 10) (up to 500 sq m); (10) crèche (Class 10) (up to 100 sq m) (11) residential flats (mainstream or student) (sui generis) (up to 14,500.sq m); (12) Data Centre (Class 4) (up to 3,000 sq m); (13) energy centre (sui generis); (14) means of access, servicing and parking arrangements: (15) related infrastructure; (16) related landscaping and (17) related public realm and demolition of existing buildings - approval of matters specified in conditions 02(1-10 and 12-15), 04, 05, 06, 08-17, 22, 25-29, 32, 37, 38 and 41 of ref. 19/00363/PPP, relating to the erection of Purpose Built Student Accommodation with ancillary facilities (Sui generis), retail shops (Class 1A), food and drink (Class 3), open space, related infrastructure, landscaping and public realm, including partial demolition, extension and alterations to Anderson College (in so far as these relate to the development of Plot E (in part) - non-material variation to 24/02285/MSC.",Site At University Avenue Glasgow,,,https://www.planit.org.uk/planapplic/Glasgow/24/02285/NMV02/,"University campus masterplan (data centre up to 3,000 sq m is one of 17 uses); condition/variation for student housing",PlanIt,2026-10-09,2026-10-09,manual-review-2026-10-09,,
IE:South Dublin County Council:SD20A/0295/EP,IE,South Dublin County Council,SD20A/0295/EP,2026-04-02,2026-05-26,Decision,Grant Extension of Duration of Permission,approved,true,hyperscale/campus,,,,2,,,,,,,,,,,,"Amendments and modifications to the permitted data centre development granted under Reg. Ref. SD18A/0134 - ABP Ref. ABP-302813-18 and the temporary substation permission granted under SD19A/0300 to include: Demolition of the two storey dwelling of Weston House; single storey dwelling and outbuildings/ stables of Weston Lodge; and the single storey dwelling and converted garage of Kent Cottage. Retention of sprinkler tank and pump house to the south-west of Building A Data Centre to replace 4 sprinkler tanks; Retention of 40kW(p) PV panels on the roof of Building A Data Centre; Retention of revised size of northern attenuation pond and loss of permitted landscaping to its south; Retention of ramped access to rear of temporary substation permitted under SD19A/0300; Retention of revised flue arrangement for Building A Data Centre from 2 associated flues per generator to 1 associated flue per generator (16 in total) and grouped into 8 towers of two flues each (each 20m high); Retention of revised position of security fence to north, west and south of Building A Data Centre; and retention and modifications of landscape berm along Baldonnel Road and to east of Weston House. Development will consist of new works to include: Modifications of permitted vehicular entrance to the data centre to include a new single storey guard house (37sq.m) and two internal entrance gates; Modification to car parking so that the permitted entrance to the parking area from the east is closed off; Modifications of flue arrangement for Building B Data Centre from 2  associated flues per generator to 1 associated flue per generator (16 in total) and grouped into 8 towers of two flues each (each 20m high); Modifications to permitted landscape scheme to north and south of Building A Data Centre; Removal of roadside entrance to Erganagh House (demolished), Kent Cottage, and the former scaffolding yard; and removal of roadside entrance to Weston House and its replacement with a new agricultural gate and fence to be erected to facilitate access for maintenance and security purposes only all on a site of 9.7Ha located within lands in the Grange Castle South Business Park and the residential properties of Weston House, Kent Cottage and Weston Lodge as well as the former scaffolding yard on land within the townlands of Aungierstown and Ballybane; Ballybane; and Milltown and bounding Baldonnel Road to the west and south and Grange Castle South access road to the north, Baldonnel, Dublin 22.","Townlands within Grange Castle South Business Park, Baldonnel, Dublin 22",53.31605473582292,-6.454800511486453,https://planning.agileapplications.ie/southdublin/application-details/70089,Extension of duration granted; 16 generator flues per building,IE National Planning Applications,2026-10-09,2026-10-09,manual-review-2026-10-09,"Grange Castle South Buildings A/B, South Dublin (SD18A/0134)",
UK:EppingForest/EPF/0678/26,UK,Epping Forest,EPF/0678/26,2026-04-01,2026-09-02,Conditions,Split (Details Partially Approved),conditions discharge,true,data centre (type not stated),,,,,,,,,,,,,,,,Approval of Details Reserved by Condition 4 (Contaminated Land) of EPF/1165/22 & EPF/0388/26 (New Data Centre).,"Alandale Scaffolding, Langston Road, Loughton IG10 3SL",,,https://www.planit.org.uk/planapplic/EppingForest/EPF/0678/26/,,PlanIt,2026-10-09,2026-10-09,manual-review-2026-10-09,Epping Forest EPF/1165/22,
UK:Newport/26/0241,UK,Newport,26/0241,2026-03-30,2026-08-13,Conditions,Granted with Conditions,approved,true,ancillary to data centre,,,,,,,,,Egniol,,,,,,,"ENGINEERING WORKS TO CONSTRUCT RAISED BUND AND ACCESS RAMP AROUND APPROVED DATA CENTRE TO A CREST OF APPROXIMATELY 9.75M AOD, PARTIAL DEMOLITION OF A BUILDING, THE IMPORTATION OF FILL MATERIAL TO CREATE THE BUND & RAMP, SURFACING WORKS AND ALTERATIONS TO BUILDING ELEVATIONS TO ACCOMMODATE LEVEL CHANGES",Liberty Steel Corporation Road Newport NP19 4XE,,,https://www.planit.org.uk/planapplic/Newport/26/0241/,Raised bund and ramp around approved DC,PlanIt,2026-10-09,2026-10-09,manual-review-2026-10-09,Newport approved DC flood bund (26/0241),
UK:Glasgow/24/02285/NMV01,UK,Glasgow,24/02285/NMV01,2026-03-30,2026-04-29,Permitted,Grant,,false,not data centre,,,,,,,,,,,,,,,,"Mixed-use University campus development including: (1) teaching and learning buildings (Class 10) (up to 65,000 sq m); (2) University research buildings (Class 4) (up to 17,000 sq m); (3) commercial research & development/offices (Class 4) (up to 18,000 sq m); (4) retail shops (Class 1) (up to 4,000 sq m); (5) financial, professional and other services (Class 2) (up to 500 sq m; (6) food and drink (Class 3) (up to 2,500 sq m); (7) hotels (Class 7) (up to 12,500 sq m); (8) sports and recreation facilities (Class 11) (up to 500 sq m); (9) day nursery (Class 10) (up to 500 sq m); (10) crèche (Class 10) (up to 100 sq m) (11) residential flats (mainstream or student) (sui generis) (up to 14,500.sq m); (12) Data Centre (Class 4) (up to 3,000 sq m); (13) energy centre (sui generis); (14) means of access, servicing and parking arrangements: (15) related infrastructure; (16) related landscaping and (17) related public realm and demolition of existing buildings - approval of matters specified in conditions 02(1-10 and 12-15), 04, 05, 06, 08-17, 22, 25-29, 32, 37, 38 and 41 of ref. 19/00363/PPP, relating to the erection of Purpose Built Student Accommodation with ancillary facilities (Sui generis), retail shops (Class 1A), food and drink (Class 3), open space, related infrastructure, landscaping and public realm, including partial demolition, extension and alterations to Anderson College (in so far as these relate to the development of Plot E (in part). - Non-material variation of planning consent 24/02285/MSC.",Site At University Avenue Glasgow,,,https://www.planit.org.uk/planapplic/Glasgow/24/02285/NMV01/,"University campus masterplan (data centre up to 3,000 sq m is one of 17 uses); condition/variation for student housing",PlanIt,2026-10-09,2026-10-09,manual-review-2026-10-09,,
UK:CentralBedfordshire/CB/26/01006/DOC,UK,Central Bedfordshire,CB/26/01006/DOC,2026-03-30,2026-07-01,Conditions,Discharge of Condition Decision Released,,false,not data centre,,,,,,,,,,,,,,,,"Discharge of Condition 20 against planning permission CB/12/03613/OUT(Outline planning permission with the details of access, appearance, landscaping, layout and scale reserved for later determination. Development to comprise: up to 5,150 dwellings (Use Class C3); up to 202,500 sqm gross of additional development in Use Classes: A1, A2, A3 (retail), A4 (public house), A5 (take away); B1, B2, B8 (offices, industrial and storage and distribution); C1 (hotel), C2 (care home), D1 and D2 (community and leisure); car showroom; data centre; petrol filling station; car parking; primary substation; energy centre; and for the laying out of the buildings; routes and open spaces within the development; and all associated works and operations including but not limited to: demolition; earthworks; engineering operations. All development, works and operations to be in accordance with the Development Parameters Schedule and Plans)","Phase 4, Parcels 2 & 3 Houghton Regis North Site 1, Land on the northern edge of Houghton Regis",,,https://www.planit.org.uk/planapplic/CentralBedfordshire/CB/26/01006/DOC/,"5,150-home mixed-use outline CB/12/03613/OUT lists data centre as one permitted use; not a DC application",PlanIt,2026-10-09,2026-10-09,manual-review-2026-10-09,,
UK:Ealing/261400OPDCOB,UK,Ealing,261400OPDCOB,2026-03-27,2026-07-15,Permitted,No Objection,conditions discharge,true,data centre (type not stated),,,52000,,,,,,,,,,,,,"Details of conditions 31 (Construction and Environmental Management Plan); 32 (Construction Logistics Plan); and (part) BREEAM review report details of condition 37 (BREEAM assessment) pursuant to planning permission reference 21/0013/OUTOPDC dated 07/09/2021 for ''Outline planning permission with the details of access, appearance, landscaping, layout and scale reserved for later determination for demolition and redevelopment to comprise a data centre (Use Class B8) of up to 52, 000 sqm gross external, including ancillary offices, internal plant and equipment (including flues), and substation. In addition to the above the Development may include up to 2, 500 sqm of work units (Use Class E(g)(ii) & E(g)(iii), B2); car parking; provision of external plant and equipment (including flues); creation of servicing areas and provision of associated services, including waste, refuse, cycle storage, and lighting; and for the laying out of the buildings; routes and open spaces within the development; and all associated works and operations including but not limited to: demolition; earthworks; provision of attenuation infrastructure, engineering operations. Development shall be in accordance with the approved Development Parameters Schedule and Plans'' (Out of Borough)",Chandos Road Trading Estate Chandos Road Park Royal NW10 6NF,,,https://www.planit.org.uk/planapplic/Ealing/261400OPDCOB/,,PlanIt,2026-10-09,2026-10-09,manual-review-2026-10-09,"OPDC 21/0013/OUTOPDC (up to 52,000 sqm GEA)",
UK:NorthLanarkshire/26/00350/MSC,UK,North Lanarkshire,26/00350/MSC,2026-03-26,2026-05-25,Permitted,Application Permitted,conditions discharge,true,data centre (type not stated),,,,1,,,,,,,,,,,,"Submission of Details Required by Conditions 1(a): Building and Plant Details, 1(h) and 13: Noise Impact Assessment and 1 (i) and 14: Air Quality Impact Assessment of Permission 25/01159/PPP (New Data Centre Building, Associated Plant, Car Parking Provision and Gated Access)",Land Adjacent To York Road Chapelhall North Lanarkshire ML6 8HW,,,https://www.planit.org.uk/planapplic/NorthLanarkshire/26/00350/MSC/,,PlanIt,2026-10-09,2026-10-09,manual-review-2026-10-09,North Lanarkshire 25/01159/PPP,
UK:Hillingdon/49261/APP/2026/763,UK,Hillingdon,49261/APP/2026/763,2026-03-24,2026-05-15,Permitted,,conditions discharge,true,data centre (type not stated),,,,1,"Amazon.Com, Inc.",high,evidence chain: registered proprietor (HM Land Registry); Companies House PSC chain,,,09959151,"AMAZON DATA SERVICES UK LIMITED (09959151) > Amazon.Com, Inc. (no number, Us Law)",NGL86823,AMAZON DATA SERVICES UK LIMITED (09959151) [high],,,"Details pursuant to the discharge of Condition 15 (Low Emission Strategy) and Condition 16 (Construction and Demolition Management and Logistics Plan) of planning permission ref. 49261/APP/2024/2904 dated 12-03-2026 (Demolition of the existing building and structures on site, and all other associated site clearance works. Construction of a data centre building (Class B8) with plant at roof level with an emergency generator (1no.) and associated flue (provided within an external compound adjoining the data centre building), sprinkler tank and pumphouse, security guard house, and provision of one kiosk substation and MV Building. The development also comprises the construction of a new access and internal road and circulation areas, footpaths, provision of car and bicycle parking, hard and soft landscaping and other associated works and ancillary site infrastructure.)","UNIT 4, SILVERDALE INDUSTRIAL ESTATE SILVERDALE ROAD HAYES",,,https://www.planit.org.uk/planapplic/Hillingdon/49261/APP/2026/763/,,PlanIt,2026-10-09,2026-10-09,manual-review-2026-10-09,Hillingdon 49261/APP/2024/2904,"[high] registered proprietor (HM Land Registry): HM Land Registry CCOD/OCOD Oct 2026: title NGL86823 (Freehold, 'Unit 4, Trinity Trading Estate, Silverdale Road, Hayes (UB3 3BN)') proprietor AMAZON DATA SERVICES UK LIMITED 09959151; title cited at https://planning.hillingdon.gov.uk/OcellaWeb/viewDocument?file=dv_pl_files%5C49261_APP_2024_2904%5CApplicationFormRedacted.pdf&module=pl | ""itle number(s) for the existing building(s) on the site. If the site has no title numbers, please enter 'Unregistered'. Title Number: NGL86823 Energy Performance Certificate Number Do any of the buildings on the application site have an Energy Performance Certifi"" || https://find-and-update.company-information.service.gov.uk/company/09959151 | AMAZON DATA SERVICES UK LIMITED PSC: Amazon.Com, Inc. ( Us Law) notified 2016-04-06"
UK:WhiteHorse/P26/V0725/DIS,UK,Vale of White Horse,P26/V0725/DIS,2026-03-23,2026-05-27,Permitted,Discharge Details Agreed,conditions discharge,true,data centre (type not stated),,,,1,,,,,Carter Jonas LLP,,,,,,,"Discharge of condition 3(Lighting Strategy) on application ref. P24/V1033/FUL Erection of a building to accommodate a data centre with external plant, associated acoustic barrier and boundary fencing.","Harwell Science And Innovation Campus, Diamond House Road Thirteen, Didcot, OX11 0DE",,,https://www.planit.org.uk/planapplic/WhiteHorse/P26/V0725/DIS/,Building to accommodate a DC,PlanIt,2026-10-09,2026-10-09,manual-review-2026-10-09,Vale P24/V1033/FUL,
UK:OldOakParkRoyal/26/0060/AODOPDC,UK,Old Oak Park Royal,26/0060/AODOPDC,2026-03-23,2026-07-08,Permitted,Approve,conditions discharge,true,data centre (type not stated),,,52000,,,,,,,,,,,,,"Details of conditions 32 (Construction Logistics Plan) and (part) BREEAM review report details of condition 37 (BREEAM assessment) for Phase 2 pursuant to planning permission reference 21/0013/OUTOPDC dated 07/09/2021 for 'Outline planning permission with the details of access, appearance, landscaping, layout and scale reserved for later determination for demolition and redevelopment to comprise a data centre (Use Class B8) of up to 52,000 sqm gross external, including ancillary offices, internal plant and equipment (including flues), and substation. In addition to the above the Development may include up to 2,500 sqm of work units (Use Class E(g)(ii) & E(g)(iii), B2); car parking; provision of external plant and equipment (including flues); creation of servicing areas and provision of associated services, including waste, refuse, cycle storage, and lighting; and for the laying out of the buildings; routes and open spaces within the development; and all associated works and operations including but not limited to: demolition; earthworks; provision of attenuation infrastructure, engineering operations. Development shall be in accordance with the approved Development Parameters Schedule and Plans'.","Chandos Road Trading Estate, Chandos Road, Park Royal, NW10 6NF",,,https://www.planit.org.uk/planapplic/OldOakParkRoyal/26/0060/AODOPDC/,,PlanIt,2026-10-09,2026-10-09,manual-review-2026-10-09,"OPDC 21/0013/OUTOPDC (up to 52,000 sqm GEA)",
UK:EppingForest/EPF/0591/26,UK,Epping Forest,EPF/0591/26,2026-03-23,2026-09-23,Permitted,Approve,conditions discharge,true,data centre (type not stated),,,,,,,,,,,,,,,,Approval of Details reserved by Condition 5 (Construction Management Plan) of EPF/1165/22 & EPF/0388/26 (New Data Centre).,"Alandale Scaffolding, Langston Road, Loughton IG10 3SL",,,https://www.planit.org.uk/planapplic/EppingForest/EPF/0591/26/,,PlanIt,2026-10-09,2026-10-09,manual-review-2026-10-09,Epping Forest EPF/1165/22,
UK:Cherwell/26/00720/OUT,UK,Cherwell,26/00720/OUT,2026-03-20,,Undecided,,outline application,true,data centre (type not stated),,,34000,,,,,,,,,,,,,"Outline Planning Permission all matters reserved except access for multi phased (severable) Innovation District development accommodating up to 290,500sqm of gross external floorspace comprising: Up to 170,000sqm gross external area of Research & Development Floorspace (Use Class E(g)ii); up to 36,000sqm gross external area of Higher Education Floorspace including Visitors Centre and Innovation Hub (Use Class F1(a)); up to 34,000sqm gross external area of Data Centre Floorspace (Use Class B8); up to 7,500sqm gross external area Energy Centre Floorspace (Use Class Sui Generis); up to 3,300sqm residential floorspace [up to 45 dwellings] (Use Class C3); up to 8,200sqm gross external area of Hotel floorspace [180 Bedroom] (Use Class C1); up to 3,300sqm gross external area of Further Education College (Use Class F1(a)); up to 950sqm gross external area of Commercial Floorspace (Use Class E(a) & (b)); up to 900sqm gross external area of Fire Station Floorspace (Use Class Sui Generis); up to 450sqm gross external area of Community Floorspace (Use Class F2); and up to 47,000sqm gross external area of car parking station for up to 1700 spaces with associated vehicle charging infrastructure and cycle parking (Use Sui Generis). Development to include ancillary offices, storage and servicing within the related use and maximum floorspace. Highway works, including: a new signalised T-junction from the A4260 Frieze Way to the eastern development parcel; a left-in, left-out arrangement on the western side of the A4260 Frieze Way for accessing the western development parcel; Fire Station access on to Frieze Way; upgraded existing priority junction on the A44 Woodstock Road to a Copenhagen crossing; a Pedestrian and Cycle Bridge Over the A34 and Train Line to Oxford Parkway; on-site walking and cycling infrastructure including diversion of Public Right of Way; removal of 2no. existing field access; surface car parking for up to 100 spaces with associated vehicle charging infrastructure and cycle parking. Landscape and public realm, including country park, areas for sustainable urban drainage systems including ponds, biodiversity areas and earthworks including landform re-profiling and formation of sculptural mounds. Utilities and infrastructure including sub stations; together with enabling, site clearance and associated works.",Land at Frieze Farm Frieze Way Gosford OX2 8JX,,,https://www.planit.org.uk/planapplic/Cherwell/26/00720/OUT/,"Up to 34,000 sqm GEA DC floorspace within 290,500 sqm innovation district",PlanIt,2026-10-09,2026-10-09,manual-review-2026-10-09,Cherwell 26/00720/OUT innovation district,
UK:Dumfries/26/0464/SCO,UK,Dumfries,26/0464/SCO,2026-03-20,2026-06-19,Permitted,Response issued to consultation,EIA screening/scoping,true,hyperscale/campus,,,,,,,,,,,,,,,,"REQUEST FOR SCOPING OPINION UNDER THE TOWN AND COUNTRY PLANNING ENVIRONMENTAL IMPACT ASSESSMENT (SCOTLAND) REGULATIONS 2017 FOR A PROPOSED DATA-CENTRE LED DEVELOPMENT COMPRISING ERECTION OF BUILDINGS TO BE USED AS DATA CENTRES, TRAINING CENTRE/RECEPTION/SECURITY BUILDINGS, GENERAL INDUSTRIAL BUILDINGS, AND FORMATION OF SUBSTATION INCLUDING SWITCH ROOM BUILDING AND ASSOCIATED POWER DISTRIBUTION AND ELECTRICAL INFRASTRUCTURE","Land To The North Of The Former Chapelcross Nuclear Power Station, Near Annan",,,https://www.planit.org.uk/planapplic/Dumfries/26/0464/SCO/,EIA scoping,PlanIt,2026-10-09,2026-10-09,manual-review-2026-10-09,Dumfries data-centre-led development,
UK:CentralBedfordshire/CB/26/00907/DOC,UK,Central Bedfordshire,CB/26/00907/DOC,2026-03-20,2026-07-20,Conditions,Discharge of Condition Decision Released,,false,not data centre,,,,,,,,,,,,,,,,"Discharge of Condition 11 against planning permission ref. CB/23/03987/RM (Reserved Matters: following Outline Application CB/12/03613/OUT (Outline planning permission with the details of access, appearance, landscaping, layout and scale reserved for later determination. Development to comprise: up to 5,150 dwellings (Use Class C3); up to 202,500 sqm gross of additional development in Use Classes: A1, A2, A3 (retail), A4 (public house), A5 (take away); B1, B2, B8 (offices, industrial and storage and distribution); C1 (hotel), C2 (care home), D1 and D2 (community and leisure); car showroom; data centre; petrol filling station; car parking; primary substation; energy centre; and for the laying out of the buildings; routes and open spaces within the development; and all associated works and operations including but not limited to: demolition; earthworks; engineering operations. All development, works and operations to be in accordance with the Development Parameters Schedule and Plans.) Reserved matters approval sought for layout, scale, appearance, landscaping and access relating to Local Centre Parcel, Phase 1.)","Local Centre Parcel, Linmere (HRN1), Phase 1, Waterslade Way & Lime Tree Drive, Houghton Regis, LU5 7AS",,,https://www.planit.org.uk/planapplic/CentralBedfordshire/CB/26/00907/DOC/,"5,150-home mixed-use outline CB/12/03613/OUT lists data centre as one permitted use; not a DC application",PlanIt,2026-10-09,2026-10-09,manual-review-2026-10-09,,
UK:CentralBedfordshire/CB/26/00852/DOC,UK,Central Bedfordshire,CB/26/00852/DOC,2026-03-16,2026-07-06,Conditions,Discharge of Condition Decision Released,,false,not data centre,,,,,,,,,,,,,,,,"Discharge of Condition 14, against planning permission ref. CB/23/03987/RM (Reserved Matters: following Outline Application CB/12/03613/OUT (Outline planning permission with the details of access, appearance, landscaping, layout and scale reserved for later determination. Development to comprise: up to 5,150 dwellings (Use Class C3); up to 202,500 sqm gross of additional development in Use Classes: A1, A2, A3 (retail), A4 (public house), A5 (take away); B1, B2, B8 (offices, industrial and storage and distribution); C1 (hotel), C2 (care home), D1 and D2 (community and leisure); car showroom; data centre; petrol filling station; car parking; primary substation; energy centre; and for the laying out of the buildings; routes and open spaces within the development; and all associated works and operations including but not limited to: demolition; earthworks; engineering operations. All development, works and operations to be in accordance with the Development Parameters Schedule and Plans.) Reserved matters approval sought for layout, scale, appearance, landscaping and access relating to Local Centre Parcel, Phase 1.)","Local Centre Parcel, Linmere (HRN1), Phase 1, Waterslade Way & Lime Tree Drive, Houghton Regis, LU5 7AS",,,https://www.planit.org.uk/planapplic/CentralBedfordshire/CB/26/00852/DOC/,"5,150-home mixed-use outline CB/12/03613/OUT lists data centre as one permitted use; not a DC application",PlanIt,2026-10-09,2026-10-09,manual-review-2026-10-09,,
UK:Brent/26/0665,UK,Brent,26/0665,2026-03-16,2026-07-22,Permitted,Permission Granted,approved,true,ancillary to data centre,,,,,MSFT MCIO LIMITED,low (address match; check title plan),evidence chain: registered proprietor (HM Land Registry); Companies House PSC chain,,Maddox and Associates Ltd,09616816,MSFT MCIO LIMITED (09616816),AGL608434 (low),MSFT MCIO LIMITED (09616816) [low],,,Access road works (temporary accessway 5 year period) for implementation of 22/4185 for the proposed development to extend the existing data centre,"717 North Circular Road, Neasden, London, NW2 7AH",,,https://www.planit.org.uk/planapplic/Brent/26/0665/,Temporary access road for DC extension,PlanIt,2026-10-09,2026-10-09,manual-review-2026-10-09,"North Circular Road extension, Brent (22/4185)","[low] registered proprietor (HM Land Registry): HM Land Registry CCOD/OCOD Oct 2026 address match: title AGL608434 ('Data Hall 2, Harp View Business Park, Priestley Way, London (NW2 7AP)') proprietor MSFT MCIO LIMITED 09616816"
UK:Redcar/R/2026/0183/SC,UK,Redcar and Cleveland,R/2026/0183/SC,2026-03-16,2026-04-01,Permitted,EIA NOT REQUIRED,EIA screening/scoping,true,data centre (type not stated),,,,,,,,,,,,,,,,Request for Screening Opinion (Town and Country Planning (Environmental Impact Assessment) Regulations 2017 (as amended) for construction and use of a data centre and ancillary infrastructure,Land at Wilton International Redcar,,,https://www.planit.org.uk/planapplic/Redcar/R/2026/0183/SC/,EIA not required,PlanIt,2026-10-09,2026-10-09,manual-review-2026-10-09,Redcar R/2026/0183/SC,
UK:Newport/26/0191,UK,Newport,26/0191,2026-03-11,2026-08-06,Conditions,Granted with Conditions,approved,true,edge/small,,,,,,,,,,,,,,,,"OUTLINE PLANNING APPLICATION FOR THE CREATION OF A SECURE COMPOUND AND THE INSTALLATION OF EXTERNAL PLANT AND EQUIPMENT TO CREATE A MODULAR DATA CENTRE TOGETHER WITH ASSOCIATED EQUIPMENT AND STRUCTURES, ENGINEERING OPERATIONS, STAFF ACCOMMODATION AND ASSOCIATED WORKS",Liberty Steel Corporation Road Newport NP19 4XE,,,https://www.planit.org.uk/planapplic/Newport/26/0191/,"Outline, modular DC compound with staff accommodation",PlanIt,2026-10-09,2026-10-09,manual-review-2026-10-09,Newport modular DC (26/0191),
UK:Gwynedd/C26/0160/25/LL,UK,Gwynedd,C26/0160/25/LL,2026-03-10,,,,full application,true,enterprise,,,,1,,,,,,,,,,,,Gosod adeilad modiwlaidd i weithredu fel canolfan ddata i gefnogi prif safle’r ysbyty. Bydd hwn yn cael ei leoli dros arwyneb caled presennol ac fe fydd angen tynnu’r cynwysyddion presennol. Bydd cyddwysyddion allanol yn cael eu cynnwys o fewn maes diogel newydd a darperir mynediad gyda ramp i mewn i’r adeilad modiwlaidd. Installation of a modular building to act as a data centre supporting the main hospital site. This will be located over existing hardstanding and shall require the removal of existing shipping containers. External condensers will be contained within a new secure compound and ramped access will be provided into the modular building.,"Bwrdd Iechyd Prifysgol Betsi Cadwaladr, YSBYTY GWYNEDD Road Through Ysbyty Gwynedd, Ysbyty Gwynedd, Penrhosgarnedd, Bangor, Gwynedd, LL57 2PW",,,https://www.planit.org.uk/planapplic/Gwynedd/C26/0160/25/LL/,Modular DC serving hospital,PlanIt,2026-10-09,2026-10-09,manual-review-2026-10-09,Gwynedd hospital modular DC,
UK:CentralBedfordshire/CB/26/00787/DOC,UK,Central Bedfordshire,CB/26/00787/DOC,2026-03-10,2026-06-25,Conditions,Discharge of Condition Decision Released,,false,not data centre,,,,,,,,,,,,,,,,"Discharge of Conditions 25, 26, 29, 32, 33 & 35 against planning permission ref. CB/12/03613/OUT (Outline planning permission with the details of access, appearance, landscaping, layout and scale reserved for later determination. Development to comprise: up to 5,150 dwellings (Use Class C3); up to 202,500 sqm gross of additional development in Use Classes: A1, A2, A3 (retail), A4 (public house), A5 (take away); B1, B2, B8 (offices, industrial and storage and distribution); C1 (hotel), C2 (care home), D1 and D2 (community and leisure); car showroom; data centre; petrol filling station; car parking; primary substation; energy centre; and for the laying out of the buildings; routes and open spaces within the development; and all associated works and operations including but not limited to: demolition; earthworks; engineering operations. All development, works and operations to be in accordance with the Development Parameters Schedule and Plans.","Phase 4, Parcels 4 & 5 - Houghton Regis North site 1, land on the northern edge of Houghton Regis",,,https://www.planit.org.uk/planapplic/CentralBedfordshire/CB/26/00787/DOC/,"5,150-home mixed-use outline CB/12/03613/OUT lists data centre as one permitted use; not a DC application",PlanIt,2026-10-09,2026-10-09,manual-review-2026-10-09,,
UK:CentralBedfordshire/CB/26/00770/DOC,UK,Central Bedfordshire,CB/26/00770/DOC,2026-03-09,2026-04-17,Conditions,Discharge of Condition Decision Released,,false,not data centre,,,,,,,,,,,,,,,,"Discharge of Condition 9 against planning permission (CB/12/03613/OUT) (Development to comprise: up to 5,150 dwellings (Use Class C3); up to 202,500 sqm gross of additional development in Use Classes: A1, A2, A3 (retail), A4 (public house), A5 (take away); B1, B2, B8 (offices, industrial and storage and distribution); C1 (hotel), C2 (care home), D1 and D2 (community and leisure); car showroom; data centre; petrol filling station; car parking; primary substation; energy centre; and for the laying out of the buildings; routes and open spaces within the development; and all associated works and operations including but not limited to: demolition; earthworks; engineering operations. All development, works and operations to be in accordance with the Development Parameters Schedule and Plans). CB/20/03903/DOC also refers.","Land To The North And East Of Houghton Regis, Sundon Road, Houghton Regis",,,https://www.planit.org.uk/planapplic/CentralBedfordshire/CB/26/00770/DOC/,"5,150-home mixed-use outline CB/12/03613/OUT lists data centre as one permitted use; not a DC application",PlanIt,2026-10-09,2026-10-09,manual-review-2026-10-09,,
UK:Havering/LDO0001.26,UK,Havering,LDO0001.26,2026-03-05,2026-04-27,Withdrawn,,withdrawn,true,hyperscale/campus,,,,,,,,,,,,,,,,Data Centre Campus and associated development Consultation open - see 'view documents' section on the application search facility on our website,Land North of Fen Lane North Ockendon,,,https://www.planit.org.uk/planapplic/Havering/LDO0001.26/,Local Development Order consultation; withdrawn,PlanIt,2026-10-09,2026-10-09,manual-review-2026-10-09,Havering LDO0001.26 data centre campus,
UK:MiltonKeynes/PLN/2026/0458,UK,Milton Keynes,PLN/2026/0458,2026-03-05,2026-07-15,Permitted,Acquired Deemed Consent,,false,not data centre,,,,,,,,,,,,,,,,"Prior notification for the demolition of three existing buildings at the Former BT Data Centre, previously been used for industrial use","Former BT Data Centre, Tavistock Street, Bletchley , Milton Keynes, MK2 2PG",,,https://www.planit.org.uk/planapplic/MiltonKeynes/PLN/2026/0458/,Prior notification to demolish buildings at former BT data centre,PlanIt,2026-10-09,2026-10-09,manual-review-2026-10-09,,
UK:Ealing/261034OPDCOB,UK,Ealing,261034OPDCOB,2026-03-04,2026-05-07,Withdrawn,Not Proceeded With,conditions discharge,true,data centre (type not stated),,,52000,,,,,,,,,,,,,"Details of condition 43 (Delivery and Servicing Plan) pursuant to planning permission reference 21/0013/OUTOPDC dated 07/09/2021 for 'Outline planning permission with the details of access, appearance, landscaping, layout and scale reserved for later determination for demolition and redevelopment to comprise a data centre (Use Class B8) of up to 52, 000 sqm gross external, including ancillary offices, internal plant and equipment (including flues), and substation. In addition to the above the Development may include up to 2, 500 sqm of work units (Use Class E(g)(ii) & E(g)(iii), B2); car parking; provision of external plant and equipment (including flues); creation of servicing areas and provision of associated services, including waste, refuse, cycle storage, and lighting; and for the laying out of the buildings; routes and open spaces within the development; and all associated works and operations including but not limited to: demolition; earthworks; provision of attenuation infrastructure, engineering operations. Development shall be in accordance with the approved Development Parameters Schedule and Plans.' ( out of borough)",Chandos Road Trading Estate Chandos Road Park Royal NW10 6NF,,,https://www.planit.org.uk/planapplic/Ealing/261034OPDCOB/,,PlanIt,2026-10-09,2026-10-09,manual-review-2026-10-09,"OPDC 21/0013/OUTOPDC (up to 52,000 sqm GEA)",
UK:Warrington/2026/00295/HYB,UK,Warrington,2026/00295/HYB,2026-03-04,,,,outline application,true,data centre (type not stated),,,75320,,,,,,,,,,,,,"Hybrid Planning Application comprising: Full Planning application for construction, engineering and change of use (part retrospective) including; new and altered means of access at Earle Road and Moss Bank Road and related transport infrastructure; remodelling/regrading of land; related engineering and infrastructure works; drainage strategy; landscaping; means of enclosure; enabling works and ancillary development; and temporary change of use for open storage, storage of vehicles including commercial vehicles and self-storage (through shipping containers); and Outline application (with all matters reserved except for Access) for a phased development comprising up to 169,800 sqm of total floorspace across commercial / industrial / warehousing / waste management facilities including: - Up to 162,850 sqm for B2/B8 uses (with ancillary offices) - Up to 75,320 sqm for a data centre (sui generis) - A battery energy storage system - Up to 28,610 sqm of E(g)(iii) floorspace(light industrial) - Up to 600 sqm retail / food & drink (E(a) / E(b)) - Up to 500 sqm indoor sport/recreation (E(d)) - Up to 500 sqm for a creche, nursery or day centre (E(f)) Plus associated works including site remediation, internal roads, parking, servicing, cycle and pedestrian routes, landscaping, SuDS and other ancillary infrastructure *Cross boundary application - site 5 within WBC*","Land at Widnes Waterfront bounded by Earle Road, Tan House Lane, Moss Bank Road, Gorsey Road, Johnson's Lane; north of St Helens Canal and Warrington & Stockport Railway Line at Moss Bank, Widnes, WA8 0GY",,,https://www.planit.org.uk/planapplic/Warrington/2026/00295/HYB/,"Hybrid; up to 75,320 sqm DC within 169,800 sqm, plus BESS",PlanIt,2026-10-09,2026-10-09,manual-review-2026-10-09,"Earle Road/Moss Bank Road, Widnes (Halton/Warrington)",
UK:Ashfield/V/2026/0033,UK,Ashfield,V/2026/0033,2026-03-04,2026-07-23,Conditions,OUTCC - Outline Application - Conditional Consent,approved,true,data centre (type not stated),,,,,,,,,,,,,,,,Outline application with all matters reserved except means of access for the construction of a data centre and associated infrastructure,"Eon Uk Ltd, Little Oak Drive, Annesley, Nottinghamshire, NG15 0DR",,,https://www.planit.org.uk/planapplic/Ashfield/V/2026/0033/,Outline granted with conditions,PlanIt,2026-10-09,2026-10-09,manual-review-2026-10-09,Ashfield V/2026/0033,
UK:NorthLanarkshire/26/00214/MSC,UK,North Lanarkshire,26/00214/MSC,2026-03-03,2026-06-11,Permitted,Application Permitted,conditions discharge,true,data centre (type not stated),,,,1,,,,,,,,,,,,"Submission of Details Required by Conditions 1(g) and 2: Drainage, 3: Intrusive Site Investigation, 4: ISI Findings/Remediation, 5: Remediation Works, 7: Site Investigation including Mine Gas Risk Assessment, 8: Construction Environmental Management Plan, 12: No Drainage to Trunk Road and 16: Drainage/SUDS of Permission 25/01159/PPP (New Data Centre Building, Associated Plant, Car Parking Provision and Gated Access)",Land Adjacent To York Road Chapelhall North Lanarkshire ML6 8HW,,,https://www.planit.org.uk/planapplic/NorthLanarkshire/26/00214/MSC/,,PlanIt,2026-10-09,2026-10-09,manual-review-2026-10-09,North Lanarkshire 25/01159/PPP,
UK:OldOakParkRoyal/26/0046/AODOPDC,UK,Old Oak Park Royal,26/0046/AODOPDC,2026-03-02,2026-04-20,Permitted,Approve,conditions discharge,true,data centre (type not stated),,,52000,,,,,,,,,,,,,"Details of Condition 44 (External Lighting Scheme) for Phase 1a pursuant to planning permission reference 21/0013/OUTOPDC dated 07/09/2021 for 'Outline planning permission with the details of access, appearance, landscaping, layout and scale reserved for later determination for demolition and redevelopment to comprise a data centre (Use Class B8) of up to 52,000 sqm gross external, including ancillary offices, internal plant and equipment (including flues), and substation. In addition to the above the Development may include up to 2,500 sqm of work units (Use Class E(g)(ii) & E(g)(iii), B2); car parking; provision of external plant and equipment (including flues); creation of servicing areas and provision of associated services, including waste, refuse, cycle storage, and lighting; and for the laying out of the buildings; routes and open spaces within the development; and all associated works and operations including but not limited to: demolition; earthworks; provision of attenuation infrastructure, engineering operations. Development shall be in accordance with the approved Development Parameters Schedule and Plans.'","Chandos Road Trading Estate, Chandos Road, Park Royal, NW10 6NF",,,https://www.planit.org.uk/planapplic/OldOakParkRoyal/26/0046/AODOPDC/,,PlanIt,2026-10-09,2026-10-09,manual-review-2026-10-09,"OPDC 21/0013/OUTOPDC (up to 52,000 sqm GEA)",
UK:Anglesey/FPL/2026/44,UK,Anglesey,FPL/2026/44,2026-03-02,,Undecided,Heb Benderfyniad / Not yet determined,full application,true,edge/small,,,,,,,,,,,,,,,,"Cais llawn ar gyfer creu compound a gosod peiriannau ac offer allanol i hwyluso datblygiad canolfan ddata fodiwlar, ynghyd â gweithrediadau peirianyddol cysylltiedig, llety i staff, strwythurau atodol a’r holl weithiau cysylltiedig yn / Full application for the creation of a compound and the installation of external plant and equipment to facilitate the development of a modular data center, together with associated engineering operations, staff accommodation, ancillary structures and all associated works at","Octel Bromine Works, Amlwch.",,,https://www.planit.org.uk/planapplic/Anglesey/FPL/2026/44/,,PlanIt,2026-10-09,2026-10-09,manual-review-2026-10-09,Anglesey modular DC FPL/2026/44,
UK:Halton/26/00081/OUTEIA,UK,Halton,26/00081/OUTEIA,2026-02-27,,Undecided,,outline application,true,data centre (type not stated),,,75320,,,,,,Plan Red Ltd,,,,,,,"HYBRID PLANNING APPLICATION COMPRISING: FULL PLANNING application for construction, engineering and change of use (part retrospective) including; new and altered means of access at Earle Road and Moss Bank Road and related transport infrastructure; remodelling/regrading of land; related engineering and infrastructure works; drainage strategy; landscaping; means of enclosure; enabling works and ancillary development; and temporary change of use for open storage, storage of vehicles including commercial vehicles and self-storage (through shipping containers); and OUTLINE application (with all matters reserved except for Access) for a phased development comprising up to 169,800 sqm of total floorspace across commercial / industrial / warehousing / waste management facilities including: - Up to 162,850 sqm for B2/B8 uses (with ancillary offices) - Up to 75,320 sqm for a data centre (sui generis) - A battery energy storage system - Up to 28,610 sqm of E(g)(iii) floorspace (light industrial) - Up to 600 sqm retail / food & drink (E(a) / E(b)) - Up to 500 sqm indoor sport/recreation (E(d)) - Up to 500 sqm for a creche, nursery or day centre (E(f)) Plus associated works including site remediation, internal roads, parking, servicing, cycle and pedestrian routes, landscaping, SuDS and other ancillary infrastructure at","Land At Widnes Waterfront Bounded By Earle Road, Tan House Lane, Moss Bank Road, Gorsey Road, Johnson's Lane; North Of St Helens Canal And Warrington & Stockport Railway Line At Moss Bank Widnes WA8 0GY",,,https://www.planit.org.uk/planapplic/Halton/26/00081/OUTEIA/,Halton half of cross-boundary hybrid,PlanIt,2026-10-09,2026-10-09,manual-review-2026-10-09,"Earle Road/Moss Bank Road, Widnes (Halton/Warrington)",
UK:Ealing/260925CND,UK,Ealing,260925CND,2026-02-25,2026-04-09,Permitted,Approved,conditions discharge,true,hyperscale/campus,,,158702,3,Kkr & Co. Inc,high,evidence chain: named as Owner in legal agreement; Companies House PSC chain,,Quod Limited,OE032462,"GTR LONDON 2 S.A R.L. (OE032462) > Kkr & Co. Inc (06284582, State Of Delaware - Department Of State: Division Of Corporations, Usa)",AGL16660; AGL397306; MX320233; NGL132484; NGL163938; NGL164938; NGL272255; NGL272256; NGL615197,GTR LONDON 2 S.A R.L. (no number) [high],"U.S. BANK TRUSTEES LIMITED (02379632, Mortgagee in legal agreement)",,"Details of a Tree Monitoring Plan pursuant to condition 17 (part discharge - part a) of planning permission ref: 250949FUL dated 19/12/2025 for: Site clearance and preparation, including demolition of all existing buildings on site and redevelopment of the site to provide: Construction of four data centre units within three buildings of approximately 67.9m AOD in height (Use Class B8, approximately 158,702sqm GEA), four industrial buildings ranging from approximately 41.3m to 46.2m AOD in height (Use Classes B8, B2 and E(g)(iii), approximately 23,389 GEA), central pavilion building of approximately 35m AOD in height (Use Class E(b), approximately 223 GEA), two substations (38.05m AOD in height), associated plant, enclosures and necessary physical security systems, internal roads, servicing, circulation, car and cycle parking and hard and soft landscaping works.",International Trading Estate Trident Way Southall UB2 5LF,,,https://www.planit.org.uk/planapplic/Ealing/260925CND/,,PlanIt,2026-10-09,2026-10-09,manual-review-2026-10-09,"Ealing 250949FUL (four DC units, 67.9m AOD)","[high] named as Owner in legal agreement: https://pam.ealing.gov.uk/online-applications/files/293A00BAD51EB640386EF2C88973003C/pdf/250949FUL-LEGAL_AGREEMENT-4474017.pdf | ""the “Council”); (2) GTR LONDON 2 S.A R.L. (incorporated in Luxembourg) (OE ID: OE032462) of 2 Rue Edward St"" || https://find-and-update.company-information.service.gov.uk/company/OE032462 | GTR LONDON 2 S.A R.L. PSC: Kkr & Co. Inc (06284582 State Of Delaware - Department Of State: Division Of Corporations, Usa) notified 2024-02-16 || [high] registered proprietor (HM Land Registry) GTR LONDON 2 S.A R.L. (): HM Land Registry CCOD/OCOD Oct 2026: title AGL16660 (Freehold, 'land on the south west side of Unit 10, Boeing Way, Southall (UB2 5LB)') proprietor GTR LONDON 2 S.A R.L. ; title cited at https://pam.ealing.gov.uk/online-applications/files/293A00BAD51EB640386EF2C88973003C/pdf/250949FUL-LEGAL_AGREEMENT-4474017.pdf | ""is Deed are enforceable. B. The Owner is the freehold owner of the Property and is registered at HM Land Registry under title numbers AGL16660; AGL397306; MX320233; NGL132484; NGL163938; NGL164938; NGL272255; NGL272256; NGL615197 as the proprietor of the Property. C. The Mortgagee is the proprietor """
UK:Ealing/260832CND,UK,Ealing,260832CND,2026-02-25,2026-04-07,Permitted,Approved,conditions discharge,true,hyperscale/campus,,,158702,3,Kkr & Co. Inc,high,evidence chain: named as Owner in legal agreement; Companies House PSC chain,,Quod Limited,OE032462,"GTR LONDON 2 S.A R.L. (OE032462) > Kkr & Co. Inc (06284582, State Of Delaware - Department Of State: Division Of Corporations, Usa)",AGL16660; AGL397306; MX320233; NGL132484; NGL163938; NGL164938; NGL272255; NGL272256; NGL615197,GTR LONDON 2 S.A R.L. (no number) [high],"U.S. BANK TRUSTEES LIMITED (02379632, Mortgagee in legal agreement)",,"Details of a Community Infrastructure Levy Phasing Plan pursuant to Condition 10 of planning permission ref: 250949FUL dated 19/12/2025 for: Site clearance and preparation, including demolition of all existing buildings on site and redevelopment of the site to provide: Construction of four data centre units within three buildings of approximately 67.9m AOD in height (Use Class B8, approximately 158,702sqm GEA), four industrial buildings ranging from approximately 41.3m to 46.2m AOD in height (Use Classes B8, B2 and E(g)(iii), approximately 23,389 GEA), central pavilion building of approximately 35m AOD in height (Use Class E(b), approximately 223 GEA), two substations (38.05m AOD in height), associated plant, enclosures and necessary physical security systems, internal roads, servicing, circulation, car and cycle parking and hard and soft landscaping works.",International Trading Estate Trident Way Southall UB2 5LF,,,https://www.planit.org.uk/planapplic/Ealing/260832CND/,,PlanIt,2026-10-09,2026-10-09,manual-review-2026-10-09,"Ealing 250949FUL (four DC units, 67.9m AOD)","[high] named as Owner in legal agreement: https://pam.ealing.gov.uk/online-applications/files/293A00BAD51EB640386EF2C88973003C/pdf/250949FUL-LEGAL_AGREEMENT-4474017.pdf | ""the “Council”); (2) GTR LONDON 2 S.A R.L. (incorporated in Luxembourg) (OE ID: OE032462) of 2 Rue Edward St"" || https://find-and-update.company-information.service.gov.uk/company/OE032462 | GTR LONDON 2 S.A R.L. PSC: Kkr & Co. Inc (06284582 State Of Delaware - Department Of State: Division Of Corporations, Usa) notified 2024-02-16 || [high] registered proprietor (HM Land Registry) GTR LONDON 2 S.A R.L. (): HM Land Registry CCOD/OCOD Oct 2026: title AGL16660 (Freehold, 'land on the south west side of Unit 10, Boeing Way, Southall (UB2 5LB)') proprietor GTR LONDON 2 S.A R.L. ; title cited at https://pam.ealing.gov.uk/online-applications/files/293A00BAD51EB640386EF2C88973003C/pdf/250949FUL-LEGAL_AGREEMENT-4474017.pdf | ""is Deed are enforceable. B. The Owner is the freehold owner of the Property and is registered at HM Land Registry under title numbers AGL16660; AGL397306; MX320233; NGL132484; NGL163938; NGL164938; NGL272255; NGL272256; NGL615197 as the proprietor of the Property. C. The Mortgagee is the proprietor """
UK:Ealing/260831CND,UK,Ealing,260831CND,2026-02-25,2026-04-08,Permitted,Approved,conditions discharge,true,hyperscale/campus,,,158702,3,Kkr & Co. Inc,high,evidence chain: named as Owner in legal agreement; Companies House PSC chain,,Quod Limited,OE032462,"GTR LONDON 2 S.A R.L. (OE032462) > Kkr & Co. Inc (06284582, State Of Delaware - Department Of State: Division Of Corporations, Usa)",AGL16660; AGL397306; MX320233; NGL132484; NGL163938; NGL164938; NGL272255; NGL272256; NGL615197,GTR LONDON 2 S.A R.L. (no number) [high],"U.S. BANK TRUSTEES LIMITED (02379632, Mortgagee in legal agreement)",,"Details of a Bird Hazard Management Plan pursuant to condition 27 of planning permission ref: 250949FUL dated 19/12/2025 for: Site clearance and preparation, including demolition of all existing buildings on site and redevelopment of the site to provide: Construction of four data centre units within three buildings of approximately 67.9m AOD in height (Use Class B8, approximately 158,702sqm GEA), four industrial buildings ranging from approximately 41.3m to 46.2m AOD in height (Use Classes B8, B2 and E(g)(iii), approximately 23,389 GEA), central pavilion building of approximately 35m AOD in height (Use Class E(b), approximately 223 GEA), two substations (38.05m AOD in height), associated plant, enclosures and necessary physical security systems, internal roads, servicing, circulation, car and cycle parking and hard and soft landscaping works.",International Trading Estate Trident Way Southall UB2 5LF,,,https://www.planit.org.uk/planapplic/Ealing/260831CND/,,PlanIt,2026-10-09,2026-10-09,manual-review-2026-10-09,"Ealing 250949FUL (four DC units, 67.9m AOD)","[high] named as Owner in legal agreement: https://pam.ealing.gov.uk/online-applications/files/293A00BAD51EB640386EF2C88973003C/pdf/250949FUL-LEGAL_AGREEMENT-4474017.pdf | ""the “Council”); (2) GTR LONDON 2 S.A R.L. (incorporated in Luxembourg) (OE ID: OE032462) of 2 Rue Edward St"" || https://find-and-update.company-information.service.gov.uk/company/OE032462 | GTR LONDON 2 S.A R.L. PSC: Kkr & Co. Inc (06284582 State Of Delaware - Department Of State: Division Of Corporations, Usa) notified 2024-02-16 || [high] registered proprietor (HM Land Registry) GTR LONDON 2 S.A R.L. (): HM Land Registry CCOD/OCOD Oct 2026: title AGL16660 (Freehold, 'land on the south west side of Unit 10, Boeing Way, Southall (UB2 5LB)') proprietor GTR LONDON 2 S.A R.L. ; title cited at https://pam.ealing.gov.uk/online-applications/files/293A00BAD51EB640386EF2C88973003C/pdf/250949FUL-LEGAL_AGREEMENT-4474017.pdf | ""is Deed are enforceable. B. The Owner is the freehold owner of the Property and is registered at HM Land Registry under title numbers AGL16660; AGL397306; MX320233; NGL132484; NGL163938; NGL164938; NGL272255; NGL272256; NGL615197 as the proprietor of the Property. C. The Mortgagee is the proprietor """
UK:NorthAyrshire/26/00138/EIA,UK,North Ayrshire,26/00138/EIA,2026-02-25,2026-03-30,Permitted,Scoping Agreed,EIA screening/scoping,true,data centre (type not stated),,,,,,,,,,,,,,,,Request for EIA Scoping Opinion for new data centre,Hunterston Estate West Kilbride North Ayrshire,,,https://www.planit.org.uk/planapplic/NorthAyrshire/26/00138/EIA/,Scoping agreed,PlanIt,2026-10-09,2026-10-09,manual-review-2026-10-09,North Ayrshire 26/00138/EIA,
UK:Ealing/260830CND,UK,Ealing,260830CND,2026-02-25,2026-03-25,Permitted,Approved,conditions discharge,true,hyperscale/campus,,,158702,3,Kkr & Co. Inc,high,evidence chain: named as Owner in legal agreement; Companies House PSC chain,,Quod Limited,OE032462,"GTR LONDON 2 S.A R.L. (OE032462) > Kkr & Co. Inc (06284582, State Of Delaware - Department Of State: Division Of Corporations, Usa)",AGL16660; AGL397306; MX320233; NGL132484; NGL163938; NGL164938; NGL272255; NGL272256; NGL615197,GTR LONDON 2 S.A R.L. (no number) [high],"U.S. BANK TRUSTEES LIMITED (02379632, Mortgagee in legal agreement)",,"Details of a Arboricultural Method Statement pursuant to condition 16 of planning permission ref: 250949FUL dated 19/12/2025 for: Site clearance and preparation, including demolition of all existing buildings on site and redevelopment of the site to provide: Construction of four data centre units within three buildings of approximately 67.9m AOD in height (Use Class B8, approximately 158,702sqm GEA), four industrial buildings ranging from approximately 41.3m to 46.2m AOD in height (Use Classes B8, B2 and E(g)(iii), approximately 23,389 GEA), central pavilion building of approximately 35m AOD in height (Use Class E(b), approximately 223 GEA), two substations (38.05m AOD in height), associated plant, enclosures and necessary physical security systems, internal roads, servicing, circulation, car and cycle parking and hard and soft landscaping works.",International Trading Estate Trident Way Southall UB2 5LF,,,https://www.planit.org.uk/planapplic/Ealing/260830CND/,,PlanIt,2026-10-09,2026-10-09,manual-review-2026-10-09,"Ealing 250949FUL (four DC units, 67.9m AOD)","[high] named as Owner in legal agreement: https://pam.ealing.gov.uk/online-applications/files/293A00BAD51EB640386EF2C88973003C/pdf/250949FUL-LEGAL_AGREEMENT-4474017.pdf | ""the “Council”); (2) GTR LONDON 2 S.A R.L. (incorporated in Luxembourg) (OE ID: OE032462) of 2 Rue Edward St"" || https://find-and-update.company-information.service.gov.uk/company/OE032462 | GTR LONDON 2 S.A R.L. PSC: Kkr & Co. Inc (06284582 State Of Delaware - Department Of State: Division Of Corporations, Usa) notified 2024-02-16 || [high] registered proprietor (HM Land Registry) GTR LONDON 2 S.A R.L. (): HM Land Registry CCOD/OCOD Oct 2026: title AGL16660 (Freehold, 'land on the south west side of Unit 10, Boeing Way, Southall (UB2 5LB)') proprietor GTR LONDON 2 S.A R.L. ; title cited at https://pam.ealing.gov.uk/online-applications/files/293A00BAD51EB640386EF2C88973003C/pdf/250949FUL-LEGAL_AGREEMENT-4474017.pdf | ""is Deed are enforceable. B. The Owner is the freehold owner of the Property and is registered at HM Land Registry under title numbers AGL16660; AGL397306; MX320233; NGL132484; NGL163938; NGL164938; NGL272255; NGL272256; NGL615197 as the proprietor of the Property. C. The Mortgagee is the proprietor """
UK:EppingForest/EPF/0404/26,UK,Epping Forest,EPF/0404/26,2026-02-25,2026-06-25,Conditions,Approve with Conditions,approved,true,data centre (type not stated),,,,,,,,,,,,,,,,Reserved Matters application submitted pursuant to Outline Planning Permission EPF/1165/22 and the subsequent approved Section 73 application EPF/0388/26 (outline permission for a new data centre with some matters reserved). Approval is sought for the reserved matters of appearance and landscaping.,"Alandale Scaffolding, Langston Road, Loughton IG10 3SL",,,https://www.planit.org.uk/planapplic/EppingForest/EPF/0404/26/,"Reserved matters. Reserved matters (appearance, landscaping)",PlanIt,2026-10-09,2026-10-09,manual-review-2026-10-09,Epping Forest EPF/1165/22,
UK:CentralBedfordshire/CB/26/00636/DOC,UK,Central Bedfordshire,CB/26/00636/DOC,2026-02-25,2026-05-28,Conditions,Discharge of Condition Decision Released,,false,not data centre,,,,,,,,,,,,,,,,"Discharge of Conditions 4, 12 and 20 against planning permission ref. CB/23/03987/RM (Reserved Matters: following Outline Application CB/12/03613/OUT (Outline planning permission with the details of access, appearance, landscaping, layout and scale reserved for later determination. Development to comprise: up to 5,150 dwellings (Use Class C3); up to 202,500 sqm gross of additional development in Use Classes: A1, A2, A3 (retail), A4 (public house), A5 (take away); B1, B2, B8 (offices, industrial and storage and distribution); C1 (hotel), C2 (care home), D1 and D2 (community and leisure); car showroom; data centre; petrol filling station; car parking; primary substation; energy centre; and for the laying out of the buildings; routes and open spaces within the development; and all associated works and operations including but not limited to: demolition; earthworks; engineering operations. All development, works and operations to be in accordance with the Development Parameters Schedule and Plans.) Reserved matters approval sought for layout, scale, appearance, landscaping and access relating to Local Centre Parcel, Phase 1.)","Local Centre Parcel, Linmere (HRN1), Phase 1, Waterslade Way & Lime Tree Drive, Houghton Regis, LU5 7AS",,,https://www.planit.org.uk/planapplic/CentralBedfordshire/CB/26/00636/DOC/,"5,150-home mixed-use outline CB/12/03613/OUT lists data centre as one permitted use; not a DC application",PlanIt,2026-10-09,2026-10-09,manual-review-2026-10-09,,
UK:CentralBedfordshire/CB/26/00616/DOC,UK,Central Bedfordshire,CB/26/00616/DOC,2026-02-24,2026-04-24,Conditions,Discharge of Condition Decision Released,,false,not data centre,,,,,,,,,,,,,,,,"Discharge of Conditions 8 and 29 against planning permission ref. CB/12/03613/OUT (Outline planning permission with the details of access, appearance, landscaping, layout and scale reserved for later determination. Development to comprise: up to 5,150 dwellings (Use Class C3); up to 202,500 sqm gross of additional development in Use Classes: A1, A2, A3 (retail), A4 (public house), A5 (take away); B1, B2, B8 (offices, industrial and storage and distribution); C1 (hotel), C2 (care home), D1 and D2 (community and leisure); car showroom; data centre; petrol filling station; car parking; primary substation; energy centre; and for the laying out of the buildings; routes and open spaces within the development; and all associated works and operations including but not limited to: demolition; earthworks; engineering operations. All development, works and operations to be in accordance with the Development Parameters Schedule and Plans.)","Parcel 7 and 8, Linmere, Houghton Regis North Site 1, Land on the northern edge of Houghton Regis",,,https://www.planit.org.uk/planapplic/CentralBedfordshire/CB/26/00616/DOC/,"5,150-home mixed-use outline CB/12/03613/OUT lists data centre as one permitted use; not a DC application",PlanIt,2026-10-09,2026-10-09,manual-review-2026-10-09,,
UK:Bedford/26/00355/MAO,UK,Bedford,26/00355/MAO,2026-02-23,,Undecided,,outline application,true,data centre (type not stated),,,,1,,,,,,,,,,,,"Outline planning application with all matters reserved except Access and Scale, for the demolition of the existing data centre building and redevelopment of the site to provide a new data centre building (Use Class B8), together with associated servicing areas, security fencing, CCTV, car and cycle parking, landscaping, emergency back-up generators, substation and associated infrastructure",Manton Park Manton Lane Bedford Bedfordshire MK41 7NU,,,https://www.planit.org.uk/planapplic/Bedford/26/00355/MAO/,Replace existing DC building with a new DC building,PlanIt,2026-10-09,2026-10-09,manual-review-2026-10-09,Bedford 26/00355/MAO,
UK:EppingForest/EPF/0388/26,UK,Epping Forest,EPF/0388/26,2026-02-23,2026-06-19,Conditions,Approve with Conditions,amendment/variation,true,data centre (type not stated),,,,,,,,,,,,,,,,"s73 Application to vary Condition 3 (Plan Numbers) attached to EPF/1165/22 (Outline application for a New Data Centre with some matters reserved (Except Access, Layout & Scale)).","Alandale Scaffolding, Langston Road, Loughton IG10 3SL",,,https://www.planit.org.uk/planapplic/EppingForest/EPF/0388/26/,S73 to vary approved plans of outline,PlanIt,2026-10-09,2026-10-09,manual-review-2026-10-09,Epping Forest EPF/1165/22,
UK:EppingForest/EPF/0365/26,UK,Epping Forest,EPF/0365/26,2026-02-20,2026-07-14,Permitted,Approve,conditions discharge,true,data centre (type not stated),,,,,,,,,,,,,,,,"Approval of Details reserved by Condition 7 (Surface Water Drainage) of EPF/1165/22 & EPF/0388/26 (Outline application for a New Data Centre with some matters reserved (Except Access, Layout & Scale)","Alandale Scaffolding, Langston Road, Loughton IG10 3SL",,,https://www.planit.org.uk/planapplic/EppingForest/EPF/0365/26/,,PlanIt,2026-10-09,2026-10-09,manual-review-2026-10-09,Epping Forest EPF/1165/22,
UK:OldOakParkRoyal/26/0039/AODOPDC,UK,Old Oak Park Royal,26/0039/AODOPDC,2026-02-20,2026-04-15,Permitted,Approve,conditions discharge,true,data centre (type not stated),,,52000,,,,,,,,,,,,,"Details of Condition 42 (Cycle Storage and Facilities) for Phase 1b pursuant to planning permission reference 21/0013/OUTOPDC dated 07/09/2021 for 'Outline planning permission with the details of access, appearance, landscaping, layout and scale reserved for later determination for demolition and redevelopment to comprise a data centre (Use Class B8) of up to 52,000 sqm gross external, including ancillary offices, internal plant and equipment (including flues), and substation. In addition to the above the Development may include up to 2,500 sqm of work units (Use Class E(g)(ii) & E(g)(iii), B2); car parking; provision of external plant and equipment (including flues); creation of servicing areas and provision of associated services, including waste, refuse, cycle storage, and lighting; and for the laying out of the buildings; routes and open spaces within the development; and all associated works and operations including but not limited to: demolition; earthworks; provision of attenuation infrastructure, engineering operations. Development shall be in accordance with the approved Development Parameters Schedule and Plans.'","Chandos Road Trading Estate, Chandos Road, Park Royal, NW10 6NF",,,https://www.planit.org.uk/planapplic/OldOakParkRoyal/26/0039/AODOPDC/,,PlanIt,2026-10-09,2026-10-09,manual-review-2026-10-09,"OPDC 21/0013/OUTOPDC (up to 52,000 sqm GEA)",
UK:OldOakParkRoyal/26/0041/AODOPDC,UK,Old Oak Park Royal,26/0041/AODOPDC,2026-02-20,2026-04-16,Permitted,Approve,conditions discharge,true,data centre (type not stated),,,52000,,,,,,,,,,,,,"Details of Condition 3 (Fencing) planning permission reference 21/0150/REMOPDC dated 18/11/2021 for 'Phase 1a Reserved Matters Application with full details of access, layout, scale, appearance and landscaping pursuant to outline planning permission reference 21/0013/OUTOPDC dated 07/09/2021 for a data centre (Use Class B8), generator building, plant, sub-station, hard and soft landscaping and associated works.'","Chandos Road Trading Estate, Chandos Road, Park Royal, NW10 6NF",,,https://www.planit.org.uk/planapplic/OldOakParkRoyal/26/0041/AODOPDC/,,PlanIt,2026-10-09,2026-10-09,manual-review-2026-10-09,"OPDC 21/0013/OUTOPDC (up to 52,000 sqm GEA)",
UK:OldOakParkRoyal/26/0040/AODOPDC,UK,Old Oak Park Royal,26/0040/AODOPDC,2026-02-20,2026-04-16,Permitted,Approve,conditions discharge,true,data centre (type not stated),,,52000,,,,,,,,,,,,,"Details of condition 43 (Delivery and Servicing Plan) in relation to Phase 1a of the development pursuant to planning permission reference 21/0013/OUTOPDC dated 07/09/2021 for 'Outline planning permission with the details of access, appearance, landscaping, layout and scale reserved for later determination for demolition and redevelopment to comprise a data centre (Use Class B8) of up to 52,000 sqm gross external, including ancillary offices, internal plant and equipment (including flues), and substation. In addition to the above the Development may include up to 2,500 sqm of work units (Use Class E(g)(ii) & E(g)(iii), B2); car parking; provision of external plant and equipment (including flues); creation of servicing areas and provision of associated services, including waste, refuse, cycle storage, and lighting; and for the laying out of the buildings; routes and open spaces within the development; and all associated works and operations including but not limited to: demolition; earthworks; provision of attenuation infrastructure, engineering operations. Development shall be in accordance with the approved Development Parameters Schedule and Plans.'","Chandos Road Trading Estate, Chandos Road, Park Royal, NW10 6NF",,,https://www.planit.org.uk/planapplic/OldOakParkRoyal/26/0040/AODOPDC/,,PlanIt,2026-10-09,2026-10-09,manual-review-2026-10-09,"OPDC 21/0013/OUTOPDC (up to 52,000 sqm GEA)",
UK:Ealing/260790CND,UK,Ealing,260790CND,2026-02-19,2026-04-15,Permitted,Approved,conditions discharge,true,hyperscale/campus,,,158702,3,Kkr & Co. Inc,high,evidence chain: named as Owner in legal agreement; Companies House PSC chain,,,OE032462,"GTR LONDON 2 S.A R.L. (OE032462) > Kkr & Co. Inc (06284582, State Of Delaware - Department Of State: Division Of Corporations, Usa)",AGL16660; AGL397306; MX320233; NGL132484; NGL163938; NGL164938; NGL272255; NGL272256; NGL615197,GTR LONDON 2 S.A R.L. (no number) [high],"U.S. BANK TRUSTEES LIMITED (02379632, Mortgagee in legal agreement)",,"Details of Reducing Emissions from Demolition and Construction Plan part pursuant to condition 15 (part discharge - Phase 1) of planning permission ref: 250949FUL dated 19/12/2025 for: Site clearance and preparation, including demolition of all existing buildings on site and redevelopment of the site to provide: Construction of four data centre units within three buildings of approximately 67.9m AOD in height (Use Class B8, approximately 158,702sqm GEA), four industrial buildings ranging from approximately 41.3m to 46.2m AOD in height (Use Classes B8, B2 and E(g)(iii), approximately 23,389 GEA), central pavilion building of approximately 35m AOD in height (Use Class E(b), approximately 223 GEA), two substations (38.05m AOD in height), associated plant, enclosures and necessary physical security systems, internal roads, servicing, circulation, car and cycle parking and hard and soft landscaping works.",International Trading Estate Trident Way Southall UB2 5LF,,,https://www.planit.org.uk/planapplic/Ealing/260790CND/,,PlanIt,2026-10-09,2026-10-09,manual-review-2026-10-09,"Ealing 250949FUL (four DC units, 67.9m AOD)","[high] named as Owner in legal agreement: https://pam.ealing.gov.uk/online-applications/files/293A00BAD51EB640386EF2C88973003C/pdf/250949FUL-LEGAL_AGREEMENT-4474017.pdf | ""the “Council”); (2) GTR LONDON 2 S.A R.L. (incorporated in Luxembourg) (OE ID: OE032462) of 2 Rue Edward St"" || https://find-and-update.company-information.service.gov.uk/company/OE032462 | GTR LONDON 2 S.A R.L. PSC: Kkr & Co. Inc (06284582 State Of Delaware - Department Of State: Division Of Corporations, Usa) notified 2024-02-16 || [high] registered proprietor (HM Land Registry) GTR LONDON 2 S.A R.L. (): HM Land Registry CCOD/OCOD Oct 2026: title AGL16660 (Freehold, 'land on the south west side of Unit 10, Boeing Way, Southall (UB2 5LB)') proprietor GTR LONDON 2 S.A R.L. ; title cited at https://pam.ealing.gov.uk/online-applications/files/293A00BAD51EB640386EF2C88973003C/pdf/250949FUL-LEGAL_AGREEMENT-4474017.pdf | ""is Deed are enforceable. B. The Owner is the freehold owner of the Property and is registered at HM Land Registry under title numbers AGL16660; AGL397306; MX320233; NGL132484; NGL163938; NGL164938; NGL272255; NGL272256; NGL615197 as the proprietor of the Property. C. The Mortgagee is the proprietor """
UK:EppingForest/EPF/0352/26,UK,Epping Forest,EPF/0352/26,2026-02-19,2026-04-01,Conditions,Split (Details Partially Approved),conditions discharge,true,data centre (type not stated),,,,,,,,,,,,,,,,"Approval of Details Reserved by Condition 6 (Archaeology) of EPF/1165/22 (Outline application for a New Data Centre with some matters reserved (Except Access, Layout & Scale).","Alandale Scaffolding, Langston Road, Loughton IG10 3SL",,,https://www.planit.org.uk/planapplic/EppingForest/EPF/0352/26/,,PlanIt,2026-10-09,2026-10-09,manual-review-2026-10-09,Epping Forest EPF/1165/22,
UK:Ealing/260719CND,UK,Ealing,260719CND,2026-02-19,2026-04-14,Permitted,Approved,conditions discharge,true,hyperscale/campus,,,158702,3,Kkr & Co. Inc,high,evidence chain: named as Owner in legal agreement; Companies House PSC chain,,,OE032462,"GTR LONDON 2 S.A R.L. (OE032462) > Kkr & Co. Inc (06284582, State Of Delaware - Department Of State: Division Of Corporations, Usa)",AGL16660; AGL397306; MX320233; NGL132484; NGL163938; NGL164938; NGL272255; NGL272256; NGL615197,GTR LONDON 2 S.A R.L. (no number) [high],"U.S. BANK TRUSTEES LIMITED (02379632, Mortgagee in legal agreement)",,"Details of Site Construction Logistics Plan part pursuant to condition 12 (part discharge - Phase 1) of planning permission ref: 250949FUL dated 19/12/2025 for: Site clearance and preparation, including demolition of all existing buildings on site and redevelopment of the site to provide: Construction of four data centre units within three buildings of approximately 67.9m AOD in height (Use Class B8, approximately 158,702sqm GEA), four industrial buildings ranging from approximately 41.3m to 46.2m AOD in height (Use Classes B8, B2 and E(g)(iii), approximately 23,389 GEA), central pavilion building of approximately 35m AOD in height (Use Class E(b), approximately 223 GEA), two substations (38.05m AOD in height), associated plant, enclosures and necessary physical security systems, internal roads, servicing, circulation, car and cycle parking and hard and soft landscaping works.",International Trading Estate Trident Way Southall UB2 5LF,,,https://www.planit.org.uk/planapplic/Ealing/260719CND/,,PlanIt,2026-10-09,2026-10-09,manual-review-2026-10-09,"Ealing 250949FUL (four DC units, 67.9m AOD)","[high] named as Owner in legal agreement: https://pam.ealing.gov.uk/online-applications/files/293A00BAD51EB640386EF2C88973003C/pdf/250949FUL-LEGAL_AGREEMENT-4474017.pdf | ""the “Council”); (2) GTR LONDON 2 S.A R.L. (incorporated in Luxembourg) (OE ID: OE032462) of 2 Rue Edward St"" || https://find-and-update.company-information.service.gov.uk/company/OE032462 | GTR LONDON 2 S.A R.L. PSC: Kkr & Co. Inc (06284582 State Of Delaware - Department Of State: Division Of Corporations, Usa) notified 2024-02-16 || [high] registered proprietor (HM Land Registry) GTR LONDON 2 S.A R.L. (): HM Land Registry CCOD/OCOD Oct 2026: title AGL16660 (Freehold, 'land on the south west side of Unit 10, Boeing Way, Southall (UB2 5LB)') proprietor GTR LONDON 2 S.A R.L. ; title cited at https://pam.ealing.gov.uk/online-applications/files/293A00BAD51EB640386EF2C88973003C/pdf/250949FUL-LEGAL_AGREEMENT-4474017.pdf | ""is Deed are enforceable. B. The Owner is the freehold owner of the Property and is registered at HM Land Registry under title numbers AGL16660; AGL397306; MX320233; NGL132484; NGL163938; NGL164938; NGL272255; NGL272256; NGL615197 as the proprietor of the Property. C. The Mortgagee is the proprietor """
UK:Ealing/260718CND,UK,Ealing,260718CND,2026-02-19,2026-05-21,Permitted,Approved,conditions discharge,true,hyperscale/campus,,,158702,3,Kkr & Co. Inc,high,evidence chain: named as Owner in legal agreement; Companies House PSC chain,,,OE032462,"GTR LONDON 2 S.A R.L. (OE032462) > Kkr & Co. Inc (06284582, State Of Delaware - Department Of State: Division Of Corporations, Usa)",AGL16660; AGL397306; MX320233; NGL132484; NGL163938; NGL164938; NGL272255; NGL272256; NGL615197,GTR LONDON 2 S.A R.L. (no number) [high],"U.S. BANK TRUSTEES LIMITED (02379632, Mortgagee in legal agreement)",,"Details of Demolition Method Statement and Construction Management Plan part pursuant to condition 14 (part discharge - Phase 1) of planning permission ref: 250949FUL dated 19/12/2025 for: Site clearance and preparation, including demolition of all existing buildings on site and redevelopment of the site to provide: Construction of four data centre units within three buildings of approximately 67.9m AOD in height (Use Class B8, approximately 158,702sqm GEA), four industrial buildings ranging from approximately 41.3m to 46.2m AOD in height (Use Classes B8, B2 and E(g)(iii), approximately 23,389 GEA), central pavilion building of approximately 35m AOD in height (Use Class E(b), approximately 223 GEA), two substations (38.05m AOD in height), associated plant, enclosures and necessary physical security systems, internal roads, servicing, circulation, car and cycle parking and hard and soft landscaping works.",International Trading Estate Trident Way Southall UB2 5LF,,,https://www.planit.org.uk/planapplic/Ealing/260718CND/,,PlanIt,2026-10-09,2026-10-09,manual-review-2026-10-09,"Ealing 250949FUL (four DC units, 67.9m AOD)","[high] named as Owner in legal agreement: https://pam.ealing.gov.uk/online-applications/files/293A00BAD51EB640386EF2C88973003C/pdf/250949FUL-LEGAL_AGREEMENT-4474017.pdf | ""the “Council”); (2) GTR LONDON 2 S.A R.L. (incorporated in Luxembourg) (OE ID: OE032462) of 2 Rue Edward St"" || https://find-and-update.company-information.service.gov.uk/company/OE032462 | GTR LONDON 2 S.A R.L. PSC: Kkr & Co. Inc (06284582 State Of Delaware - Department Of State: Division Of Corporations, Usa) notified 2024-02-16 || [high] registered proprietor (HM Land Registry) GTR LONDON 2 S.A R.L. (): HM Land Registry CCOD/OCOD Oct 2026: title AGL16660 (Freehold, 'land on the south west side of Unit 10, Boeing Way, Southall (UB2 5LB)') proprietor GTR LONDON 2 S.A R.L. ; title cited at https://pam.ealing.gov.uk/online-applications/files/293A00BAD51EB640386EF2C88973003C/pdf/250949FUL-LEGAL_AGREEMENT-4474017.pdf | ""is Deed are enforceable. B. The Owner is the freehold owner of the Property and is registered at HM Land Registry under title numbers AGL16660; AGL397306; MX320233; NGL132484; NGL163938; NGL164938; NGL272255; NGL272256; NGL615197 as the proprietor of the Property. C. The Mortgagee is the proprietor """
UK:WestOxfordshire/26/00428/OUT,UK,West Oxfordshire,26/00428/OUT,2026-02-19,2026-09-09,Withdrawn,Application Withdrawn,withdrawn,true,data centre (type not stated),,,,,,,,,A B Design (Poole) Ltd,,,,,,,Outline application for the erection of buildings to form datacentres with some matters reserved,The Wood Store Shilton Burford Oxfordshire OX18 4AP,,,https://www.planit.org.uk/planapplic/WestOxfordshire/26/00428/OUT/,Outline application. Outline for datacentre buildings,PlanIt,2026-10-09,2026-10-09,manual-review-2026-10-09,West Oxfordshire DC on approved storage site,
UK:CentralBedfordshire/CB/26/00544/NMA,UK,Central Bedfordshire,CB/26/00544/NMA,2026-02-18,2026-03-20,Permitted,Non-Material Amendment - Granted,,false,not data centre,,,,,,,,,,,,,,,,"Non-material amendment to planning permission CB/12/03613/OUT (Outline planning permission with the details of access, appearance, landscaping, layout and scale reserved for later determination. Development to comprise: up to 5,150 dwellings (Use Class C3); up to 202,500 sqm gross of additional development in Use Classes: A1, A2, A3 (retail), A4 (public house), A5 (take away); B1, B2, B8 (offices, industrial and storage and distribution); C1 (hotel), C2 (care home), D1 and D2 (community and leisure); car showroom; data centre; petrol filling station; car parking; primary substation; energy centre; and for the laying out of the buildings; routes and open spaces within the development; and all associated works and operations including but not limited to: demolition; earthworks; engineering operations. All development, works and operations to be in accordance with the Development Parameters Schedule and Plans.) Amendment sought: Non-material amendment to amend the plots that are M4(2) compliant, to formalise the accessibility and ensure that it aligns with delivery on site.","Parcel 5, Houghton Regis North 1, Sundon Road, Houghton Regis",,,https://www.planit.org.uk/planapplic/CentralBedfordshire/CB/26/00544/NMA/,"5,150-home mixed-use outline CB/12/03613/OUT lists data centre as one permitted use; not a DC application",PlanIt,2026-10-09,2026-10-09,manual-review-2026-10-09,,
UK:CentralBedfordshire/CB/26/00511/NMA,UK,Central Bedfordshire,CB/26/00511/NMA,2026-02-16,2026-03-24,Permitted,Non-Material Amendment - Granted,,false,not data centre,,,,,,,,,,,,,,,,"Non-material amendment to planning permission CB/25/01728/RM (Reserved Matters: following Outline Application CB/12/03613/OUT (Outline planning permission with the details of access, appearance, landscaping, layout and scale reserved for later determination. Development to comprise: up to 5,150 dwellings (Use Class C3); up to 202,500 sqm gross of additional development in Use Classes: A1, A2, A3 (retail), A4 (public house), A5 (take away); B1, B2, B8 (offices, industrial and storage and distribution); C1 (hotel), C2 (care home), D1 and D2 (community and leisure); car showroom; data centre; petrol filling station; car parking; primary substation; energy centre; and for the laying out of the buildings; routes and open spaces within the development; and all associated works and operations including but not limited to: demolition; earthworks; engineering operations. All development, works and operations to be in accordance with the Development Parameters Schedule and Plans.) Reserved matters sought for appearance only to bandstand) Amendment Sought: Amendment to the bandstand roof.","Land To The North And East Of Houghton Regis, Sundon Road, Houghton Regis",,,https://www.planit.org.uk/planapplic/CentralBedfordshire/CB/26/00511/NMA/,"5,150-home mixed-use outline CB/12/03613/OUT lists data centre as one permitted use; not a DC application",PlanIt,2026-10-09,2026-10-09,manual-review-2026-10-09,,
UK:Ealing/260589CND,UK,Ealing,260589CND,2026-02-13,2026-04-08,Permitted,Approved,conditions discharge,true,hyperscale/campus,,,158702,3,Kkr & Co. Inc,high,evidence chain: named as Owner in legal agreement; Companies House PSC chain,,,OE032462,"GTR LONDON 2 S.A R.L. (OE032462) > Kkr & Co. Inc (06284582, State Of Delaware - Department Of State: Division Of Corporations, Usa)",AGL16660; AGL397306; MX320233; NGL132484; NGL163938; NGL164938; NGL272255; NGL272256; NGL615197,GTR LONDON 2 S.A R.L. (no number) [high],"U.S. BANK TRUSTEES LIMITED (02379632, Mortgagee in legal agreement)",,"Details of Vegetation Clearance and Protection of Nesting Birds pursuant to condition 18 of planning permission ref: 250949FUL dated 19/12/2025 for: Site clearance and preparation, including demolition of all existing buildings on site and redevelopment of the site to provide: Construction of four data centre units within three buildings of approximately 67.9m AOD in height (Use Class B8, approximately 158,702sqm GEA), four industrial buildings ranging from approximately 41.3m to 46.2m AOD in height (Use Classes B8, B2 and E(g)(iii), approximately 23,389 GEA), central pavilion building of approximately 35m AOD in height (Use Class E(b), approximately 223 GEA), two substations (38.05m AOD in height), associated plant, enclosures and necessary physical security systems, internal roads, servicing, circulation, car and cycle parking and hard and soft landscaping works.",International Trading Estate Trident Way Southall UB2 5LF,,,https://www.planit.org.uk/planapplic/Ealing/260589CND/,,PlanIt,2026-10-09,2026-10-09,manual-review-2026-10-09,"Ealing 250949FUL (four DC units, 67.9m AOD)","[high] named as Owner in legal agreement: https://pam.ealing.gov.uk/online-applications/files/293A00BAD51EB640386EF2C88973003C/pdf/250949FUL-LEGAL_AGREEMENT-4474017.pdf | ""the “Council”); (2) GTR LONDON 2 S.A R.L. (incorporated in Luxembourg) (OE ID: OE032462) of 2 Rue Edward St"" || https://find-and-update.company-information.service.gov.uk/company/OE032462 | GTR LONDON 2 S.A R.L. PSC: Kkr & Co. Inc (06284582 State Of Delaware - Department Of State: Division Of Corporations, Usa) notified 2024-02-16 || [high] registered proprietor (HM Land Registry) GTR LONDON 2 S.A R.L. (): HM Land Registry CCOD/OCOD Oct 2026: title AGL16660 (Freehold, 'land on the south west side of Unit 10, Boeing Way, Southall (UB2 5LB)') proprietor GTR LONDON 2 S.A R.L. ; title cited at https://pam.ealing.gov.uk/online-applications/files/293A00BAD51EB640386EF2C88973003C/pdf/250949FUL-LEGAL_AGREEMENT-4474017.pdf | ""is Deed are enforceable. B. The Owner is the freehold owner of the Property and is registered at HM Land Registry under title numbers AGL16660; AGL397306; MX320233; NGL132484; NGL163938; NGL164938; NGL272255; NGL272256; NGL615197 as the proprietor of the Property. C. The Mortgagee is the proprietor """
UK:Ealing/260590CND,UK,Ealing,260590CND,2026-02-13,2026-03-04,Permitted,Approved,conditions discharge,true,hyperscale/campus,,,158702,3,Kkr & Co. Inc,high,evidence chain: named as Owner in legal agreement; Companies House PSC chain,,,OE032462,"GTR LONDON 2 S.A R.L. (OE032462) > Kkr & Co. Inc (06284582, State Of Delaware - Department Of State: Division Of Corporations, Usa)",AGL16660; AGL397306; MX320233; NGL132484; NGL163938; NGL164938; NGL272255; NGL272256; NGL615197,GTR LONDON 2 S.A R.L. (no number) [high],"U.S. BANK TRUSTEES LIMITED (02379632, Mortgagee in legal agreement)",,"Submission of a Site Contamination Assessment pursuant to condition 21 of planning permission ref: 250949FUL dated 19/12/2025 for: Site clearance and preparation, including demolition of all existing buildings on site and redevelopment of the site to provide: Construction of four data centre units within three buildings of approximately 67.9m AOD in height (Use Class B8, approximately 158,702sqm GEA), four industrial buildings ranging from approximately 41.3m to 46.2m AOD in height (Use Classes B8, B2 and E(g)(iii), approximately 23,389 GEA), central pavilion building of approximately 35m AOD in height (Use Class E(b), approximately 223 GEA), two substations (38.05m AOD in height), associated plant, enclosures and necessary physical security systems, internal roads, servicing, circulation, car and cycle parking and hard and soft landscaping works.",International Trading Estate Trident Way Southall UB2 5LF,,,https://www.planit.org.uk/planapplic/Ealing/260590CND/,,PlanIt,2026-10-09,2026-10-09,manual-review-2026-10-09,"Ealing 250949FUL (four DC units, 67.9m AOD)","[high] named as Owner in legal agreement: https://pam.ealing.gov.uk/online-applications/files/293A00BAD51EB640386EF2C88973003C/pdf/250949FUL-LEGAL_AGREEMENT-4474017.pdf | ""the “Council”); (2) GTR LONDON 2 S.A R.L. (incorporated in Luxembourg) (OE ID: OE032462) of 2 Rue Edward St"" || https://find-and-update.company-information.service.gov.uk/company/OE032462 | GTR LONDON 2 S.A R.L. PSC: Kkr & Co. Inc (06284582 State Of Delaware - Department Of State: Division Of Corporations, Usa) notified 2024-02-16 || [high] registered proprietor (HM Land Registry) GTR LONDON 2 S.A R.L. (): HM Land Registry CCOD/OCOD Oct 2026: title AGL16660 (Freehold, 'land on the south west side of Unit 10, Boeing Way, Southall (UB2 5LB)') proprietor GTR LONDON 2 S.A R.L. ; title cited at https://pam.ealing.gov.uk/online-applications/files/293A00BAD51EB640386EF2C88973003C/pdf/250949FUL-LEGAL_AGREEMENT-4474017.pdf | ""is Deed are enforceable. B. The Owner is the freehold owner of the Property and is registered at HM Land Registry under title numbers AGL16660; AGL397306; MX320233; NGL132484; NGL163938; NGL164938; NGL272255; NGL272256; NGL615197 as the proprietor of the Property. C. The Mortgagee is the proprietor """
UK:Ealing/260588CND,UK,Ealing,260588CND,2026-02-13,2026-03-16,Permitted,Approved,conditions discharge,true,hyperscale/campus,,,158702,3,Kkr & Co. Inc,high,evidence chain: named as Owner in legal agreement; Companies House PSC chain,,,OE032462,"GTR LONDON 2 S.A R.L. (OE032462) > Kkr & Co. Inc (06284582, State Of Delaware - Department Of State: Division Of Corporations, Usa)",AGL16660; AGL397306; MX320233; NGL132484; NGL163938; NGL164938; NGL272255; NGL272256; NGL615197,GTR LONDON 2 S.A R.L. (no number) [high],"U.S. BANK TRUSTEES LIMITED (02379632, Mortgagee in legal agreement)",,"Details of Written Scheme of Investigation (WSI) pursuant to condition 11 of planning permission ref: 250949FUL dated 19/12/2025 for: Site clearance and preparation, including demolition of all existing buildings on site and redevelopment of the site to provide: Construction of four data centre units within three buildings of approximately 67.9m AOD in height (Use Class B8, approximately 158,702sqm GEA), four industrial buildings ranging from approximately 41.3m to 46.2m AOD in height (Use Classes B8, B2 and E(g)(iii), approximately 23,389 GEA), central pavilion building of approximately 35m AOD in height (Use Class E(b), approximately 223 GEA), two substations (38.05m AOD in height), associated plant, enclosures and necessary physical security systems, internal roads, servicing, circulation, car and cycle parking and hard and soft landscaping works.",International Trading Estate Trident Way Southall UB2 5LF,,,https://www.planit.org.uk/planapplic/Ealing/260588CND/,,PlanIt,2026-10-09,2026-10-09,manual-review-2026-10-09,"Ealing 250949FUL (four DC units, 67.9m AOD)","[high] named as Owner in legal agreement: https://pam.ealing.gov.uk/online-applications/files/293A00BAD51EB640386EF2C88973003C/pdf/250949FUL-LEGAL_AGREEMENT-4474017.pdf | ""the “Council”); (2) GTR LONDON 2 S.A R.L. (incorporated in Luxembourg) (OE ID: OE032462) of 2 Rue Edward St"" || https://find-and-update.company-information.service.gov.uk/company/OE032462 | GTR LONDON 2 S.A R.L. PSC: Kkr & Co. Inc (06284582 State Of Delaware - Department Of State: Division Of Corporations, Usa) notified 2024-02-16 || [high] registered proprietor (HM Land Registry) GTR LONDON 2 S.A R.L. (): HM Land Registry CCOD/OCOD Oct 2026: title AGL16660 (Freehold, 'land on the south west side of Unit 10, Boeing Way, Southall (UB2 5LB)') proprietor GTR LONDON 2 S.A R.L. ; title cited at https://pam.ealing.gov.uk/online-applications/files/293A00BAD51EB640386EF2C88973003C/pdf/250949FUL-LEGAL_AGREEMENT-4474017.pdf | ""is Deed are enforceable. B. The Owner is the freehold owner of the Property and is registered at HM Land Registry under title numbers AGL16660; AGL397306; MX320233; NGL132484; NGL163938; NGL164938; NGL272255; NGL272256; NGL615197 as the proprietor of the Property. C. The Mortgagee is the proprietor """
UK:Ealing/260786CND,UK,Ealing,260786CND,2026-02-13,2026-03-04,Permitted,Approved,conditions discharge,true,hyperscale/campus,,,158702,3,Kkr & Co. Inc,high,evidence chain: named as Owner in legal agreement; Companies House PSC chain,,,OE032462,"GTR LONDON 2 S.A R.L. (OE032462) > Kkr & Co. Inc (06284582, State Of Delaware - Department Of State: Division Of Corporations, Usa)",AGL16660; AGL397306; MX320233; NGL132484; NGL163938; NGL164938; NGL272255; NGL272256; NGL615197,GTR LONDON 2 S.A R.L. (no number) [high],"U.S. BANK TRUSTEES LIMITED (02379632, Mortgagee in legal agreement)",,"Details of Contamination Remediation pursuant to condition 22 of planning permission ref: 250949FUL dated 19/12/2025 for: Site clearance and preparation, including demolition of all existing buildings on site and redevelopment of the site to provide: Construction of four data centre units within three buildings of approximately 67.9m AOD in height (Use Class B8, approximately 158,702sqm GEA), four industrial buildings ranging from approximately 41.3m to 46.2m AOD in height (Use Classes B8, B2 and E(g)(iii), approximately 23,389 GEA), central pavilion building of approximately 35m AOD in height (Use Class E(b), approximately 223 GEA), two substations (38.05m AOD in height), associated plant, enclosures and necessary physical security systems, internal roads, servicing, circulation, car and cycle parking and hard and soft landscaping works.",International Trading Estate Trident Way Southall UB2 5LF,,,https://www.planit.org.uk/planapplic/Ealing/260786CND/,,PlanIt,2026-10-09,2026-10-09,manual-review-2026-10-09,"Ealing 250949FUL (four DC units, 67.9m AOD)","[high] named as Owner in legal agreement: https://pam.ealing.gov.uk/online-applications/files/293A00BAD51EB640386EF2C88973003C/pdf/250949FUL-LEGAL_AGREEMENT-4474017.pdf | ""the “Council”); (2) GTR LONDON 2 S.A R.L. (incorporated in Luxembourg) (OE ID: OE032462) of 2 Rue Edward St"" || https://find-and-update.company-information.service.gov.uk/company/OE032462 | GTR LONDON 2 S.A R.L. PSC: Kkr & Co. Inc (06284582 State Of Delaware - Department Of State: Division Of Corporations, Usa) notified 2024-02-16 || [high] registered proprietor (HM Land Registry) GTR LONDON 2 S.A R.L. (): HM Land Registry CCOD/OCOD Oct 2026: title AGL16660 (Freehold, 'land on the south west side of Unit 10, Boeing Way, Southall (UB2 5LB)') proprietor GTR LONDON 2 S.A R.L. ; title cited at https://pam.ealing.gov.uk/online-applications/files/293A00BAD51EB640386EF2C88973003C/pdf/250949FUL-LEGAL_AGREEMENT-4474017.pdf | ""is Deed are enforceable. B. The Owner is the freehold owner of the Property and is registered at HM Land Registry under title numbers AGL16660; AGL397306; MX320233; NGL132484; NGL163938; NGL164938; NGL272255; NGL272256; NGL615197 as the proprietor of the Property. C. The Mortgagee is the proprietor """
UK:Ealing/260783CND,UK,Ealing,260783CND,2026-02-13,2026-04-08,Permitted,Approved,conditions discharge,true,hyperscale/campus,,,158702,3,Kkr & Co. Inc,high,evidence chain: named as Owner in legal agreement; Companies House PSC chain,,,OE032462,"GTR LONDON 2 S.A R.L. (OE032462) > Kkr & Co. Inc (06284582, State Of Delaware - Department Of State: Division Of Corporations, Usa)",AGL16660; AGL397306; MX320233; NGL132484; NGL163938; NGL164938; NGL272255; NGL272256; NGL615197,GTR LONDON 2 S.A R.L. (no number) [high],"U.S. BANK TRUSTEES LIMITED (02379632, Mortgagee in legal agreement)",,"Submission of Ecological Mitigation and Management Plan (EMMP) pursuant to condition 19 of planning permission ref: 250949FUL dated 19/12/2025 for: Site clearance and preparation, including demolition of all existing buildings on site and redevelopment of the site to provide: Construction of four data centre units within three buildings of approximately 67.9m AOD in height (Use Class B8, approximately 158,702sqm GEA), four industrial buildings ranging from approximately 41.3m to 46.2m AOD in height (Use Classes B8, B2 and E(g)(iii), approximately 23,389 GEA), central pavilion building of approximately 35m AOD in height (Use Class E(b), approximately 223 GEA), two substations (38.05m AOD in height), associated plant, enclosures and necessary physical security systems, internal roads, servicing, circulation, car and cycle parking and hard and soft landscaping works.",International Trading Estate Trident Way Southall UB2 5LF,,,https://www.planit.org.uk/planapplic/Ealing/260783CND/,,PlanIt,2026-10-09,2026-10-09,manual-review-2026-10-09,"Ealing 250949FUL (four DC units, 67.9m AOD)","[high] named as Owner in legal agreement: https://pam.ealing.gov.uk/online-applications/files/293A00BAD51EB640386EF2C88973003C/pdf/250949FUL-LEGAL_AGREEMENT-4474017.pdf | ""the “Council”); (2) GTR LONDON 2 S.A R.L. (incorporated in Luxembourg) (OE ID: OE032462) of 2 Rue Edward St"" || https://find-and-update.company-information.service.gov.uk/company/OE032462 | GTR LONDON 2 S.A R.L. PSC: Kkr & Co. Inc (06284582 State Of Delaware - Department Of State: Division Of Corporations, Usa) notified 2024-02-16 || [high] registered proprietor (HM Land Registry) GTR LONDON 2 S.A R.L. (): HM Land Registry CCOD/OCOD Oct 2026: title AGL16660 (Freehold, 'land on the south west side of Unit 10, Boeing Way, Southall (UB2 5LB)') proprietor GTR LONDON 2 S.A R.L. ; title cited at https://pam.ealing.gov.uk/online-applications/files/293A00BAD51EB640386EF2C88973003C/pdf/250949FUL-LEGAL_AGREEMENT-4474017.pdf | ""is Deed are enforceable. B. The Owner is the freehold owner of the Property and is registered at HM Land Registry under title numbers AGL16660; AGL397306; MX320233; NGL132484; NGL163938; NGL164938; NGL272255; NGL272256; NGL615197 as the proprietor of the Property. C. The Mortgagee is the proprietor """
UK:CentralBedfordshire/CB/26/00468/RM,UK,Central Bedfordshire,CB/26/00468/RM,2026-02-12,,Undecided,,,false,not data centre,,,,,,,,,,,,,,,,"Reserved Matters following Outline Application CB/12/03613/OUT (Outline planning permission with the details of access, appearance, landscaping, layout and scale reserved for later determination. Development to comprise: up to 5,150 dwellings (Use Class C3); up to 202,500 sqm gross of additional development in Use Classes: A1, A2, A3 (retail), A4 (public house), A5 (take away); B1, B2, B8 (offices, industrial and storage and distribution); C1 (hotel), C2 (care home), D1 and D2 (community and leisure); car showroom; data centre; petrol filling station; car parking; primary substation; energy centre; and for the laying out of the buildings; routes and open spaces within the development; and all associated works and operations including but not limited to: demolition; earthworks; engineering operations. All development, works and operations to be in accordance with the Development Parameters Schedule and Plans.) Approval of access, appearance, landscaping, layout and scale for 236 dwelling units","Phase 4, Parcels 2 and 3, Houghton Regis North Site 1, Houghton Regis, Bedfordshire",,,https://www.planit.org.uk/planapplic/CentralBedfordshire/CB/26/00468/RM/,"5,150-home mixed-use outline CB/12/03613/OUT lists data centre as one permitted use; not a DC application",PlanIt,2026-10-09,2026-10-09,manual-review-2026-10-09,,
UK:Slough/SMI/2026/6,UK,Slough,SMI/2026/6,2026-02-12,,Undecided,,full application,true,data centre (type not stated),,,,2,,,,,,,,,,,,"Demolition of the existing building and structures on site, and all other associated site clearance works. Construction of two data centre buildings (Class B8) with ancillary offices, associated plant, equipment and emergency backup generators, ancillary buildings and substation with vehicular access from Thorney Lane South and emergency access route onto Hollow Hill Lane together with internal circulation areas, car and cycle parking, hard and soft landscaping and other associated works and ancillary site infrastructure.","Thorney Business Park, Thorney Lane North, Iver, Buckinghamshire",,,https://www.planit.org.uk/planapplic/Slough/SMI/2026/6/,Slough record of cross-boundary scheme; access from Thorney Lane South,PlanIt,2026-10-09,2026-10-09,manual-review-2026-10-09,"Thorney Business Park, Iver (PL/25/4316/FA)",
UK:Trafford/118338/HYB/26,UK,Trafford,118338/HYB/26,2026-02-10,2026-07-10,Conditions,Approve with Conditions,approved,possible,data centre (type not stated),,,,,,,,,Lichfields,,,,,,,"Hybrid planning application for the redevelopment of the site comprising: (Part detailed) Demolition of all existing buildings and structures, site preparation and enabling works. (Part outline) Construction of buildings (Flexible Class B2/B8 Use or Data Centre (Sui Generis)); hard and soft landscaping works, access and highway alterations, car and cycle parking provision and all other associated ancillary works. (Approval sought for Access with all other matters reserved).",Land At Ocean Estates Trafford Park Road Trafford Park Manchester M17 1AT,,,https://www.planit.org.uk/planapplic/Trafford/118338/HYB/26/,Outline application. Hybrid; buildings for flexible B2/B8 OR data centre; DC not certain,PlanIt,2026-10-09,2026-10-09,manual-review-2026-10-09,Trafford 118338/HYB/26 flexible B2/B8 or DC,
UK:Ealing/260531OPDCOB,UK,Ealing,260531OPDCOB,2026-02-10,2026-02-17,Permitted,No Objection,conditions discharge,true,data centre (type not stated),,,,,05396063,low (address match; check title plan),evidence chain: registered proprietor (HM Land Registry); Companies House PSC chain,,,12777470,ARK ESTATES 3 LIMITED (12777470) > ? (05396063),MX318943 (low),ARK ESTATES 3 LIMITED (12777470) [low],,,"Partial discharge of condition 5 (Materials - Substation Only) pursuant to planning permission 24/0141/VAROPDC dated 20/12/2024 for Section 73 application to vary Conditions 2 (approved plans and documents), 3 (development parameters), 5 (contaminated land site investigation), 6 (Construction and Environmental Management Plan), 7 (Construction Logistics Plan), 8 (circular economy details), 10 (Secured by Design), 11 (hard and soft landscaping), 12 (cycle parking), 13 (Fire Strategy), 19 (external lighting), 20 (green roofs), 21 (vehicular access), 22 (car parking implementation), 27 (vehicular access restriction), and 30 (energy statement) of planning permission 22/0059/FUMOPDC for 'Redevelopment of the site to provide a data centre (Use Class B8) with associated energy and electrical infrastructure, visitor reception building, security gatehouse, plant, boundary enclosures, car and cycle parking, hard and soft landscaping; and associated alterations to vehicular access arrangements including creation of new access from Concord Road and new access from Western Avenue service road; and associated external works.' Amendments are proposed primarily to replace the approved sub-station/ancillary office building with a standalone sub-station building, and to increase the size of the pocket park",Site Of Renault Retail Group Ltd Western Avenue Acton W3 0RZ,,,https://www.planit.org.uk/planapplic/Ealing/260531OPDCOB/,Substation materials condition,PlanIt,2026-10-09,2026-10-09,manual-review-2026-10-09,OPDC 24/0141/VAROPDC,"[low] registered proprietor (HM Land Registry): HM Land Registry CCOD/OCOD Oct 2026 address match: title MX318943 ('land and buildings on the south side of Western Avenue, Park Royal, Acton') proprietor ARK ESTATES 3 LIMITED 12777470 || https://find-and-update.company-information.service.gov.uk/company/12777470 | ARK ESTATES 3 LIMITED PSC: Revcap Properties 25 Limited (05396063 England) notified 2020-07-29"
UK:Dacorum/26/00267/MFA,UK,Dacorum,26/00267/MFA,2026-02-09,,Undecided,,full application,true,data centre (type not stated),,,,1,,,,,Lichfields,,,,,,,"Site clearance works and construction of a data centre building (Class B8) with plant at roof level with an emergency generator (1no.) and associated flue (provided within an external compound adjoining the data centre building), sprinkler tanks and pumphouse, security guard house, and provision of kiosk substation. Construction of a new access and internal road and circulation areas, footpaths, provision of car and bicycle parking, hard and soft landscaping and other associated works and ancillary site infrastructure.",Plot 3 Maylands Avenue Hemel Hempstead Hertfordshire HP2 4FQ,,,https://www.planit.org.uk/planapplic/Dacorum/26/00267/MFA/,"Single DC building, one emergency generator (same template as Hillingdon 49261 and Vale P25/V2462/FUL)",PlanIt,2026-10-09,2026-10-09,manual-review-2026-10-09,Dacorum 26/00267/MFA,
UK:Runnymede/RU.26/0160,UK,Runnymede,RU.26/0160,2026-02-06,2026-04-23,Permitted,Approve,conditions discharge,true,data centre (type not stated),,,36000,,05396063,low (address match; check title plan),evidence chain: registered proprietor (HM Land Registry); Companies House PSC chain,,,12104497,ARK ESTATES 1 LIMITED (12104497) > ARK ESTATES HOLDINGS LIMITED (08676791) > ? (05396063),SY890149 (low),ARK ESTATES 1 LIMITED (12104497) [low],Cbre Loan Services Limited (And Its Successors in Title and Permitted Transferees),,"Details pursuant to Discharge Condition 20 (Verification report) of planning permission RU.13/0856 Hybrid planning application for the demolition of existing buildings and redevelopment of the site to provide; up to 79,025sqm (GEA) of Class B1 employment uses (including parking); up to 36,000sqm (GEA) of sui generis Data Centres use (including ancillary facilities and parking); up to 200 dwellings, including a detailed first phase comprising 108 dwellings (comprising 13 x two bed, 26 x three bed, 21 x four bed and 13 x five bed dwellings; 8 x one bed apartments and 23 x two bed apartments; and 2 x one bed FOGs and 2 x two bed FOGs); roadways driveways and pavements; fencing and walling; up to 6,300sqm (GEA) of ancillary uses, including Class A1 - A5 uses (i.e. retail uses, cafe/restaurants and a public house up to 1,550sqm GEA), Class D1 uses (i.e. childcare facilities up to 600sqm GEA); Class D2 uses (i.e. Health and Leisure (up to 1900sqm GEA); the creation of Publicly Accessible Open Space (PAOS), ecological habitats, general amenity areas ( including informal and formal open spaces), equipped play areas and landscaped areas; new vehicular accesses from the existing public highway network; vehicle and cycle parking; bin stores; landscape compound; car parking (for railway station); electricity sub-stations; lighting; drainage and associated infrastructure works, including sustainable drainage systems (SUDS); a foul pumping station; an acoustic fence and associated engineering and service operations.",Longcross North Data Centre Campus Chobham Lane KT16 0EE,,,https://www.planit.org.uk/planapplic/Runnymede/RU.26/0160/,"Up to 36,000 sqm GEA DC within mixed scheme incl. 200 dwellings",PlanIt,2026-10-09,2026-10-09,manual-review-2026-10-09,Runnymede RU.13/0856 hybrid,"[low] registered proprietor (HM Land Registry): HM Land Registry CCOD/OCOD Oct 2026 address match: title SY890149 ('Land lying to the north-west of Chobham Lane, Longcross, Chertsey') proprietor ARK ESTATES 1 LIMITED 12104497 || https://find-and-update.company-information.service.gov.uk/company/12104497 | ARK ESTATES 1 LIMITED PSC: Ark Estates Holdings Limited (08676791 England) notified 2026-04-01 || https://find-and-update.company-information.service.gov.uk/company/08676791 | ARK ESTATES HOLDINGS LIMITED PSC: Revcap Properties 25 Limited (05396063 England) notified 2016-04-06 || https://find-and-update.company-information.service.gov.uk/company/12104497/charges/B9zIrd1NITeQYzUGY1Wjo_bKmeo | charge 2026-04-01 (outstanding) to Cbre Loan Services Limited (And Its Successors in Title and Permitted Transferees); titles SY866765"
UK:WestOxfordshire/26/00280/OUT,UK,West Oxfordshire,26/00280/OUT,2026-02-04,2026-07-16,Withdrawn,Application Withdrawn,withdrawn,true,data centre (type not stated),,,,,,,,,A B Design (Poole) Ltd,,,,,,,"Outline application for the erection of buildings to form data centre, previously approved as storage.",The Wood Store Shilton Burford Oxfordshire OX18 4AP,,,https://www.planit.org.uk/planapplic/WestOxfordshire/26/00280/OUT/,Outline application. Withdrawn,PlanIt,2026-10-09,2026-10-09,manual-review-2026-10-09,West Oxfordshire DC on approved storage site,
UK:CentralBedfordshire/CB/26/00349/DOC,UK,Central Bedfordshire,CB/26/00349/DOC,2026-02-04,2026-09-16,Conditions,Discharge of Condition Decision Released,,false,not data centre,,,,,,,,,,,,,,,,"Discharge of Conditions 8 and 29, against planning permission ref. CB/12/03613/OUT (Outline planning permission with the details of access, appearance, landscaping, layout and scale reserved for later determination. Development to comprise: up to 5,150 dwellings (Use Class C3); up to 202,500 sqm gross of additional development in Use Classes: A1, A2, A3 (retail), A4 (public house), A5 (take away); B1, B2, B8 (offices, industrial and storage and distribution); C1 (hotel), C2 (care home), D1 and D2 (community and leisure); car showroom; data centre; petrol filling station; car parking; primary substation; energy centre; and for the laying out of the buildings; routes and open spaces within the development; and all associated works and operations including but not limited to: demolition; earthworks; engineering operations. All development, works and operations to be in accordance with the Development Parameters Schedule and Plans.)","Parcel 3A, Houghton Regis North Site 1, Land on the northern edge of Houghton Regis",,,https://www.planit.org.uk/planapplic/CentralBedfordshire/CB/26/00349/DOC/,"5,150-home mixed-use outline CB/12/03613/OUT lists data centre as one permitted use; not a DC application",PlanIt,2026-10-09,2026-10-09,manual-review-2026-10-09,,
UK:Newport/26/0077,UK,Newport,26/0077,2026-02-02,2026-02-26,Conditions,Approved & Conditions,amendment/variation,true,data centre (type not stated),,,,2,MSFT MCIO LIMITED,low (address match; check title plan),evidence chain: registered proprietor (HM Land Registry); Companies House PSC chain,,Carter Jonas LLP,09616816,MSFT MCIO LIMITED (09616816),CYM671910 (low); CYM770168 (low); CYM804925 (low),MSFT MCIO LIMITED (09616816) [low]; VANTAGE DATA CENTERS UK LIMITED (06132144) [low]; VANTAGE DATA CENTRES UK LIMITED (06132144) [low],,,"NMA APPLICATION TO VARY CONDITION 1 (APPROVED PLANS) OF 25/0379 S73 APPLICATION TO VARY CONDITIONS 1 (APPROVED PLANS), 3 (LANDSCAPING), 4 (LEMP), 15 (PARKING), 16 (CYCLE STORAGE DETAILS), 17 (FOUL DRAINAGE) AND TO REMOVE CONDITION 6 (DORMICE METHOD STATEMENT) OF 24/0006 DEMOLITION OF REMAINDER OF EXISTING PRINCIPAL BUILDING AND REMAINING STRUCTURES AND CONSTRUCTION OF NEW DATA CENTRE (USE CLASS B8) ACROSS TWO MAIN BUILDINGS PLUS ANCILLARY STRUCTURES ANDS OTHER ASSOCIATED WORKS. AMENDMENTS INCLUDE CHANGES TO LAYOUT AND LANDSCAPING TO ACCOMMODATE SAB REQUIREMENTS, AMENDMENTS AND ADDITIONS TO ADMIN AND DATA HALL BUILDINGS, DESIGN AND SPECIFICATION OF GENERATORS, REVISIONS TO EXTERNAL LIGHTING AND REVISED DETAILS OF ANCILLARY STRUCTURES INCLUDING NEW CONDITION FOR FUTURE PRIMARY SUBSTATION",Quinn Radiators Celtic Way Celtic Lakes Newport NP10 8FS,,,https://www.planit.org.uk/planapplic/Newport/26/0077/,,PlanIt,2026-10-09,2026-10-09,manual-review-2026-10-09,Newport 24/0006,"[low] registered proprietor (HM Land Registry): HM Land Registry CCOD/OCOD Oct 2026 address match: title CYM770168 ('Data Hall GF20 and GF21, NGD Celtic Technology Centre, Celtic Way, Newport (NP10 8BE)') proprietor MSFT MCIO LIMITED 09616816 || [low] registered proprietor (HM Land Registry) VANTAGE DATA CENTERS UK LIMITED (06132144): HM Land Registry CCOD/OCOD Oct 2026 address match: title CYM804925 ('First Floor, Phase 1, Hynix Fab. Building, Celtic Way, Newport (NP10 8BE)') proprietor VANTAGE DATA CENTERS UK LIMITED 06132144 || [low] registered proprietor (HM Land Registry) VANTAGE DATA CENTRES UK LIMITED (06132144): HM Land Registry CCOD/OCOD Oct 2026 address match: title CYM671910 ('Ground Floor, Hynix Fab. Building, Celtic Way, Celtic Lakes, Newport (NP10 8BE)') proprietor VANTAGE DATA CENTRES UK LIMITED 06132144"
UK:Bucks/PL/25/4316/FA,UK,Buckinghamshire,PL/25/4316/FA,2026-01-30,,Undecided,,full application,true,data centre (type not stated),,,,2,,,,,AECOM,,,,,,,"Demolition of the existing building and structures on site, and all other associated site clearance works. Construction of two data centre buildings (Class B8) with ancillary offices, associated plant, equipment and emergency backup generators, ancillary buildings and substation with vehicular access from Thorney Lane South and emergency access route onto Hollow Hill Lane together with internal circulation areas, car and cycle parking, hard and soft landscaping and other associated works and ancillary site infrastructure.",Thorney Business Park Thorney Lane North Iver Buckinghamshire,,,https://www.planit.org.uk/planapplic/Bucks/PL/25/4316/FA/,Buckinghamshire half of cross-boundary full application,PlanIt,2026-10-09,2026-10-09,manual-review-2026-10-09,"Thorney Business Park, Iver (PL/25/4316/FA)",
UK:CentralBedfordshire/CB/26/00279/DOC,UK,Central Bedfordshire,CB/26/00279/DOC,2026-01-29,2026-04-22,Conditions,Discharge of Condition Decision Released,,false,not data centre,,,,,,,,,,,,,,,,"Discharge of Condition 26, against planning permission ref. CB/12/03613/OUT (Outline planning permission with the details of access, appearance, landscaping, layout and scale reserved for later determination. Development to comprise: up to 5,150 dwellings (Use Class C3); up to 202,500 sqm gross of additional development in Use Classes: A1, A2, A3 (retail), A4 (public house), A5 (take away); B1, B2, B8 (offices, industrial and storage and distribution); C1 (hotel), C2 (care home), D1 and D2 (community and leisure); car showroom; data centre; petrol filling station; car parking; primary substation; energy centre; and for the laying out of the buildings; routes and open spaces within the development; and all associated works and operations including but not limited to: demolition; earthworks; engineering operations. All development, works and operations to be in accordance with the Development Parameters Schedule and Plans.)","Phase 4, Parcels 7 and 8, Houghton Regis North 1, Sundon Road, Houghton Regis",,,https://www.planit.org.uk/planapplic/CentralBedfordshire/CB/26/00279/DOC/,"5,150-home mixed-use outline CB/12/03613/OUT lists data centre as one permitted use; not a DC application",PlanIt,2026-10-09,2026-10-09,manual-review-2026-10-09,,
UK:OldOakParkRoyal/26/0010/AODOPDC,UK,Old Oak Park Royal,26/0010/AODOPDC,2026-01-29,2026-03-12,Permitted,Approve,conditions discharge,true,data centre (type not stated),,,,,,,,,,,,,,,,"Details of condition 10 (Landscaping & Public Realm Scheme) pursuant to planning permission reference 22/0075/VAROPDC dated 09/05/2022 for application for the variation of conditions 1, 2, 3, 4 and 11 of Reserved Matters Approval 21/0077/REMOPDC for full details of access, layout, scale, appearance and landscaping pursuant to outline planning permission reference 20/0037/FUMOPDC dated 7/9/2020 for a Class B8 Data Centre (data halls, plant rooms, below ground water storage tanks, temporary generators), administration building, sub-station, access, servicing, parking and landscaping. The proposed amendments comprise an increase in lift core heights; changes to plant/transformer gantries; reduction in roof plant screen height; changes to landscaping; changes to internal road layout; and a reduction in the screen height of the temporary generator compound. [Amended description]","Land at Bashley Road, Park Royal, London, NW10 6SN",,,https://www.planit.org.uk/planapplic/OldOakParkRoyal/26/0010/AODOPDC/,,PlanIt,2026-10-09,2026-10-09,manual-review-2026-10-09,OPDC 21/0077/REMOPDC,
UK:WestOxfordshire/26/00067/OUT,UK,West Oxfordshire,26/00067/OUT,2026-01-28,,Undecided,,outline application,true,data centre (type not stated),,,,,,,,,A B Design (Poole) Ltd,,,,,,,"Outline application for the erection of buildings to form data centre, previously approved as storage.",The Wood Store Shilton Burford Oxfordshire OX18 4AP,,,https://www.planit.org.uk/planapplic/WestOxfordshire/26/00067/OUT/,,PlanIt,2026-10-09,2026-10-09,manual-review-2026-10-09,West Oxfordshire DC on approved storage site,
UK:Dacorum/26/00152/FUL,UK,Dacorum,26/00152/FUL,2026-01-26,2026-03-23,Permitted,Grant Permission/Consent,,false,not data centre,,,,,,,,,Arup,,,,,,,"Construction of a single-story building, to provide a Learning Lab and associated facilities, in connection with the adjacent Data Centre.",3A Blossom Way Hemel Hempstead Hertfordshire HP2 4ZB,,,https://www.planit.org.uk/planapplic/Dacorum/26/00152/FUL/,Learning lab building next to an existing DC (no DC capacity),PlanIt,2026-10-09,2026-10-09,manual-review-2026-10-09,,
UK:Hillingdon/39706/APP/2026/174,UK,Hillingdon,39706/APP/2026/174,2026-01-22,,Undecided,,consultation (neighbouring authority),true,ancillary to data centre,,,,,,,,,,,,,,,,"Installation of underground and ground mounted structures to support electrical connection and communication cables with temporary construction compounds, and associated infrastructure and works in association with proposed Data Centre and Battery Energy Storage System at Manor Farm, Poyle Road, Colnbrook, Slough SL3 0BL (Consultation by Spelthorne Borough Council).",SPELTHORNE DISTRICT COUNCIL OUTBOROUGH MIDDLESEX,,,https://www.planit.org.uk/planapplic/Hillingdon/39706/APP/2026/174/,Underground grid/comms cables for DC and BESS; Hillingdon consulted by Spelthorne,PlanIt,2026-10-09,2026-10-09,manual-review-2026-10-09,"Manor Farm, Poyle Road, Slough",
UK:CentralBedfordshire/CB/26/00175/DOC,UK,Central Bedfordshire,CB/26/00175/DOC,2026-01-20,2026-05-01,Conditions,Discharge of Condition Decision Released,,false,not data centre,,,,,,,,,,,,,,,,"Discharge of Condition 20, against planning permission CB/12/03613/OUT (Outline planning permission with the details of access, appearance, landscaping, layout and scale reserved for later determination. Development to comprise: up to 5,150 dwellings (Use Class C3); up to 202,500 sqm gross of additional development in Use Classes: A1, A2, A3 (retail), A4 (public house), A5 (take away); B1, B2, B8 (offices, industrial and storage and distribution); C1 (hotel), C2 (care home), D1 and D2 (community and leisure); car showroom; data centre; petrol filling station; car parking; primary substation; energy centre; and for the laying out of the buildings; routes and open spaces within the development; and all associated works and operations including but not limited to: demolition; earthworks; engineering operations. All development, works and operations to be in accordance with the Development Parameters Schedule and Plans.)","Parcel 4, AMP1, Houghton Regis North 1, Sundon Road, Houghton Regis",,,https://www.planit.org.uk/planapplic/CentralBedfordshire/CB/26/00175/DOC/,"5,150-home mixed-use outline CB/12/03613/OUT lists data centre as one permitted use; not a DC application",PlanIt,2026-10-09,2026-10-09,manual-review-2026-10-09,,
UK:NorthLanarkshire/26/00069/PAN,UK,North Lanarkshire,26/00069/PAN,2026-01-19,2026-02-02,Permitted,Comments,pre-application notice,true,hyperscale/campus,,,,,,,,,,,,,,,,"Proposed Digital And Manufacturing Campus (Classes 4, 5, 6, And 10) Including Data Centres, Gigafactory, Research, Offices, Electricity Infrastructure, Ancillary Services (Classes 1 And 3 Including Sui Generis) With Access And Roads, Car Parking, Landscaping And Associated Development And Engineering Operations",Drumshangie Opencast Site Airdriehill Road Rawyards Airdrie North Lanarkshire,,,https://www.planit.org.uk/planapplic/NorthLanarkshire/26/00069/PAN/,"Data centres plus gigafactory, research, electricity infrastructure",PlanIt,2026-10-09,2026-10-09,manual-review-2026-10-09,North Lanarkshire digital and manufacturing campus (26/00069/PAN),
UK:Cardiff/26/00109/HYB,UK,Cardiff,26/00109/HYB,2026-01-16,,Undecided,,full application,true,data centre (type not stated),,,,,,,,,Iceni Projects,,,,,,,"Hybrid Application for the demolition of existing structures and redevelopment of the site to provide a data centre and associated buildings, structures, car parking, access roads, bridge across the Rhymney River, site wide landscaping, and associated works.",Cardiff East Park And Ride Eastern Avenue Old St Mellons Cardiff CF23 8HH,,,https://www.planit.org.uk/planapplic/Cardiff/26/00109/HYB/,Hybrid; DC with bridge across Rhymney River,PlanIt,2026-10-09,2026-10-09,manual-review-2026-10-09,Cardiff 26/00109/HYB,
UK:CentralBedfordshire/CB/26/00142/DOC,UK,Central Bedfordshire,CB/26/00142/DOC,2026-01-16,2026-02-25,Conditions,Discharge of Condition Decision Released,,false,not data centre,,,,,,,,,,,,,,,,"Discharge of Condition 16 against planning permission ref. CB/24/01505/RM (Reserved Matters: following Outline Application CB/12/03613/OUT(Outline planning permission with the details of access, appearance, landscaping, layout and scale reserved for later determination. Development to comprise: up to 5,150 dwellings (Use Class C3); up to 202,500 sqm gross of additional development in Use Classes: A1, A2, A3 (retail), A4 (public house), A5 (take away); B1, B2, B8 (offices, industrial and storage and distribution); C1 (hotel), C2 (care home), D1 and D2 (community and leisure); car showroom; data centre; petrol filling station; car parking; primary substation; energy centre; and for the laying out of the buildings; routes and open spaces within the development; and all associated works and operations including but not limited to: demolition; earthworks; engineering operations. All development, works and operations to be in accordance with the Development Parameters Schedule and Plans.). Reserved matters for access, appearance, landscaping, layout and scale for 189 dwellings at Parcel 5 pursuant to outline permission CB/12/03613/OUT and details to satisfy conditions; 8 (Surface Water Drainage), 25 (Construction Management Plan), 26 (Landscape Management Plan), 29 (Foul Drainage), 32 (Noise) and 33 (Noise).)","Parcel 5, Houghton Regis North 1, Sundon Road, Houghton Regis, LU5 5GX",,,https://www.planit.org.uk/planapplic/CentralBedfordshire/CB/26/00142/DOC/,"5,150-home mixed-use outline CB/12/03613/OUT lists data centre as one permitted use; not a DC application",PlanIt,2026-10-09,2026-10-09,manual-review-2026-10-09,,
UK:Reigate/25/02312/F,UK,Reigate,25/02312/F,2026-01-16,2026-04-30,Conditions,Approved with Conditions,approved,true,data centre (type not stated),,,,4,,,,,,,,,,,,"Demolition of units 1 and 2 and construction of a single two-storey data centre accommodating four data halls and office block with associated plant, groundworks to site the building, fencing, landscaping and other works. As amended on 28/01/2026, 16/02/2026, 17/02/2026, 18/02/26, 19/02/2026, 20/02/2026, 10/03/2026, 13/03/2026, 16/03/2026 and as on 21/03/2026.",1 And 2 St Annes Boulevard Redhill Surrey RH1 1AX,,,https://www.planit.org.uk/planapplic/Reigate/25/02312/F/,Full application. Single two-storey DC with four data halls,PlanIt,2026-10-09,2026-10-09,manual-review-2026-10-09,Reigate 25/02312/F,
UK:Bassetlaw/26/00034/FUL,UK,Bassetlaw,26/00034/FUL,2026-01-13,2026-04-30,Withdrawn,Withdrawn,withdrawn,true,edge/small,,,,,,,,,H B P W LLP,,,,,,,"New Modular Building for a Data Centre to Include Server Racks, Switchboards, Heat Exchangers and UPS Backup Batteries",West Burton Power Station South Road West Burton Nottinghamshire,,,https://www.planit.org.uk/planapplic/Bassetlaw/26/00034/FUL/,Full application. Withdrawn; superseded by 26/00498/FUL,PlanIt,2026-10-09,2026-10-09,manual-review-2026-10-09,Bassetlaw modular DC 26/00034,
UK:OldOakParkRoyal/26/0005/AODOPDC,UK,Old Oak Park Royal,26/0005/AODOPDC,2026-01-13,2026-03-19,Permitted,Approve,conditions discharge,true,data centre (type not stated),,,,,05396063,low (address match; check title plan),evidence chain: registered proprietor (HM Land Registry); Companies House PSC chain,,,12777470,ARK ESTATES 3 LIMITED (12777470) > ? (05396063),MX318943 (low),ARK ESTATES 3 LIMITED (12777470) [low],,,"Partial discharge of condition 5 (Materials - Substation Only) pursuant to planning permission 24/0141/VAROPDC dated 20/12/2024 for Section 73 application to vary Conditions 2 (approved plans and documents), 3 (development parameters), 5 (contaminated land site investigation), 6 (Construction and Environmental Management Plan), 7 (Construction Logistics Plan), 8 (circular economy details), 10 (Secured by Design), 11 (hard and soft landscaping), 12 (cycle parking), 13 (Fire Strategy), 19 (external lighting), 20 (green roofs), 21 (vehicular access), 22 (car parking implementation), 27 (vehicular access restriction), and 30 (energy statement) of planning permission 22/0059/FUMOPDC for 'Redevelopment of the site to provide a data centre (Use Class B8) with associated energy and electrical infrastructure, visitor reception building, security gatehouse, plant, boundary enclosures, car and cycle parking, hard and soft landscaping; and associated alterations to vehicular access arrangements including creation of new access from Concord Road and new access from Western Avenue service road; and associated external works.' Amendments are proposed primarily to replace the approved sub-station/ancillary office building with a standalone sub-station building, and to increase the size of the pocket park.","Renault London West, Site Of Renault Retail Group Ltd, -, Western Avenue, LONDON, W3 0RZ",,,https://www.planit.org.uk/planapplic/OldOakParkRoyal/26/0005/AODOPDC/,Substation materials condition,PlanIt,2026-10-09,2026-10-09,manual-review-2026-10-09,OPDC 24/0141/VAROPDC,"[low] registered proprietor (HM Land Registry): HM Land Registry CCOD/OCOD Oct 2026 address match: title MX318943 ('land and buildings on the south side of Western Avenue, Park Royal, Acton') proprietor ARK ESTATES 3 LIMITED 12777470 || https://find-and-update.company-information.service.gov.uk/company/12777470 | ARK ESTATES 3 LIMITED PSC: Revcap Properties 25 Limited (05396063 England) notified 2020-07-29"
IE:South Dublin County Council:ED26/0001,IE,South Dublin County Council,ED26/0001,2026-01-13,2026-02-09,Decision,Declared Exempt,exemption declaration,true,ancillary to data centre,,,,,Microsoft Ireland Operations Limited,low (name only),portal applicant name (no company number),,,,Microsoft Ireland Operations Limited,,,,Microsoft,"The proposed works consist of the erection of 6 No. platforms at the DUB07, DUB 09, DUB13, and DUB14 data centres at Grange Castle Business Park for the purpose of monitoring flue emissions.","DUB07 DUB09 DUB13 and DUB14, Data Centres, Grange Castle Business Park",53.32109943005321,-6.447669102544301,https://planning.agileapplications.ie/southdublin/application-details/69623,Flue-emission monitoring platforms at DUB07/09/13/14; declared exempt,IE National Planning Applications,2026-10-09,2026-10-09,manual-review-2026-10-09,"Microsoft Grange Castle campus DUB14/DUB15, South Dublin","[low] https://planningapi.agileapplications.ie/api/application/70427 (public API behind https://planning.agileapplications.ie/southdublin/application-details/70427) | applicant: ""Microsoft Operations Ireland Ltd."" || [low] https://planningapi.agileapplications.ie/api/application/69623 (public API behind https://planning.agileapplications.ie/southdublin/application-details/69623) | applicant: ""Microsoft Ireland Operations Limited"" || [low] https://planningapi.agileapplications.ie/api/application/67712 (public API behind https://planning.agileapplications.ie/southdublin/application-details/67712) | applicant: ""Microsoft Ireland Operations Ltd."""
UK:Sefton/DC/2025/01974,UK,Sefton,DC/2025/01974,2026-01-07,2026-03-13,Conditions,Approve with Conditions,approved,true,data centre (type not stated),,,,,,,,,,,,,,,,Construction and operation of a data centre,Land At Leckwith Road Netherton L30 6UE,,,https://www.planit.org.uk/planapplic/Sefton/DC/2025/01974/,Full application.,PlanIt,2026-10-09,2026-10-09,manual-review-2026-10-09,Sefton DC/2025/01974,
UK:Slough/P/19953/004,UK,Slough,P/19953/004,2026-01-06,,Undecided,,full application,true,ancillary to data centre,,,,,,,,,,,,,,,,"Full planning permission for new emergency access route via Hollow Hill Lane, landscaping, boundary treatment and access gates forming part of the cross-boundary application (ref: PL/25/4316/FA) with Buckinghamshire Council for - Demolition of the existing building and structures on site, and all other associated site clearance works. Construction of two data centre buildings (Class B8) with ancillary offices, associated plant, equipment and emergency backup generators, ancillary buildings and substation. The development also comprises internal circulation areas, emergency access route onto Hollow Hill Lane, car and cycle parking, hard and soft landscaping and other associated works and ancillary site infrastructure.","Land at Thorney Business Park, Thorney Lane, Iver, SL0 9HF",,,https://www.planit.org.uk/planapplic/Slough/P/19953/004/,Emergency access route,PlanIt,2026-10-09,2026-10-09,manual-review-2026-10-09,"Thorney Business Park, Iver (PL/25/4316/FA)",
UK:Hillingdon/39705/APP/2025/3234,UK,Hillingdon,39705/APP/2025/3234,2025-12-24,2026-07-03,Permitted,,consultation (neighbouring authority),true,data centre (type not stated),,,50000,,,,,,,,,,,,,"OUT OF BOROUGH CONSULTATION FROM HOUNSLOW FOR: Haslemere Heathrow Estate, Silver Jubilee Way, Hounslow, TW4 6NF. Outline planning permission with all matters reserved except access. A demolition phase and phased redevelopment (each phase being an independent act of development) comprising data centre use (Use Class B8) of up to 50,000 sqm GEA, including ancillary offices, internal plant and equipment (including flues), and substation. In addition up to 4,150sqm GEA of work units (Use Class E(g)(i-iii), B2, B8); car parking; provision of external plant and equipment (including flues); creation of servicing areas and provision of associated services, including waste, refuse, cycle storage, and lighting; and for the laying out of the buildings; routes and open spaces within the development; and all associated works and operations including but not limited to: demolition; earthworks; provision of attenuation infrastructure, engineering operations. This application is for a phased development, each phase being an independent act of development, capable of coming forward in distinct and separable phases and/or plots in a severable way. Development shall be in accordance with the approved Development Parameters Schedule, Design Code Document and Plans; the details of appearance, landscaping, layout and scale reserved for later determination. REF: P/2025/3669 Please refer to the cover letter.",LONDON BOROUGH OF HOUNSLOW OUTBOROUGH MIDDLESEX,,,https://www.planit.org.uk/planapplic/Hillingdon/39705/APP/2025/3234/,"Hillingdon consulted; up to 50,000 sqm GEA DC",PlanIt,2026-10-09,2026-10-09,manual-review-2026-10-09,"Haslemere Heathrow Estate, Hounslow (P/2025/3669)",
UK:Bucks/PL/25/6737/VRC,UK,Buckinghamshire,PL/25/6737/VRC,2025-12-23,2026-06-16,Permitted,Approved,amendment/variation,true,hyperscale/campus,,,,,,,,,Montagu Evans,,,,,,,"Variation of condition 2 (approved plans), 5 (bat survey report), 7 (contamination), 11 (habitat management and monitoring plan), 13 (flood risk assessment and drainage strategy), 19 (pegasus crossing) and 25 (emergency generators) relating to application PL/24/2130/FA (Redevelopment of land at the Shannon Group Headquarters, and adjacent sites bounded by the Denham Road, Sevenhills Road, and the M25 motorway to provide a new hyperscale data centre, training centre and associated infrastructure, and landscaped areas)",Dromenagh Farm Sevenhills Road Iver Heath Buckinghamshire SL0 0PA,,,https://www.planit.org.uk/planapplic/Bucks/PL/25/6737/VRC/,Variation of approved hyperscale DC incl. emergency generators condition,PlanIt,2026-10-09,2026-10-09,manual-review-2026-10-09,"Shannon Group HQ, Denham Road/M25, Bucks (PL/24/2130/FA)",
UK:Bucks/PL/25/6761/VRC,UK,Buckinghamshire,PL/25/6761/VRC,2025-12-23,,Undecided,,amendment/variation,true,hyperscale/campus,,,,4,Virtus Saunderton Campus Limited,low (address match; check title plan),evidence chain: registered proprietor (HM Land Registry); Companies House PSC chain,,Montagu Evans,13618549,"VIRTUS SAUNDERTON LIMITED (13618549) > Virtus Saunderton Campus Limited (no number, Companies Act 2006)",BM153390 (low),VIRTUS SAUNDERTON LIMITED (13618549) [low],"Crédit Agricole Corporate and Investment Bank, Broadwalk House, 5 Appold Street, London EC2A 2DA, as Security Agent (As Security Trustee for Each of the Secured Parties)",,"Variation of conditions 2 (approved plans), 3 (detailed phasing plan), 4 (drainage), 10 (Noise), 13 (materials), 19 (site levels), 22 (hard and soft landscaping scheme), 23 (Landscape management plan), 24 (Landscaping implementation programme) and 25 (Ecological management plan) of planning permission 22/06872/VCDN relating to variations to the original permission 08/05740/FULEA (Erection of 4 no. Data centre buildings (sui generis use) together with associated groundworks, plant, electricity sub-station, security fence, gates and piers, landscaping, amendment to existing vehicular access(es), internal roads, service areas and provision of 150 car parking spaces with retention of the existing office building and ""Ballroom"" building fronting Haw Lane for ancillary operational uses and demolition of all other buildings and structures) to allow for relocation of substation enclosure",Former Molins Site Haw Lane Saunderton Buckinghamshire,,,https://www.planit.org.uk/planapplic/Bucks/PL/25/6761/VRC/,Variation to 2008 permission for 4 DC buildings; relocate substation,PlanIt,2026-10-09,2026-10-09,manual-review-2026-10-09,"Haw Lane, Saunderton (08/05740/FULEA)","[low] registered proprietor (HM Land Registry): HM Land Registry CCOD/OCOD Oct 2026 address match: title BM153390 ('land on the South East side of Haw Lane, Saunderton') proprietor VIRTUS SAUNDERTON LIMITED 13618549 || https://find-and-update.company-information.service.gov.uk/company/13618549 | VIRTUS SAUNDERTON LIMITED PSC: Virtus Saunderton Campus Limited ( Companies Act 2006) notified 2024-02-09 || https://find-and-update.company-information.service.gov.uk/company/13618549/charges/STB_52ctOcyXKefdlRzShg9BzkM | charge 2026-09-22 (outstanding) to Crédit Agricole Corporate and Investment Bank, Broadwalk House, 5 Appold Street, London EC2A 2DA, as Security Agent (As Security Trustee for Each of the Secured Parties); titles BM260149, BM260150 || https://find-and-update.company-information.service.gov.uk/company/13618549/charges/Avq7sSFB0Kc3p_9N-AsjVkmEeSA | charge 2025-08-06 (fully-satisfied) to Cimb Bank Berhad, Singapore Branch, 30 Raffles Place, #04-01, Singapore 048622 as Security Agent (As Security Trustee for Each of the Secured Parties) || https://find-and-update.company-information.service.gov.uk/company/13618549/charges/rMXHxD9FQc0eWp5kKuyyCRIIMZg | charge 2025-08-06 (fully-satisfied) to Cimb Bank Berhad, Singapore Branch, 30 Raffles Place, #04-01, Singapore 048622 as Security Agent (As Security Trustee for Each of the Secured Parties); titles BM260149, BM260150 || https://find-and-update.company-information.service.gov.uk/company/13618549/charges/-m7YUpwqU8cniBV3boSw6-mW4wI | charge 2023-01-11 (fully-satisfied) to Icg-Longbow Investment No. 5 S.a R.L.; titles BM260149, BM260150, BM35812 || https://find-and-update.company-information.service.gov.uk/company/13618549/charges/uYtHzSut-CELw5W5Ofx0jM2Ahoo | charge 2022-02-17 (fully-satisfied) to Icg-Longbow Investment No.5 S.À R.L."
UK:CentralBedfordshire/CB/25/04031/NMA,UK,Central Bedfordshire,CB/25/04031/NMA,2025-12-22,2026-03-05,Permitted,Non-Material Amendment - Granted,,false,not data centre,,,,,,,,,,,,,,,,"Non-material amendment to planning permission CB/24/01505/RM (Reserved Matters: following Outline Application CB/12/03613/OUT(Outline planning permission with the details of access, appearance, landscaping, layout and scale reserved for later determination. Development to comprise: up to 5,150 dwellings (Use Class C3); up to 202,500 sqm gross of additional development in Use Classes: A1, A2, A3 (retail), A4 (public house), A5 (take away); B1, B2, B8 (offices, industrial and storage and distribution); C1 (hotel), C2 (care home), D1 and D2 (community and leisure); car showroom; data centre; petrol filling station; car parking; primary substation; energy centre; and for the laying out of the buildings; routes and open spaces within the development; and all associated works and operations including but not limited to: demolition; earthworks; engineering operations. All development, works and operations to be in accordance with the Development Parameters Schedule and Plans.). Reserved matters for access, appearance, landscaping, layout and scale for 189 dwellings at Parcel 5 pursuant to outline permission CB/12/03613/OUT and details to satisfy conditions; 8 (Surface Water Drainage), 25 (Construction Management Plan), 26 (Landscape Management Plan), 29 (Foul Drainage), 32 (Noise) and 33 (Noise)'.) Amendment sought to reduce the number of street trees in pits","Parcel 5, Houghton Regis North 1, Sundon Road, LU5 5GX",,,https://www.planit.org.uk/planapplic/CentralBedfordshire/CB/25/04031/NMA/,"5,150-home mixed-use outline CB/12/03613/OUT lists data centre as one permitted use; not a DC application",PlanIt,2026-10-09,2026-10-09,manual-review-2026-10-09,,
UK:CentralBedfordshire/CB/25/04023/RM,UK,Central Bedfordshire,CB/25/04023/RM,2025-12-22,2026-04-10,Permitted,Reserved Matters- Granted,,false,not data centre,,,,,,,,,,,,,,,,"Reserved Matters: following Outline Application CB/12/03613/OUT (Outline planning permission with the details of access, appearance, landscaping, layout and scale reserved for later determination. Development to comprise: up to 5,150 dwellings (Use Class C3); up to 202,500 sqm gross of additional development in Use Classes: A1, A2, A3 (retail), A4 (public house), A5 (take away); B1, B2, B8 (offices, industrial and storage and distribution); C1 (hotel), C2 (care home), D1 and D2 (community and leisure); car showroom; data centre; petrol filling station; car parking; primary substation; energy centre; and for the laying out of the buildings; routes and open spaces within the development; and all associated works and operations including but not limited to: demolition; earthworks; engineering operations. All development, works and operations to be in accordance with the Development Parameters Schedule and Plans.) Approval of appearance and landscaping for Phase 1 LEAP in area masterplan 1","Phase 1, Houghton Regis North Site, Land on the northern edge of Houghton Regis, Houghton Regis",,,https://www.planit.org.uk/planapplic/CentralBedfordshire/CB/25/04023/RM/,"5,150-home mixed-use outline CB/12/03613/OUT lists data centre as one permitted use; not a DC application",PlanIt,2026-10-09,2026-10-09,manual-review-2026-10-09,,
UK:Newark/25/02138/OUTM,UK,Newark and Sherwood,25/02138/OUTM,2025-12-22,,,,outline application,true,data centre (type not stated),,,,,,,,,,,,,,,,Outline planning permission for mixed use development of a Data Centre and Up to 400 dwellings (All matters reserved except access),Land Within Former Rufford Colliery Rufford Colliery Lane Rainworth,,,https://www.planit.org.uk/planapplic/Newark/25/02138/OUTM/,DC plus up to 400 dwellings,PlanIt,2026-10-09,2026-10-09,manual-review-2026-10-09,"Former Rufford Colliery, Newark (25/02138/OUTM)",
UK:Ealing/254797OPDCOB,UK,Ealing,254797OPDCOB,2025-12-19,2026-01-08,Permitted,No Objection,,false,not data centre,,,,,,,,,,,,,,,,"Installation of 2no internally illuminated fascia signs to the northwestern and southwestern elevation of data centre building (Phase 1a), 1no internally illuminated free standing totem sign to the northwestern elevation of work unit building (Phase 1b) and 1no internally illuminated free standing totem sign to southwestern elevation of data centre building (Phase 2) (out of borough)",Chandos Road Trading Estate Chandos Road Park Royal NW10 6NF,,,https://www.planit.org.uk/planapplic/Ealing/254797OPDCOB/,Signage at an existing DC,PlanIt,2026-10-09,2026-10-09,manual-review-2026-10-09,,
UK:Anglesey/GWY/2025/2,UK,Anglesey,GWY/2025/2,2025-12-19,2026-01-08,Permitted,Barn wedi’i roi / Advice Given,EIA screening/scoping,true,data centre (type not stated),,,,,,,,,,,,,,,,"Cais am farn gwmpasu o dan Reol 14, Rhan 4 o Reoliadau Cynllunio Gwlad a Thref [Asesiad Effaith Amgylcheddol] [Cymru] 2017 – dymchwel adeiladau a strwythurau presennol, ailraddio'r tir a codi adeilad canolfan data (B8) ynghyd a chyfarpar cysylltiol i gynnwys generaduron, peirianwaith, cyfarpar, is-orsaf(oedd), mynedfeydd, parcio ac ardaloedd gwasanaethu, gwaith draenio a peirianyddol gan gynnwys cysylltu ac ail-leoli gwasanaethau / Request for a scoping opinion under Regulation 14, Part 4 of the Town and Country Planning [Environmental Impact Assessment] [Wales] Regulations 2017 - demolition of existing buildings/structures, re-grading of land and erection of Class B8 data centre building(s) with all associated back-up generators, plant, equipment, sub-station(s), accesses, parking and servicing areas, drainage and engineering works, including services diversion/connection.","Tir yn a ger yr hen Safle Ferodo / Land At And Adjacent To The Former Ferodo Site, Griffiths Crossing, Caernarfon, LL55 1TP",,,https://www.planit.org.uk/planapplic/Anglesey/GWY/2025/2/,Anglesey record of EIA scoping,PlanIt,2026-10-09,2026-10-09,manual-review-2026-10-09,Gwynedd DC outline (C25/0740/20/AM),
UK:Edinburgh/25/05576/SCR,UK,Edinburgh,25/05576/SCR,2025-12-19,2026-05-06,Permitted,EIA Not Required,EIA screening/scoping,true,hyperscale/campus,,,,,,,,,,,,,,,,Request for EIA Screening Opinion. Proposed construction of a data centre campus.,Land 300 Metres North Of 50 Research Avenue North Riccarton Currie,,,https://www.planit.org.uk/planapplic/Edinburgh/25/05576/SCR/,EIA not required,PlanIt,2026-10-09,2026-10-09,manual-review-2026-10-09,"Research Avenue North, Riccarton, Edinburgh",
UK:Hillingdon/1331/APP/2025/3220,UK,Hillingdon,1331/APP/2025/3220,2025-12-19,2026-06-19,Permitted,,,false,not data centre,,,,,,,,,,,,,,,,"Non-material amendment to planning permission ref. 1331/APP/2021/751, dated 10-11-2021 (Section 73 application seeking a variation to Condition 61 (Approved Drawings) of planning permission ref: 1331/APP/2019/1666 dated 11-09-2020 (Section 73 application to vary Condition 9 (Residential Condition - Approved Plans) of planning permission ref: 1331/APP/2017/1883 dated 28/06/2018 (Part demolition of existing factory buildings and associated structures, and redevelopment to provide residential dwellings (Use Class C3), office, retail, community and leisure uses (Use Class A1/A3/A4/B1/B8/D1/D2), commercial floorspace (Use Classes B1c/B2/B8) and Data Centre (Sui Generis), amenity and playspace, landscaping, allotments, access, service yards, associated car parking and other engineering works) (as amended by application ref: 1331/APP/2020/50 dated 06/02/20)). The amendments to the approved plan proposed: Alteration to the elevations of Unit 4 involving 4 no. new loading docks (totalling 12 no. with 8 loading docks permitted by planning permission ref: 1331/APP/2017/1883 (as amended)), 1 no. roller door and 2 no. pedestrian doors, and the alteration to the dock pit, and minor alteration to internal layout to office.) to amend the Landscape Masterplan.",FORMER NESTLE FACTORY NESTLES AVENUE HAYES,,,https://www.planit.org.uk/planapplic/Hillingdon/1331/APP/2025/3220/,Mixed-use factory redevelopment (DC one of many uses); landscaping NMA,PlanIt,2026-10-09,2026-10-09,manual-review-2026-10-09,,
UK:Watford/25/01095/LDC,UK,Watford,25/01095/LDC,2025-12-18,2026-01-16,Permitted,Grant Lawful Development Certificate,lawful use / LDO certificate,true,data centre (type not stated),,,,,,,,,,,,,,,,"Lawful development certificate for confirmation under Section 192(1)(a) of the TCPA that a data centre is a lawful use of buildings or other land within Class B8 of Town and Country Planning (Use Classes) Order 1987 (as amended); and therefore, that the use of the site as a data centre would constitute a lawful use under planning permission ref. 24/00612/FULM (Amended description)",Park House 15 - 19 Greenhill Crescent Watford WD18 8PH,,,https://www.planit.org.uk/planapplic/Watford/25/01095/LDC/,Certificate confirms DC is lawful under existing B8 permission,PlanIt,2026-10-09,2026-10-09,manual-review-2026-10-09,Watford 24/00612/FULM site,
UK:Ealing/254769OPDCOB,UK,Ealing,254769OPDCOB,2025-12-18,2025-12-23,Permitted,No Objection,,false,not data centre,,,,,,,,,,,,,,,,"Installation of 2no internally illuminated fascia signs to the northwestern and southwestern elevation of data centre building (Phase 1a), 1no internally illuminated free standing totem sign to the northwestern elevation of work unit building (Phase 1b) and 1no internally illuminated free standing totem sign to southwestern elevation of data centre building (Phase 2) (Out of borough)",Chandos Road Trading Estate Park Royal NW10 6NF,,,https://www.planit.org.uk/planapplic/Ealing/254769OPDCOB/,Signage at an existing DC,PlanIt,2026-10-09,2026-10-09,manual-review-2026-10-09,,
UK:WhiteHorse/P25/V2769/DIS,UK,Vale of White Horse,P25/V2769/DIS,2025-12-18,2026-02-11,Permitted,Fully Discharged,conditions discharge,true,hyperscale/campus,,,197000,,Rwe Ag,high,evidence chain: registered proprietor (HM Land Registry); Companies House PSC chain,,,03892782,"RWE GENERATION UK PLC (03892782) > Rwe Ag (HRB14525, Germany)",BK65574; ON15785; ON157852; ON191378; ON297164; ON322203 (low),AMAZON DATA SERVICES UK LIMITED (09959151) [low]; NATIONAL GRID ELECTRICAL TRANSMISSION PLC (02366977) [high]; NATIONAL GRID ELECTRICITY TRANSMISSION PLC (02366977) [high]; RWE GENERATION UK PLC (03892782) [high],"The Law Debenture Pension Trust Corporation PLC (The ""Isp Trustee"") and Its Successors, Assignsand Transferees",,"Discharge of condition 19(Biodiversity Net Gain Assessment) on application ref. P22/V1857/O Hybrid application comprising: 1. Outline planning permission for the erection of up to 197,000m2 Use Class B8 data centre development with ancillary Use Class E office space, together with associated groundworks, utilities, infrastructure, engineering and enabling works. Matters relating to appearance, landscaping, drainage, layout and scale of the development areas reserved for subsequent approval; and 2. Full planning permission for the construction of new and improved site access, new access roads, hard & soft landscaping, creation of SUDS and all associated infrastructure and engineering works.",Land at former Didcot A Power Station Didcot OX11 7HA,,,https://www.planit.org.uk/planapplic/WhiteHorse/P25/V2769/DIS/,,PlanIt,2026-10-09,2026-10-09,manual-review-2026-10-09,Vale P22/V1857/O (likely former Didcot A Power Station),"[high] registered proprietor (HM Land Registry): HM Land Registry CCOD/OCOD Oct 2026: title BK65574 (Freehold, 'land on the North and South side of Port Way, Sutton Coutenay') proprietor RWE GENERATION UK PLC 03892782; title cited at https://valeofwhitehorse.planning-register.co.uk/Document/GetFileBinary#155993/1395862.0000/200.0000 | ""ted. (C) The Owner is the freehold owner of the Owner’s S106 Land free from encumbrances (other than those contained in title numbers BK65574 and ON157852 and as contained in the Title Documents) as set out in the First Schedule. (D) The District Council has delegated authority"" || [high] registered proprietor (HM Land Registry): HM Land Registry CCOD/OCOD Oct 2026: title ON157852 (Freehold, 'Land at Didcot Power Station, Didcot') proprietor RWE GENERATION UK PLC 03892782; title cited at https://valeofwhitehorse.planning-register.co.uk/Document/GetFileBinary#155993/1395862.0000/200.0000 | ""ted. (C) The Owner is the freehold owner of the Owner’s S106 Land free from encumbrances (other than those contained in title numbers BK65574 and ON157852 and as contained in the Title Documents) as set out in the First Schedule. (D) The District Council has delegated authority"" || https://find-and-update.company-information.service.gov.uk/company/03892782 | RWE GENERATION UK PLC PSC: Rwe Ag (HRB14525 Germany) notified 2016-04-06 || https://find-and-update.company-information.service.gov.uk/company/03892782/charges/WbSro29nLGaC7XEVuENfRVJoVbA | charge 2005-10-28 (fully-satisfied) to Calyon, London Branch || https://find-and-update.company-information.service.gov.uk/company/03892782/charges/kWBZ7hFU78ir2IQ_g7u1_j-tjhA | charge 2003-08-28 (outstanding) to The Law Debenture Pension Trust Corporation PLC (The ""Isp Trustee"") and Its Successors, Assignsand Transferees || [high] registered proprietor (HM Land Registry) NATIONAL GRID ELECTRICAL TRANSMISSION PLC (02366977): HM Land Registry CCOD/OCOD Oct 2026: title ON191378 (Leasehold, 'land and buildings at Didcot Power Station, Didcot') proprietor NATIONAL GRID ELECTRICAL TRANSMISSION PLC 02366977; title cited at https://valeofwhitehorse.planning-register.co.uk/Document/GetFileBinary#155993/1630385.0000/221.0000 | ""on dated 9 January 2024 and by a Deed of Variation dated [ ] 2025), which lease is registered at the Land Registry with title number ON191378 (the “1990 Lease”); and (b) Secondly, a lease relating to land at Didcot Power Station, Didcot, Oxfordshire dated 14 Apr"" || [high] registered proprietor (HM Land Registry) NATIONAL GRID ELECTRICITY TRANSMISSION PLC (02366977): HM Land Registry CCOD/OCOD Oct 2026: title ON297164 (Leasehold, 'Land at Didcot Power Station, Didcot') proprietor NATIONAL GRID ELECTRICITY TRANSMISSION PLC 02366977; title cited at https://valeofwhitehorse.planning-register.co.uk/Document/GetFileBinary#155993/1630385.0000/221.0000 | ""nal Grid Electricity Transmission Plc (2) (as subsequently varied), which lease is registered at the Land Registry with title ON297164 (the “2011 Lease”); and (c) Thirdly, a Lease by Reference relating to land at Didcot Power Station, Didcot, Oxfordshire"" || [low] registered proprietor (HM Land Registry) AMAZON DATA SERVICES UK LIMITED (09959151): HM Land Registry CCOD/OCOD Oct 2026 address match: title ON322203 ('Gatehouse, Didcot Power Station, Purchas Road, Didcot') proprietor AMAZON DATA SERVICES UK LIMITED 09959151 || [low] portal applicant (name only): https://valeofwhitehorse.planning-register.co.uk/Planning/Display?applicationNumber=P22%2FV1857%2FO | Applicant Name: ""RWE Generation UK plc"""
UK:NorthLanarkshire/25/01322/PAN,UK,North Lanarkshire,25/01322/PAN,2025-12-17,2026-01-19,Permitted,Comments,pre-application notice,true,data centre (type not stated),,,,,,,,,,,,,,,,"Construction of data centre building(s), together with associated development, infrastructure and utilities including flexible commercial/ industrial buildings, substation, and battery energy storage (BES) and generation (If BES greater than 50MW it will form a separate application to the ECU for Section 36 consent)",Land At Lancaster Avenue Chapelhall North Lanarkshire,,,https://www.planit.org.uk/planapplic/NorthLanarkshire/25/01322/PAN/,"DC buildings, flexible industrial, substation, BESS (Section 36 if >50MW)",PlanIt,2026-10-09,2026-10-09,manual-review-2026-10-09,North Lanarkshire 25/01322 + 25/01328 PAN,
UK:OldOakParkRoyal/25/0226/AODOPDC,UK,Old Oak Park Royal,25/0226/AODOPDC,2025-12-17,2026-03-06,Permitted,Approve,conditions discharge,true,data centre (type not stated),,,,,,,,,,,,,,,,Details of condition 3 (Fencing & Gates) pursuant to planning permission 22/0144/FULOPDC dated 02/02/2023 for 'Works of hard and soft landscaping and the erection of a perimeter fence in connection with the redevelopment of the wider Chandos Road Trading Estate as a data centre.',"Triangle site forming part of the wider Chandos Road Trading Estate, Chandos Road, Park Royal, London, NW10 6NF",,,https://www.planit.org.uk/planapplic/OldOakParkRoyal/25/0226/AODOPDC/,,PlanIt,2026-10-09,2026-10-09,manual-review-2026-10-09,"Chandos Road Trading Estate, OPDC",
UK:Gwynedd/C25/0933/20/SO,UK,Gwynedd,C25/0933/20/SO,2025-12-17,,,EIA Required,EIA screening/scoping,true,data centre (type not stated),,,,,,,,,,,,,,,,"Cais am farn gwmpasu o dan Reol 14, Rhan 4 o Reoliadau Cynllunio Gwlad a Thref [Asesiad Effaith Amgylcheddol] [Cymru] 2017 – dymchwel adeiladau a strwythurau presennol, ailraddio'r tir a codi adeilad canolfan data (B8) ynghyd a chyfarpar cysylltiol i gynnwys generaduron, peirianwaith, cyfarpar, is-orsaf(oedd), mynedfeydd, parcio ac ardaloedd gwasanaethu, gwaith draenio a peirianyddol gan gynnwys cysylltu ac ail-leoli gwasanaethau / Request for a scoping opinion under Regulation 14, Part 4 of the Town and Country Planning [Environmental Impact Assessment] [Wales] Regulations 2017 - demolition of existing buildings/structures, re-grading of land and erection of Class B8 data centre building(s) with all associated back-up generators, plant, equipment, sub-station(s), accesses, parking and servicing areas, drainage and engineering works, including services diversion/connection.","Land At And Adjacent To The Former Ferodo Site, Griffiths Crossing, Caernarfon, LL55 1TP",,,https://www.planit.org.uk/planapplic/Gwynedd/C25/0933/20/SO/,EIA scoping (EIA required),PlanIt,2026-10-09,2026-10-09,manual-review-2026-10-09,Gwynedd DC outline (C25/0740/20/AM),
UK:NorthLanarkshire/25/01328/PAN,UK,North Lanarkshire,25/01328/PAN,2025-12-17,2026-01-29,Permitted,Comments,pre-application notice,true,data centre (type not stated),,,,,,,,,,,,,,,,"Construction of data centre building(s), together with associated development, infrastructure and utilities including flexible commercial/ industrial buildings, substation, and battery energy storage (BES) and generation (If BES greater than 50MW it will form a separate application to the ECU for Section 36 consent)",South Lanridge Farm Linrigg Road Newhouse North Lanarkshire ML1 5ND,,,https://www.planit.org.uk/planapplic/NorthLanarkshire/25/01328/PAN/,Duplicate PAN,PlanIt,2026-10-09,2026-10-09,manual-review-2026-10-09,North Lanarkshire 25/01322 + 25/01328 PAN,
UK:Hertsmere/25/1781/FUL,UK,Hertsmere,25/1781/FUL,2025-12-15,,Undecided,,full application,true,hyperscale/campus,,,,,,,,,Savills,,,,,,,"Redevelopment and clearance of site to deliver data centre campus consisting of (a) free standing data centre buildings (b) energy, power, and water infrastructure (c) site access and internal roads (d) site security arrangements (e) hard and soft, green and blue, landscaping and infrastructure (f) other ancillary and auxiliary forms of development.",Site Of Former Mercure Hotel Tylers Way Watford Hertfordshire,,,https://www.planit.org.uk/planapplic/Hertsmere/25/1781/FUL/,Same (a)-(f) wording as LON6 Hillingdon and Runnymede RU.25/1538,PlanIt,2026-10-09,2026-10-09,manual-review-2026-10-09,Hertsmere 25/1781/FUL data centre campus,
UK:Newport/25/1071,UK,Newport,25/1071,2025-12-11,2026-05-06,Conditions,Granted subject to S106,approved,true,ancillary to data centre,,,,,,,,,DWD,,,,,,,INSTALLATION OF AN UNDERGROUND CABLE CONNECTION FROM 132KV SUBSTATION TO A DATA CENTRE,Land Adjacent To Electric Substation Celtic Way Celtic Lakes Newport South Wales,,,https://www.planit.org.uk/planapplic/Newport/25/1071/,,PlanIt,2026-10-09,2026-10-09,manual-review-2026-10-09,Newport 132kV cable to DC (25/1071),
UK:Bucks/PL/25/6630/EIASO,UK,Buckinghamshire,PL/25/6630/EIASO,2025-12-11,2026-04-27,Permitted,Letter-Replied/Responded to,EIA screening/scoping,true,hyperscale/campus,96,,,,,,,,,,,,,,,Request for a Screening Opinion in accordance with the Town and Country Planning (EIA) Regulations 2017 in relation to a proposed Data Centre Park with the IT Load capacity of up to 96MW and associated infrastructure.,Street Record Denham Court Drive Denham Buckinghamshire,,,https://www.planit.org.uk/planapplic/Bucks/PL/25/6630/EIASO/,IT load up to 96MW,PlanIt,2026-10-09,2026-10-09,manual-review-2026-10-09,"Denham Court Drive, Denham (PL/25/6630, PL/26/04446/OA)",
UK:CentralBedfordshire/CB/25/03935/DOC,UK,Central Bedfordshire,CB/25/03935/DOC,2025-12-11,2026-02-04,Conditions,Discharge of Condition Decision Released,,false,not data centre,,,,,,,,,,,,,,,,"Discharge of Conditions 24, 25, 32, 33, 35 against planning permission ref. CB/12/03613/OUT Outline planning permission with the details of access, appearance, landscaping, layout and scale reserved for later determination. Development to comprise: up to 5,150 dwellings (Use Class C3); up to 202,500 sqm gross of additional development in Use Classes: A1, A2, A3 (retail), A4 (public house), A5 (take away); B1, B2, B8 (offices, industrial and storage and distribution); C1 (hotel), C2 (care home), D1 and D2 (community and leisure); car showroom; data centre; petrol filling station; car parking; primary substation; energy centre; and for the laying out of the buildings; routes and open spaces within the development; and all associated works and operations including but not limited to: demolition; earthworks; engineering operations. All development, works and operations to be in accordance with the Development Parameters Schedule and Plans.","Parcels 7 & 8, Linmere Houghton Regis North Site, Land on the northern edge of Houghton Regis",,,https://www.planit.org.uk/planapplic/CentralBedfordshire/CB/25/03935/DOC/,"5,150-home mixed-use outline CB/12/03613/OUT lists data centre as one permitted use; not a DC application",PlanIt,2026-10-09,2026-10-09,manual-review-2026-10-09,,
UK:CentralBedfordshire/CB/25/03917/DOC,UK,Central Bedfordshire,CB/25/03917/DOC,2025-12-10,2026-03-17,Conditions,Discharge of Condition Decision Released,,false,not data centre,,,,,,,,,,,,,,,,"Discharge of Condition 24 against planning permission ref. CB/12/03613/OUT (Outline planning permission with the details of access, appearance, landscaping, layout and scale reserved for later determination. Development to comprise: up to 5,150 dwellings (Use Class C3); up to 202,500 sqm gross of additional development in Use Classes: A1, A2, A3 (retail), A4 (public house), A5 (take away); B1, B2, B8 (offices, industrial and storage and distribution); C1 (hotel), C2 (care home), D1 and D2 (community and leisure); car showroom; data centre; petrol filling station; car parking; primary substation; energy centre; and for the laying out of the buildings; routes and open spaces within the development; and all associated works and operations including but not limited to: demolition; earthworks; engineering operations. All development, works and operations to be in accordance with the Development Parameters Schedule and Plans.)","Parcel 3A, Land at Elmers Gate, off Woodside Link, Houghton Regis North Site 1, Land on the northern edge of Houghton Regis",,,https://www.planit.org.uk/planapplic/CentralBedfordshire/CB/25/03917/DOC/,"5,150-home mixed-use outline CB/12/03613/OUT lists data centre as one permitted use; not a DC application",PlanIt,2026-10-09,2026-10-09,manual-review-2026-10-09,,
UK:Hounslow/P/2025/3669,UK,Hounslow,P/2025/3669,2025-12-10,,Undecided,,outline application,true,data centre (type not stated),,,50000,,,,,,,,,,,,,"Outline planning permission with all matters reserved except access. A demolition phase and phased redevelopment (each phase being an independent act of development) comprising data centre use (Use Class B8) of up to 50,000 sqm GEA, including ancillary offices, internal plant and equipment (including flues), and substation. In addition up to 4,150sqm GEA of work units (Use Class E(g)(i-iii), B2, B8); car parking; provision of external plant and equipment (including flues); creation of servicing areas and provision of associated services, including waste, refuse, cycle storage, and lighting; and for the laying out of the buildings; routes and open spaces within the development; and all associated works and operations including but not limited to: demolition; earthworks; provision of attenuation infrastructure, engineering operations. This application is for a phased development, each phase being an independent act of development, capable of coming forward in distinct and separable phase... read more","Haslemere Heathrow Estate, Silver Jubilee Way, Hounslow, TW4 6NF",,,https://www.planit.org.uk/planapplic/Hounslow/P/2025/3669/,"Up to 50,000 sqm GEA DC + 4,150 sqm work units",PlanIt,2026-10-09,2026-10-09,manual-review-2026-10-09,"Haslemere Heathrow Estate, Hounslow (P/2025/3669)",
UK:ScottishBorders/25/01835/SCR,UK,Scottish Borders,25/01835/SCR,2025-12-10,2026-02-27,Permitted,Screening/Scoping Opinion Issued,EIA screening/scoping,true,data centre (type not stated),,,,,,,,,,,,,,,,Erection of data centre and associated infrastructure,Southside Data Centre Land At Clawbare Cottage Longformacus Duns Scottish Borders,,,https://www.planit.org.uk/planapplic/ScottishBorders/25/01835/SCR/,,PlanIt,2026-10-09,2026-10-09,manual-review-2026-10-09,"Scottish Borders DC (25/01835, 26/00809, 26/01031)",
UK:NorthLanarkshire/25/01294/S42,UK,North Lanarkshire,25/01294/S42,2025-12-09,2026-02-24,Permitted,Application Permitted,amendment/variation,true,data centre (type not stated),,,,,DataVita,high (named in site address),known name,,,,,,,,DataVita,"Section 42 application to vary planning permission 25/00150/FUL (for extension of the existing data centre and associated infrastructure including service yard arrangement and rooftop plant). Changes to - Condition 1 (approved plans), Condition 6 (Facing Materials) Condition 7 (Minor Update to fence & boundary treatment), Conditions 8 & 9 (Amendment to SUDS & Drainage arrangement), Condition 11 (Revised Noise Mitigation to reflect updated arrangement of service yard and rooftop mechanical plant) Conditions 12&13 (Revised Landscape & Management & Maintenance proposals to suit amended service yard layout)",DataVita Data Centre York Road Chapelhall North Lanarkshire ML6 8HW,,,https://www.planit.org.uk/planapplic/NorthLanarkshire/25/01294/S42/,Extension of existing DC,PlanIt,2026-10-09,2026-10-09,manual-review-2026-10-09,"DataVita, Chapelhall, North Lanarkshire",
UK:Selby/SELZG2025/1247/SCN,UK,Selby,SELZG2025/1247/SCN,2025-12-09,2025-12-23,Permitted,EIA Not Required,EIA screening/scoping,true,data centre (type not stated),,,,,,,,,Newmark,,,,,,,"EIA Screening Opinion in relation to the erection of a data centre (Use Class B8) with ancillary office space, external plant, site access, parking, cabling, landscaping and associated works",Drax Power Station New Road Drax Selby North Yorkshire YO8 8PH,,,https://www.planit.org.uk/planapplic/Selby/SELZG2025/1247/SCN/,EIA not required,PlanIt,2026-10-09,2026-10-09,manual-review-2026-10-09,Selby ZG2025/1247,
UK:Selby/ZG2025/1247/SCN,UK,Selby,ZG2025/1247/SCN,2025-12-09,2025-12-23,Permitted,EIA Not Required,EIA screening/scoping,true,data centre (type not stated),,,,,,,,,Newmark,,,,,,,"EIA Screening Opinion in relation to the erection of a data centre (Use Class B8) with ancillary office space, external plant, site access, parking, cabling, landscaping and associated works",Drax Power Station New Road Drax Selby North Yorkshire YO8 8PH,,,https://www.planit.org.uk/planapplic/Selby/ZG2025/1247/SCN/,Duplicate record,PlanIt,2026-10-09,2026-10-09,manual-review-2026-10-09,Selby ZG2025/1247,
UK:WhiteHorse/P25/V2668/DIS,UK,Vale of White Horse,P25/V2668/DIS,2025-12-09,2026-02-16,Permitted,Fully Discharged,conditions discharge,true,data centre (type not stated),,,,1,,,,,,,,,,,,"Discharge of General Biodiversity Gain (BNG) condition on application ref. P24/V1033/FUL Erection of a building to accommodate a data centre with external plant, associated acoustic barrier and boundary fencing.",Rutherford Appleton Laboratory Diamond House Road Chilton OX11 0DE,,,https://www.planit.org.uk/planapplic/WhiteHorse/P25/V2668/DIS/,,PlanIt,2026-10-09,2026-10-09,manual-review-2026-10-09,Vale P24/V1033/FUL,
UK:Chelmsford/25/01716/FUL,UK,Chelmsford,25/01716/FUL,2025-12-09,,Undecided,,full application,true,data centre (type not stated),,,,2,,,,,,,,,,,,"Erection of two data centres (Use Class B8) with ancillary office space, public realm, hard and soft landscaping, vehicular/pedestrian/cycle access and circulation works, car and cycle parking, sustainable drainage systems, re-levelling, creation of a new culvert, and other associated works.",Zone BE1 Beaulieu Exchange Beaulieu Parkway Chelmsford,,,https://www.planit.org.uk/planapplic/Chelmsford/25/01716/FUL/,Two data centres,PlanIt,2026-10-09,2026-10-09,manual-review-2026-10-09,Chelmsford 25/01716/FUL,
UK:Anglesey/FPL/2025/305,UK,Anglesey,FPL/2025/305,2025-12-08,2026-04-20,Rejected,Gwrthod / Refused,refused,true,AI/GPU,,,,,,,,,,,,,,,,"Cais llawn ar gyfer newid defnydd adeiladau diwydiannol presennol (Dosbarth Defnydd B2) i Ganolfan Ddata AI (Dosbarth Defnydd B8) gan gynnwys ail-orchuddio drychiadau allanol, gosod peiriannau ac offer cysylltiedig, ynghyd â gwaith ategol yn y cyn / Full application for the change of use of existing industrial buildings (Use Class B2) to an AI Data Centre (Use Class B8) including recladding of external elevations, installation of associated plant and equipment, together with ancillary works at the former","Octel Bromine Works, Amlwch.",,,https://www.planit.org.uk/planapplic/Anglesey/FPL/2025/305/,Full application. Change of use of industrial buildings to AI DC; refused,PlanIt,2026-10-09,2026-10-09,manual-review-2026-10-09,Anglesey FPL/2025/305 AI data centre,
UK:SouthWestDevon/3517/25/TPO,UK,South West Devon,3517/25/TPO,2025-12-01,2026-02-02,Permitted,Tree Works Allowed,,false,not data centre,,,,,,,,,,,,,,,,"T1: Ash tree - Reduce eastern crown spread back to perimeter fence line from 4m to 1m and reduce crown height of remaining crown to 7m above ground level, due to tree encroaching on to data centre and disrupting data signal from servers",Bandvulc Remoulds Ltd Gillard Way Lee Mill Industrial Estate Lee Mill PL21 9LN,,,https://www.planit.org.uk/planapplic/SouthWestDevon/3517/25/TPO/,Tree works near a DC,PlanIt,2026-10-09,2026-10-09,manual-review-2026-10-09,,
UK:Glasgow/24/01681/NMV03,UK,Glasgow,24/01681/NMV03,2025-11-27,2026-02-02,Permitted,Grant,,false,not data centre,,,,,,,,,,,,,,,,"Mixed-use University campus development including: (1) teaching and learning buildings (Class 10) (up to 65,000 sq m); (2) University research buildings (Class 4) (up to 17,000 sq m); (3) commercial research & development/offices (Class 4) (up to 18,000 sq m); (4) retail shops (Class 1) (up to 4,000 sq m); (5) financial, professional and other services (Class 2) (up to 500 sq m; (6) food and drink (Class 3) (up to 2,500 sq m); (7) hotels (Class 7) (up to 12,500 sq m); (8) sports and recreation facilities (Class 11) (up to 500 sq m); (9) day nursery (Class 10) (up to 500 sq m); (10) crèche (Class 10) (up to 100 sq m) (11) residential flats (mainstream or student) (sui generis) (up to 14,500.sq m); (12) Data Centre (Class 4) (up to 3,000 sq m); (13) energy centre (sui generis); (14) means of access, servicing and parking arrangements: (15) related infrastructure; (16) related landscaping and (17) related public realm and demolition of existing buildings - approval of matters specified in conditions 2(1-10,12 & 13), 3, 4, 9-15, 22, 27-29, 33, 35-38, 41 & 42 of Planning Permission in Principle 19/00363/PPP, for the erection of a new University building (Class 10), cafe (Class 3), related infrastructure, landscaping and public realm (in so far as these relate to the development of Plot B) Non-material variation of planning application 24/01681/MSC.",Site At University Avenue Glasgow,,,https://www.planit.org.uk/planapplic/Glasgow/24/01681/NMV03/,"University campus masterplan (data centre up to 3,000 sq m is one of 17 uses)",PlanIt,2026-10-09,2026-10-09,manual-review-2026-10-09,,
UK:CentralBedfordshire/CB/25/03778/DOC,UK,Central Bedfordshire,CB/25/03778/DOC,2025-11-26,2025-12-08,Conditions,Discharge of Condition Decision Released,,false,not data centre,,,,,,,,,,,,,,,,"Discharge of Condition 20 against planning permission ref. CB/12/03613/OUT (Outline planning permission with the details of access, appearance, landscaping, layout and scale reserved for later determination. Development to comprise: up to 5,150 dwellings (Use Class C3); up to 202,500 sqm gross of additional development in Use Classes: A1, A2, A3 (retail), A4 (public house), A5 (take away); B1, B2, B8 (offices, industrial and storage and distribution); C1 (hotel), C2 (care home), D1 and D2 (community and leisure); car showroom; data centre; petrol filling station; car parking; primary substation; energy centre; and for the laying out of the buildings; routes and open spaces within the development; and all associated works and operations including but not limited to: demolition; earthworks; engineering operations. All development, works and operations to be in accordance with the Development Parameters Schedule and Plans.)","Phase 3B Parcels 1 & 2, Houghton Regis North Site 1, Land on the northern edge of Houghton Regis",,,https://www.planit.org.uk/planapplic/CentralBedfordshire/CB/25/03778/DOC/,"5,150-home mixed-use outline CB/12/03613/OUT lists data centre as one permitted use; not a DC application",PlanIt,2026-10-09,2026-10-09,manual-review-2026-10-09,,
UK:Newport/25/1016,UK,Newport,25/1016,2025-11-26,2026-01-12,Permitted,Approved,conditions discharge,true,data centre (type not stated),,,,2,MSFT MCIO LIMITED,low (address match; check title plan),evidence chain: registered proprietor (HM Land Registry); Companies House PSC chain,,Carter Jonas LLP,09616816,MSFT MCIO LIMITED (09616816),CYM671910 (low); CYM770168 (low); CYM804925 (low),MSFT MCIO LIMITED (09616816) [low]; VANTAGE DATA CENTERS UK LIMITED (06132144) [low]; VANTAGE DATA CENTRES UK LIMITED (06132144) [low],,,"PARTIAL DISCHARGE OF CONDITION 10 (DETAILS OF FUTURE PRIMARY SUBSTATION) OF 25/0379 S73 APPLICATION TO VARY CONDITIONS 1 (APPROVED PLANS), 3 (LANDSCAPING), 4 (LEMP), 15 (PARKING), 16 (CYCLE STORAGE DETAILS), 17 (FOUL DRAINAGE) AND TO REMOVE CONDITION 6 (DORMICE METHOD STATEMENT) OF 24/0006 DEMOLITION OF REMAINDER OF EXISTING PRINCIPAL BUILDING AND REMAINING STRUCTURES AND CONSTRUCTION OF NEW DATA CENTRE (USE CLASS B8) ACROSS TWO MAIN BUILDINGS PLUS ANCILLARY STRUCTURES ANDS OTHER ASSOCIATED WORKS. AMENDMENTS INCLUDE CHANGES TO LAYOUT AND LANDSCAPING TO ACCOMMODATE SAB REQUIREMENTS, AMENDMENTS AND ADDITIONS TO ADMIN AND DATA HALL BUILDINGS, DESIGN AND SPECIFICATION OF GENERATORS, REVISIONS TO EXTERNAL LIGHTING AND REVISED DETAILS OF ANCILLARY STRUCTURES INCLUDING NEW CONDITION FOR FUTURE PRIMARY SUBSTATION",Quinn Radiators Celtic Way Celtic Lakes Newport NP10 8FS,,,https://www.planit.org.uk/planapplic/Newport/25/1016/,,PlanIt,2026-10-09,2026-10-09,manual-review-2026-10-09,Newport 24/0006,"[low] registered proprietor (HM Land Registry): HM Land Registry CCOD/OCOD Oct 2026 address match: title CYM770168 ('Data Hall GF20 and GF21, NGD Celtic Technology Centre, Celtic Way, Newport (NP10 8BE)') proprietor MSFT MCIO LIMITED 09616816 || [low] registered proprietor (HM Land Registry) VANTAGE DATA CENTERS UK LIMITED (06132144): HM Land Registry CCOD/OCOD Oct 2026 address match: title CYM804925 ('First Floor, Phase 1, Hynix Fab. Building, Celtic Way, Newport (NP10 8BE)') proprietor VANTAGE DATA CENTERS UK LIMITED 06132144 || [low] registered proprietor (HM Land Registry) VANTAGE DATA CENTRES UK LIMITED (06132144): HM Land Registry CCOD/OCOD Oct 2026 address match: title CYM671910 ('Ground Floor, Hynix Fab. Building, Celtic Way, Celtic Lakes, Newport (NP10 8BE)') proprietor VANTAGE DATA CENTRES UK LIMITED 06132144"
UK:Brent/25/3290,UK,Brent,25/3290,2025-11-24,,Undecided,,outline application,possible,data centre (type not stated),,,,,,,,,DP9 Ltd,,,,,,,"Outline planning application (all matters reserved) for the demolition of all structures and phased redevelopment of the site to provide buildings extending up to 39m in height, comprising a mix of uses including: light industrial, general industrial, storage, distribution and logistics, waste facility and data centre, and ancillary office spaces, creation of servicing areas and provision of associated services, including waste, refuse, cycle storage, and lighting; and all associated works and operations including but not limited to: demolition; earthworks; provision of attenuation infrastructure, engineering operations.","2-6 (Even) Hannah Close, London, NW10 0UX",,,https://www.planit.org.uk/planapplic/Brent/25/3290/,DC is one of several uses,PlanIt,2026-10-09,2026-10-09,manual-review-2026-10-09,Brent 25/3290 mixed industrial incl. DC,
UK:Ealing/254433OPDCOB,UK,Ealing,254433OPDCOB,2025-11-21,2025-12-08,Permitted,No Objection,conditions discharge,true,data centre (type not stated),,,,,05396063,low (address match; check title plan),evidence chain: registered proprietor (HM Land Registry); Companies House PSC chain,,,12777470,ARK ESTATES 3 LIMITED (12777470) > ? (05396063),MX318943 (low),ARK ESTATES 3 LIMITED (12777470) [low],,,"Application for approval of the external materials (condition 5) in respect of the approved sub-station only, pursuant to planning permission 24/0141/VAROPDC for section 73 application to vary Conditions 2 (approved plans and documents), 3 (development parameters), 5 (contaminated land site investigation), 6 (Construction and Environmental Management Plan), 7 (Construction Logistics Plan), 8 (circular economy details), 10 (Secured by Design), 11 (hard and soft landscaping), 12 (cycle parking), 13 (Fire Strategy), 19 (external lighting), 20 (green roofs), 21 (vehicular access), 22 (car parking implementation), 27 (vehicular access restriction), and 30 (energy statement) of planning permission 22/0059/FUMOPDC for 'Redevelopment of the site to provide a data centre (Use Class B8) with associated energy and electrical infrastructure, visitor reception building, security gatehouse, plant, boundary enclosures, car and cycle parking, hard and soft landscaping; and associated alterations to vehicular access arrangements including creation of new access from Concord Road and new access from Western Avenue service road; and associated external works.' Amendments are proposed primarily to replace the approved sub-station/ancillary office building with a standalone sub-station building, and to increase the size of the pocket park. x",Site Of Renault Retail Group Ltd Western Avenue Acton W3 0RZ,,,https://www.planit.org.uk/planapplic/Ealing/254433OPDCOB/,Substation materials condition,PlanIt,2026-10-09,2026-10-09,manual-review-2026-10-09,OPDC 24/0141/VAROPDC,"[low] registered proprietor (HM Land Registry): HM Land Registry CCOD/OCOD Oct 2026 address match: title MX318943 ('land and buildings on the south side of Western Avenue, Park Royal, Acton') proprietor ARK ESTATES 3 LIMITED 12777470 || https://find-and-update.company-information.service.gov.uk/company/12777470 | ARK ESTATES 3 LIMITED PSC: Revcap Properties 25 Limited (05396063 England) notified 2020-07-29"
UK:TowerHamlets/PA/25/01998/S,UK,Tower Hamlets,PA/25/01998/S,2025-11-21,2025-12-17,Permitted,Permit,amendment/variation,true,data centre (type not stated),,,,,,,,,Savills,,,,,,,"Application for Non-Material amendment to planning permission ref: PA/21/02182, dated 01/12/23 and granted on appeal on 03/10/23 (appeal ref: APP/E5900/W/23/3320336). Non Material amendment(s) Sought: Alteration to approved Description of Development as follows: A hybrid planning application for: Detailed planning application for works to include: demolition of existing buildings and structures and the phased erection of buildings, comprising: residential build to rent homes (use class c3); student accommodation and ancillary facilities (sui generis); flexible 3 commercial floorspace (use class e); alterations to the listed dock wall and dock gardens to provide new pedestrian connections and improved access; alterations to the existing access road; associated improvements to streets, open spaces, landscaping and public realm; and provision of car and bicycle parking spaces and servicing spaces and other works incidental to the proposed development; Outline planning application (all matters reserved) for the balance of the site for: the phased erection of buildings for use as a data centre (use class b8), flexible creative workspace (use class e(g)), community space (class f2), and/or a swimming pool (class f2); and associated infrastructure; streets, open spaces, landscaping and public realm; car and bicycle parking spaces and servicing spaces; utilities including electricity substations; and other works incidental to the proposed development.","Mulberry Place Town Hall, 5 Clove Crescent, And Lighterman House, 3 Clove Crescent, London, E14 2BG (Republic Masterplan Site)",,,https://www.planit.org.uk/planapplic/TowerHamlets/PA/25/01998/S/,Hybrid granted on appeal; outline element includes DC,PlanIt,2026-10-09,2026-10-09,manual-review-2026-10-09,Tower Hamlets PA/21/02182 dock site,
UK:Hertsmere/25/1668/VOC,UK,Hertsmere,25/1668/VOC,2025-11-21,,Undecided,,amendment/variation,possible,data centre (type not stated),,,,,,,,,Twenty5 Planning Limited,,,,,,,Removal of condition 33 (restriction of use as a data centre) following grant of planning permission 23/1049/OUT.,Charleston Paddocks St Albans Road South Mimms Potters Bar Hertfordshire EN6 3ND,,,https://www.planit.org.uk/planapplic/Hertsmere/25/1668/VOC/,Remove condition restricting use as a data centre,PlanIt,2026-10-09,2026-10-09,manual-review-2026-10-09,Hertsmere 23/1049/OUT,
UK:CentralBedfordshire/CB/25/03712/DOC,UK,Central Bedfordshire,CB/25/03712/DOC,2025-11-20,2026-02-05,Conditions,Discharge of Condition Decision Released,,false,not data centre,,,,,,,,,,,,,,,,"Discharge of Condition 34 against planning permission ref. CB/12/03613/OUT(Outline planning permission with the details of access, appearance, landscaping, layout and scale reserved for later determination. Development to comprise: up to 5,150 dwellings (Use Class C3); up to 202,500 sqm gross of additional development in Use Classes: A1, A2, A3 (retail), A4 (public house), A5 (take away); B1, B2, B8 (offices, industrial and storage and distribution); C1 (hotel), C2 (care home), D1 and D2 (community and leisure); car showroom; data centre; petrol filling station; car parking; primary substation; energy centre; and for the laying out of the buildings; routes and open spaces within the development; and all associated works and operations including but not limited to: demolition; earthworks; engineering operations. All development, works and operations to be in accordance with the Development Parameters Schedule and Plans.)","Phase 4, Houghton Regis North 1, Land on the Northern edge of Houghton Regis",,,https://www.planit.org.uk/planapplic/CentralBedfordshire/CB/25/03712/DOC/,"5,150-home mixed-use outline CB/12/03613/OUT lists data centre as one permitted use; not a DC application",PlanIt,2026-10-09,2026-10-09,manual-review-2026-10-09,,
UK:Brent/25/3231,UK,Brent,25/3231,2025-11-19,2026-02-16,Permitted,Permission Granted,conditions discharge,true,data centre (type not stated),,,,,,,,,Maddox Planning,,,,,,,"Details pursuant to Condition 7 (Remediation Report), of Variation of Conditions application reference: 21/3117, dated 01/12/2021 for Variation of condition 2 (development built in accordance to approved plans) to allow : Increase the size and height of pumphouse. amend sprinkler tanks Alterations to the gate/fencing towards the southern boundary and additional landscaping Podium of Full Planning Permission reference: 20/1828, dated 2nd October 2020, for Alterations and extensions to existing building to include roof plant and generator compound extension, external buildings to house sub-station, plant equipment and gate house, re-configuration of the car parking layout and provision of security fencing in association with its use as a data centre (Use Class B8) at JVC House","1-5 JVC Business Park & JVC House, 12 JVC Business Park, Priestley Way, London, NW2",,,https://www.planit.org.uk/planapplic/Brent/25/3231/,Existing building converted to DC,PlanIt,2026-10-09,2026-10-09,manual-review-2026-10-09,"JVC House, Brent",
UK:Brent/25/3230,UK,Brent,25/3230,2025-11-19,2026-02-09,Permitted,Permission Granted,conditions discharge,true,data centre (type not stated),,,,,MSFT MCIO LIMITED,low (address match; check title plan),evidence chain: registered proprietor (HM Land Registry); Companies House PSC chain,,Maddox Planning,09616816,MSFT MCIO LIMITED (09616816),AGL608434 (low),MSFT MCIO LIMITED (09616816) [low],,,"Details pursuant to Condition 11 (Construction Logistics Plan), of Full Planning Permission Reference: 22/4185, dated 01/03/2024, for Full planning application for the proposed development to extend the existing data centre on land to the north of the North Circular Road, incorporating 717 to 721 North Circular Road, including additional land to the rear, subject to Deed of Agreement dated 29th February 2024 under Section 106 of Town and Country Planning Act, 1990, as amended.","JVC Business Park & JVC House, Priestley Way and Former 717, 719 & 721 North Circular Road, Neasden, London, NW2",,,https://www.planit.org.uk/planapplic/Brent/25/3230/,,PlanIt,2026-10-09,2026-10-09,manual-review-2026-10-09,"North Circular Road extension, Brent (22/4185)","[low] registered proprietor (HM Land Registry): HM Land Registry CCOD/OCOD Oct 2026 address match: title AGL608434 ('Data Hall 2, Harp View Business Park, Priestley Way, London (NW2 7AP)') proprietor MSFT MCIO LIMITED 09616816"
UK:OldOakParkRoyal/25/0213/AODOPDC,UK,Old Oak Park Royal,25/0213/AODOPDC,2025-11-18,2026-01-09,Withdrawn,Withdrawn,conditions discharge,true,data centre (type not stated),,,,,05396063,low (address match; check title plan),evidence chain: registered proprietor (HM Land Registry); Companies House PSC chain,,,12777470,ARK ESTATES 3 LIMITED (12777470) > ? (05396063),MX318943 (low),ARK ESTATES 3 LIMITED (12777470) [low],,,"Application for approval of the external materials (condition 5) in respect of the approved sub-station only, pursuant to planning permission 24/0141/VAROPDC for section 73 application to vary Conditions 2 (approved plans and documents), 3 (development parameters), 5 (contaminated land site investigation), 6 (Construction and Environmental Management Plan), 7 (Construction Logistics Plan), 8 (circular economy details), 10 (Secured by Design), 11 (hard and soft landscaping), 12 (cycle parking), 13 (Fire Strategy), 19 (external lighting), 20 (green roofs), 21 (vehicular access), 22 (car parking implementation), 27 (vehicular access restriction), and 30 (energy statement) of planning permission 22/0059/FUMOPDC for 'Redevelopment of the site to provide a data centre (Use Class B8) with associated energy and electrical infrastructure, visitor reception building, security gatehouse, plant, boundary enclosures, car and cycle parking, hard and soft landscaping; and associated alterations to vehicular access arrangements including creation of new access from Concord Road and new access from Western Avenue service road; and associated external works.' Amendments are proposed primarily to replace the approved sub-station/ancillary office building with a standalone sub-station building, and to increase the size of the pocket park.","Renault London West, Site Of Renault Retail Group Ltd, -, Western Avenue, LONDON, W3 0RZ",,,https://www.planit.org.uk/planapplic/OldOakParkRoyal/25/0213/AODOPDC/,Substation materials condition,PlanIt,2026-10-09,2026-10-09,manual-review-2026-10-09,OPDC 24/0141/VAROPDC,"[low] registered proprietor (HM Land Registry): HM Land Registry CCOD/OCOD Oct 2026 address match: title MX318943 ('land and buildings on the south side of Western Avenue, Park Royal, Acton') proprietor ARK ESTATES 3 LIMITED 12777470 || https://find-and-update.company-information.service.gov.uk/company/12777470 | ARK ESTATES 3 LIMITED PSC: Revcap Properties 25 Limited (05396063 England) notified 2020-07-29"
UK:Canterbury/CA/25/02094,UK,Canterbury,CA/25/02094,2025-11-17,,Undecided,,full application,true,data centre (type not stated),,,,,,,,,,,,,,,,"Proposed data centre building and compound, engineering operations, fencing, parking and associated works.",Shelford Farm Estate Broad Oak Road Canterbury Kent,,,https://www.planit.org.uk/planapplic/Canterbury/CA/25/02094/,DC building and compound,PlanIt,2026-10-09,2026-10-09,manual-review-2026-10-09,Canterbury CA/25/02094,
UK:SouthGloucestershire/P25/02634/RVC,UK,South Gloucestershire,P25/02634/RVC,2025-11-17,2026-05-01,Conditions,Approve with Conditions,amendment/variation,true,data centre (type not stated),,,,,,,,,,,,,,,,Variation of condition 7 (approved plans) attached to planning permission P24/02011/F - Erection of a single storey extension to form enlarged data centre with associated external plant and enclosures.,10 Goodrich Close Yate South Gloucestershire BS37 5YT,,,https://www.planit.org.uk/planapplic/SouthGloucestershire/P25/02634/RVC/,Single-storey extension to existing DC,PlanIt,2026-10-09,2026-10-09,manual-review-2026-10-09,South Glos P24/02011/F DC extension,
UK:CentralBedfordshire/CB/25/03646/NMA,UK,Central Bedfordshire,CB/25/03646/NMA,2025-11-14,2025-12-15,Permitted,Non-Material Amendment - Granted,,false,not data centre,,,,,,,,,,,,,,,,"Non-material amendment to planning permission CB/23/0387/RM (Reserved Matters: following Outline Application CB/12/03613/OUT (Outline planning permission with the details of access, appearance, landscaping, layout and scale reserved for later determination. Development to comprise: up to 5,150 dwellings (Use Class C3); up to 202,500 sqm gross of additional development in Use Classes: A1, A2, A3 (retail), A4 (public house), A5 (take away); B1, B2, B8 (offices, industrial and storage and distribution); C1 (hotel), C2 (care home), D1 and D2 (community and leisure); car showroom; data centre; petrol filling station; car parking; primary substation; energy centre; and for the laying out of the buildings; routes and open spaces within the development; and all associated works and operations including but not limited to: demolition; earthworks; engineering operations. All development, works and operations to be in accordance with the Development Parameters Schedule and Plans.) Reserved matters approval sought for layout, scale, appearance, landscaping and access relating to Local Centre Parcel, Phase 1) Amendments sought to the Neighbourhood Centre: 1. Omit all rear eastern retail ground floor windows. 2. Add external rear eastern door to convenience store. 3. Amend convenience store compound external gates, to provide dedicated means of escape door through compound wall to comply with Building Regulations. 4. Enlarge convenience store compound canopy. 5. Add convenience store compound brise soleil. 6. Amend retail rear eastern doors on site / ground floor plans generally from double to single leaf doors. 7. Addition of privacy screen to first floor apartments above convenience store.","Local Centre Parcel, Linmere phase 1, Waterslade Way and Lime Tree Drive, Houghton Regis LU5 7AS",,,https://www.planit.org.uk/planapplic/CentralBedfordshire/CB/25/03646/NMA/,"5,150-home mixed-use outline CB/12/03613/OUT lists data centre as one permitted use; not a DC application",PlanIt,2026-10-09,2026-10-09,manual-review-2026-10-09,,
UK:WhiteHorse/P25/V2462/FUL,UK,Vale of White Horse,P25/V2462/FUL,2025-11-14,,Undecided,Application is not yet decided,full application,true,data centre (type not stated),,,,1,,,,,Lichfields,,,,,,,"Demolition of the existing building and structures on site, and all other associated site clearance works. Construction of a data centre building (Class B8) with plant at roof level with an emergency generator (1no.) and associated flue (provided within an external compound adjoining the data centre building), sprinkler tanks and pumphouse, security guard house, and provision of kiosk substation. The development also comprises the construction of a new access and internal road and circulation areas, footpaths, provision of car and bicycle parking, hard and soft landscaping and other associated works and ancillary site infrastructure. Amended plans received 26 March 2026.","Land at Purchas Road, Didcot, OX11 7BF",,,https://www.planit.org.uk/planapplic/WhiteHorse/P25/V2462/FUL/,"Single DC building, one emergency generator",PlanIt,2026-10-09,2026-10-09,manual-review-2026-10-09,Vale P25/V2462/FUL,
UK:Newport/25/0983,UK,Newport,25/0983,2025-11-14,2026-03-26,Conditions,Granted with Conditions,approved,true,data centre (type not stated),,,,,,,,,Egniol,,,,,,,"CHANGE OF USE OF PART OF EXISTING INDUSTRIAL BUILDING (USE CLASS B2) TO DATA CENTRE (USE CLASS B8) INCLUDING RECLADDING OF EXTERNAL ELEVATIONS, INSTALLATION OF ASSOCIATED PLANT AND EQUIPMENT, AND ANCILLARY WORKS",Liberty Steel Corporation Road Newport NP19 4XE,,,https://www.planit.org.uk/planapplic/Newport/25/0983/,Full application. Part of industrial building to DC,PlanIt,2026-10-09,2026-10-09,manual-review-2026-10-09,Newport 25/0983 change of use,
UK:Runnymede/RU.25/1538,UK,Runnymede,RU.25/1538,2025-11-11,,Undecided,,full application,true,hyperscale/campus,,,,,,,,,,,,,,,,"Development of site to deliver data centre campus (sui generis use) consisting of (a) data centre buildings (b) energy, power, and water infrastructure (c) site access and internal roads (d) site security arrangements (e) hard and soft, green and blue, landscaping and (f) other ancillary and auxiliary forms of development (application includes elements approved under ref. RU.21/0780 and already constructed)",Longcross North Data Centre Campus Longcross Chertsey KT16 0EE,,,https://www.planit.org.uk/planapplic/Runnymede/RU.25/1538/,Includes elements approved under RU.21/0780 and already built,PlanIt,2026-10-09,2026-10-09,manual-review-2026-10-09,Runnymede RU.25/1538 data centre campus,
UK:SurreyHeath/25/1195/PCA,UK,Surrey Heath,25/1195/PCA,2025-11-11,2026-02-09,Permitted,No Objection,consultation (neighbouring authority),true,hyperscale/campus,,,,,,,,,,,,,,,,"Consultation from Runnymede Borough Council in respect of application RU.25/1538 for the development of site to deliver data centre campus consisting of (a) data centre buildings (b) energy, power, and water infrastructure (c) site access and internal roads (d) site security arrangements (e) hard and soft, green and blue, landscaping and (f) other ancillary and auxiliary forms of development (application includes elements approved under ref. RU.21/0780 and already constructed)","Longcross North Data Centre Campus, Longcross, Chertsey, KT16 0EE",,,https://www.planit.org.uk/planapplic/SurreyHeath/25/1195/PCA/,Surrey Heath consulted,PlanIt,2026-10-09,2026-10-09,manual-review-2026-10-09,Runnymede RU.25/1538 data centre campus,
UK:OldOakParkRoyal/25/0207/ADVOPDC,UK,Old Oak Park Royal,25/0207/ADVOPDC,2025-11-11,2026-02-10,Permitted,Grant express consent,,false,not data centre,,,,,,,,,,,,,,,,"Installation of 2no internally illuminated fascia signs to the southwestern elevation of data centre building (Phase 1a), 1no internally illuminated free standing totem sign to the northwestern elevation of work unit building (Phase 1b) and 1no internally illuminated free standing totem sign to southwestern elevation of data centre building (Phase 2)","Chandos Road Trading Estate, Chandos Road, NW10 6NF",,,https://www.planit.org.uk/planapplic/OldOakParkRoyal/25/0207/ADVOPDC/,Signage at an existing DC,PlanIt,2026-10-09,2026-10-09,manual-review-2026-10-09,,
UK:Fife/25/03079/SCR,UK,Fife,25/03079/SCR,2025-11-10,2026-04-01,Permitted,EIA Not Required,EIA screening/scoping,true,data centre (type not stated),,,,,,,,,Logan PM,,,,,,,Environmental Impact Assessment screening request for data centre and associated infrastructure,Camilla Farm Auchtertool Kirkcaldy Fife KY2 5XW,,,https://www.planit.org.uk/planapplic/Fife/25/03079/SCR/,EIA not required,PlanIt,2026-10-09,2026-10-09,manual-review-2026-10-09,Fife 25/03079/SCR,
UK:EastAyrshire/25/0008/PREAPP,UK,East Ayrshire,25/0008/PREAPP,2025-11-10,2025-11-25,Conditions,Approved with Conditions,pre-application notice,true,hyperscale/campus,,,,,,,,,,,,,,,,"Data centre complex including data halls, substation, new road access, balancing pond, security, associated development, landscaping, new trees, wildflower meadow (major application)",Land At Purroch Farm Mauchline Road Hurlford East Ayrshire,,,https://www.planit.org.uk/planapplic/EastAyrshire/25/0008/PREAPP/,Pre-application for DC complex with data halls and substation,PlanIt,2026-10-09,2026-10-09,manual-review-2026-10-09,"Purroch Farm, Hurlford, East Ayrshire",
UK:Trafford/117712/EIASCR/25,UK,Trafford,117712/EIASCR/25,2025-11-07,2025-12-12,Permitted,Screening Opinion Issued,EIA screening/scoping,possible,data centre (type not stated),,,,,,,,,Lichfields,,,,,,,"Request for a Screening Opinion in respect of Regulation 6 of the Town and Country Planning (Environmental Impact Assessment) Regulations 2017 in relation to the redevelopment for general industry (Class B2) and/or storage and distribution purposes including data centre use (Class B8), with associated vehicular access, parking, service yards and landscaping.",Ocean Estates Trafford Park Road Trafford Park Manchester M17 1AT,,,https://www.planit.org.uk/planapplic/Trafford/117712/EIASCR/25/,DC optional,PlanIt,2026-10-09,2026-10-09,manual-review-2026-10-09,Trafford 117712 flexible B2/B8 incl. DC,
UK:Hertsmere/25/1588/ADJ,UK,Hertsmere,25/1588/ADJ,2025-11-03,2026-01-09,Permitted,Raise No Objections,consultation (neighbouring authority),possible,data centre (type not stated),,,,,,,,,,,,,,,,"Variation of Condition 3 (approved plans) to amend the approved Parameter Plan including minor variation to the Development Zone 1B boundary to increase the landscaping buffer, amend the building height restrictions in Development Zone 1A and the finished floor levels in Development Zone 1C and variation of Condition 12 (plant and barriers) to allow building flues up to 1 meter above the maximum building height of planning permission 5/2022/2966 dated 03/01/2024 for the demolition of existing buildings and the development of 7.57ha to provide flexible commercial/employment space falling within either Class B8 (Storage and Distribution) or a data centre and strategic landscaping with matters of access, layout, scale, appearance and other landscaping reserved (Adjacent Authority application).",Units 4 To 5 Riverside Industrial Estate London Colney Bypass London Colney Hertfordshire AL2 1AY,,,https://www.planit.org.uk/planapplic/Hertsmere/25/1588/ADJ/,Flexible B8 or DC,PlanIt,2026-10-09,2026-10-09,manual-review-2026-10-09,St Albans 5/2022/2966 (7.57ha B8 or DC),
UK:Ealing/254196OPDCOB,UK,Ealing,254196OPDCOB,2025-11-03,2026-02-06,Permitted,No Objection,consultation (neighbouring authority),true,data centre (type not stated),,,25281,,SEGRO PUBLIC LIMITED COMPANY,low (address match; check title plan),evidence chain: registered proprietor (HM Land Registry); Companies House PSC chain,,,13276747,SEGRO (UK ENERGY) LIMITED (13276747) > SEGRO PROPERTIES LIMITED (00448911) > SEGRO PUBLIC LIMITED COMPANY (00167591),AGL637739 (low),SEGRO (UK ENERGY) LIMITED (13276747) [low],,,"Demolition of existing warehouse (Class B8) and phased redevelopment of site to provide a 25, 281sqm (GEA) data centre (Class B8) comprising main data centre building (structure up to 30m above ground level) with roof mounted flues (up to 36m above ground level) and attached three storey ancillary office, modular power room gantry, containerised generator gantry, entrance pavilion, substation, boundary enclosures, internal access road, car and cycle parking, landscaping, and alterations to vehicular and pedestrian access from Premier Park Road. (out of borough)",Unit F 6 Premier Park Road London NW10 7NZ,,,https://www.planit.org.uk/planapplic/Ealing/254196OPDCOB/,"Ealing consulted; 25,281 sqm GEA DC",PlanIt,2026-10-09,2026-10-09,manual-review-2026-10-09,Premier Park Road NW10 (OPDC 25/0196/FUMOPDC),"[low] registered proprietor (HM Land Registry): HM Land Registry CCOD/OCOD Oct 2026 address match: title AGL637739 ('airspace above the roof of Unit 12, Premier Park Road, London (NW10 7NZ)') proprietor SEGRO (UK ENERGY) LIMITED 13276747 || https://find-and-update.company-information.service.gov.uk/company/13276747 | SEGRO (UK ENERGY) LIMITED PSC: Segro Properties Limited (00448911 United Kingdom) notified 2021-03-18 || https://find-and-update.company-information.service.gov.uk/company/00448911 | SEGRO PROPERTIES LIMITED PSC: Segro Plc (00167591 England And Wales) notified 2016-04-06"
UK:WhiteHorse/P25/V2364/DIS,UK,Vale of White Horse,P25/V2364/DIS,2025-11-03,2025-12-19,Conditions,Partially Discharged,conditions discharge,true,hyperscale/campus,,,197000,,Rwe Ag,high,evidence chain: registered proprietor (HM Land Registry); Companies House PSC chain,,,03892782,"RWE GENERATION UK PLC (03892782) > Rwe Ag (HRB14525, Germany)",BK65574; ON15785; ON157852; ON191378; ON297164; ON322203 (low),AMAZON DATA SERVICES UK LIMITED (09959151) [low]; NATIONAL GRID ELECTRICAL TRANSMISSION PLC (02366977) [high]; NATIONAL GRID ELECTRICITY TRANSMISSION PLC (02366977) [high]; RWE GENERATION UK PLC (03892782) [high],"The Law Debenture Pension Trust Corporation PLC (The ""Isp Trustee"") and Its Successors, Assignsand Transferees",,"Discharge of condition 16 (Approval of External Materials and Lighting for roads and footpaths) on application ref. P22/V1857/O. (Hybrid application comprising: 1. Outline planning permission for the erection of up to 197,000m2 Use Class B8 data centre development with ancillary Use Class E office space, together with associated groundworks, utilities, infrastructure, engineering and enabling works. Matters relating to appearance, landscaping, drainage, layout and scale of the development areas reserved for subsequent approval; and 2. Full planning permission for the construction of new and improved site access, new access roads, hard & soft landscaping, creation of SUDS and all associated infrastructure and engineering works.)",Land at former Didcot A Power Station Didcot OX11 7HA,,,https://www.planit.org.uk/planapplic/WhiteHorse/P25/V2364/DIS/,,PlanIt,2026-10-09,2026-10-09,manual-review-2026-10-09,Vale P22/V1857/O (likely former Didcot A Power Station),"[high] registered proprietor (HM Land Registry): HM Land Registry CCOD/OCOD Oct 2026: title BK65574 (Freehold, 'land on the North and South side of Port Way, Sutton Coutenay') proprietor RWE GENERATION UK PLC 03892782; title cited at https://valeofwhitehorse.planning-register.co.uk/Document/GetFileBinary#155993/1395862.0000/200.0000 | ""ted. (C) The Owner is the freehold owner of the Owner’s S106 Land free from encumbrances (other than those contained in title numbers BK65574 and ON157852 and as contained in the Title Documents) as set out in the First Schedule. (D) The District Council has delegated authority"" || [high] registered proprietor (HM Land Registry): HM Land Registry CCOD/OCOD Oct 2026: title ON157852 (Freehold, 'Land at Didcot Power Station, Didcot') proprietor RWE GENERATION UK PLC 03892782; title cited at https://valeofwhitehorse.planning-register.co.uk/Document/GetFileBinary#155993/1395862.0000/200.0000 | ""ted. (C) The Owner is the freehold owner of the Owner’s S106 Land free from encumbrances (other than those contained in title numbers BK65574 and ON157852 and as contained in the Title Documents) as set out in the First Schedule. (D) The District Council has delegated authority"" || https://find-and-update.company-information.service.gov.uk/company/03892782 | RWE GENERATION UK PLC PSC: Rwe Ag (HRB14525 Germany) notified 2016-04-06 || https://find-and-update.company-information.service.gov.uk/company/03892782/charges/WbSro29nLGaC7XEVuENfRVJoVbA | charge 2005-10-28 (fully-satisfied) to Calyon, London Branch || https://find-and-update.company-information.service.gov.uk/company/03892782/charges/kWBZ7hFU78ir2IQ_g7u1_j-tjhA | charge 2003-08-28 (outstanding) to The Law Debenture Pension Trust Corporation PLC (The ""Isp Trustee"") and Its Successors, Assignsand Transferees || [high] registered proprietor (HM Land Registry) NATIONAL GRID ELECTRICAL TRANSMISSION PLC (02366977): HM Land Registry CCOD/OCOD Oct 2026: title ON191378 (Leasehold, 'land and buildings at Didcot Power Station, Didcot') proprietor NATIONAL GRID ELECTRICAL TRANSMISSION PLC 02366977; title cited at https://valeofwhitehorse.planning-register.co.uk/Document/GetFileBinary#155993/1630385.0000/221.0000 | ""on dated 9 January 2024 and by a Deed of Variation dated [ ] 2025), which lease is registered at the Land Registry with title number ON191378 (the “1990 Lease”); and (b) Secondly, a lease relating to land at Didcot Power Station, Didcot, Oxfordshire dated 14 Apr"" || [high] registered proprietor (HM Land Registry) NATIONAL GRID ELECTRICITY TRANSMISSION PLC (02366977): HM Land Registry CCOD/OCOD Oct 2026: title ON297164 (Leasehold, 'Land at Didcot Power Station, Didcot') proprietor NATIONAL GRID ELECTRICITY TRANSMISSION PLC 02366977; title cited at https://valeofwhitehorse.planning-register.co.uk/Document/GetFileBinary#155993/1630385.0000/221.0000 | ""nal Grid Electricity Transmission Plc (2) (as subsequently varied), which lease is registered at the Land Registry with title ON297164 (the “2011 Lease”); and (c) Thirdly, a Lease by Reference relating to land at Didcot Power Station, Didcot, Oxfordshire"" || [low] registered proprietor (HM Land Registry) AMAZON DATA SERVICES UK LIMITED (09959151): HM Land Registry CCOD/OCOD Oct 2026 address match: title ON322203 ('Gatehouse, Didcot Power Station, Purchas Road, Didcot') proprietor AMAZON DATA SERVICES UK LIMITED 09959151 || [low] portal applicant (name only): https://valeofwhitehorse.planning-register.co.uk/Planning/Display?applicationNumber=P22%2FV1857%2FO | Applicant Name: ""RWE Generation UK plc"""
UK:Brent/25/3098,UK,Brent,25/3098,2025-11-03,2025-12-12,Permitted,No Objection Raised,consultation (neighbouring authority),true,data centre (type not stated),,,25281,,SEGRO PUBLIC LIMITED COMPANY,low (address match; check title plan),evidence chain: registered proprietor (HM Land Registry); Companies House PSC chain,,Old Oak and Park Royal Development Corporation,13276747,SEGRO (UK ENERGY) LIMITED (13276747) > SEGRO PROPERTIES LIMITED (00448911) > SEGRO PUBLIC LIMITED COMPANY (00167591),AGL637739 (low),SEGRO (UK ENERGY) LIMITED (13276747) [low],,,"Address: Unit F, 6, Premier Park Road, London, NW10 7NZ Proposal: Demolition of existing warehouse (Class B8) and phased redevelopment of site to provide a 25, 281sqm (GEA) data centre (Class B8) comprising main data centre building (structure up to 30m above ground level) with roof mounted flues (up to 36m above ground level) and attached three storey ancillary office, modular power room gantry, containerised generator gantry, entrance pavilion, substation, boundary enclosures, internal access road, car and cycle parking, landscaping, and alterations to vehicular and pedestrian access from Premier Park Road. Reference: 25/0196/FUMOPDC","Unit F, 6 Premier Park Road, London, NW10 7NZ",,,https://www.planit.org.uk/planapplic/Brent/25/3098/,"Brent consulted; 25,281 sqm GEA DC",PlanIt,2026-10-09,2026-10-09,manual-review-2026-10-09,Premier Park Road NW10 (OPDC 25/0196/FUMOPDC),"[low] registered proprietor (HM Land Registry): HM Land Registry CCOD/OCOD Oct 2026 address match: title AGL637739 ('airspace above the roof of Unit 12, Premier Park Road, London (NW10 7NZ)') proprietor SEGRO (UK ENERGY) LIMITED 13276747 || https://find-and-update.company-information.service.gov.uk/company/13276747 | SEGRO (UK ENERGY) LIMITED PSC: Segro Properties Limited (00448911 United Kingdom) notified 2021-03-18 || https://find-and-update.company-information.service.gov.uk/company/00448911 | SEGRO PROPERTIES LIMITED PSC: Segro Plc (00167591 England And Wales) notified 2016-04-06"
UK:NorthLanarkshire/25/01159/PPP,UK,North Lanarkshire,25/01159/PPP,2025-10-31,2026-01-09,Permitted,Application Permitted,approved,true,data centre (type not stated),,,,,,,,,,,,,,,,"Data Centre including Associated Plant, Access and Parking Provision",Land Adjacent To York Road Chapelhall North Lanarkshire,,,https://www.planit.org.uk/planapplic/NorthLanarkshire/25/01159/PPP/,Outline application. PPP granted,PlanIt,2026-10-09,2026-10-09,manual-review-2026-10-09,North Lanarkshire 25/01159/PPP,
UK:Leeds/25/06139/FU,UK,Leeds,25/06139/FU,2025-10-30,,Undecided,,full application,true,hyperscale/campus,,,,,,,,,,,,,,,,"Hybrid planning application for a phased development seeking full planning permission for development of a data centre campus (Use Class B8), with associated energy, power and water infrastructure, site access and internal roads, site security arrangements, hard and soft landscaping, and other ancillary and auxiliary forms of development; and outline planning permission with all matters reserved save for access, for warehouse and distribution development (Use Class B8) with associated infrastructure inclusive of an EV charging forecourt, car parking and landscaping.",Land At Skelton Grange / Knostrop Leeds LS9 0DZ,,,https://www.planit.org.uk/planapplic/Leeds/25/06139/FU/,"Hybrid: full for DC campus, outline for B8 warehousing",PlanIt,2026-10-09,2026-10-09,manual-review-2026-10-09,Leeds 25/06139/FU data centre campus,
UK:Fylde/25/0646,UK,Fylde,25/0646,2025-10-30,2026-04-30,Conditions,Granted Subject to BNG,approved,true,edge/small,,,,,,,,,,,,,,,,"OUTLINE APPLICATION FOR CONSTRUCTION OF A MIXED USE TECHNOLOGY EXEMPLAR BUILDING WITH A GROSS INTERNAL FLOOR SPACE OF UP TO 3164 SQUARE METRES INCORPORATING A DATA CENTRE (USE CLASS B8), RESEARCH AND DEVELOPMENT (USE CLASS E(G)(II) AND OFFICE (USE CLASS E(G)(I)) USES INCLUDING NEW ACCESS POINTS, PLANT EQUIPMENT, CAR PARKING AND OTHER ASSOCIATED INFRASTRUCTURE (ACCESS APPLIED FOR WITH ALL OTHER MATTERS RESERVED)",LAND AT BLACKPOOL AIRPORT ENTERPRISE ZONE AIRPORT ACCESS ROAD FROM SQUIRES GATE LANE BLACKPOOL FY4 2QS,,,https://www.planit.org.uk/planapplic/Fylde/25/0646/,"Outline application. Up to 3,164 sqm GIA building incl. DC, R&D and office (DC share not stated)",PlanIt,2026-10-09,2026-10-09,manual-review-2026-10-09,Fylde technology exemplar building,
UK:OldOakParkRoyal/25/0199/NMAOPDC,UK,Old Oak Park Royal,25/0199/NMAOPDC,2025-10-30,2026-06-03,Permitted,Approve,amendment/variation,true,data centre (type not stated),,,52000,,,,,,,,,,,,,"Non-material amendment pursuant to planning permission 21/0150/REMOPDC dated 18/11/2021 for ‘Phase 1a Reserved Matters Application with full details of access, layout, scale, appearance and landscaping pursuant to outline planning permission reference 21/0013/OUTOPDC dated 07/09/2021 for a data centre (Use Class B8), generator building, plant, sub-station, hard and soft landscaping and associated works’ seeking changes to the external appearance of the data centre and generator building and other updates to the wider site.","Chandos Road Trading Estate, Chandos Road, Park Royal, NW10 6NF",,,https://www.planit.org.uk/planapplic/OldOakParkRoyal/25/0199/NMAOPDC/,NMA to Phase 1a reserved matters,PlanIt,2026-10-09,2026-10-09,manual-review-2026-10-09,"OPDC 21/0013/OUTOPDC (up to 52,000 sqm GEA)",
UK:OldOakParkRoyal/25/0196/FUMOPDC,UK,Old Oak Park Royal,25/0196/FUMOPDC,2025-10-29,2026-07-03,Permitted,Approve,approved,true,data centre (type not stated),,,,,SEGRO PUBLIC LIMITED COMPANY,low (address match; check title plan),evidence chain: registered proprietor (HM Land Registry); Companies House PSC chain,,,13276747,SEGRO (UK ENERGY) LIMITED (13276747) > SEGRO PROPERTIES LIMITED (00448911) > SEGRO PUBLIC LIMITED COMPANY (00167591),AGL637739 (low),SEGRO (UK ENERGY) LIMITED (13276747) [low],,,"Demolition of existing warehouse (Class B8) and phased redevelopment of site to provide a data centre (Class B8) comprising main data centre building and attached ancillary office, modular power room gantry, containerised generator gantry with flues, entrance pavilion, substation, boundary enclosures, internal access road, car and cycle parking, landscaping, and alterations to vehicular and pedestrian access from Premier Park Road.","Unit F, 6, Premier Park Road, LONDON, NW10 7NZ",,,https://www.planit.org.uk/planapplic/OldOakParkRoyal/25/0196/FUMOPDC/,"Full application. Full permission (25,281 sqm GEA per consultation records)",PlanIt,2026-10-09,2026-10-09,manual-review-2026-10-09,Premier Park Road NW10 (OPDC 25/0196/FUMOPDC),"[low] registered proprietor (HM Land Registry): HM Land Registry CCOD/OCOD Oct 2026 address match: title AGL637739 ('airspace above the roof of Unit 12, Premier Park Road, London (NW10 7NZ)') proprietor SEGRO (UK ENERGY) LIMITED 13276747 || https://find-and-update.company-information.service.gov.uk/company/13276747 | SEGRO (UK ENERGY) LIMITED PSC: Segro Properties Limited (00448911 United Kingdom) notified 2021-03-18 || https://find-and-update.company-information.service.gov.uk/company/00448911 | SEGRO PROPERTIES LIMITED PSC: Segro Plc (00167591 England And Wales) notified 2016-04-06"
UK:Newark/25/SCO/00002,UK,Newark and Sherwood,25/SCO/00002,2025-10-27,2025-12-04,Permitted,No Objection,EIA screening/scoping,true,data centre (type not stated),,,,,,,,,,,,,,,,Request for EIA scoping opinion in respect of land within the former Rufford Colliery for mixed use development comprising data centre and residential development up to 400 dwellings.,Land Within Former Rufford Colliery Rufford Colliery Lane Rainworth,,,https://www.planit.org.uk/planapplic/Newark/25/SCO/00002/,DC + up to 400 dwellings,PlanIt,2026-10-09,2026-10-09,manual-review-2026-10-09,"Former Rufford Colliery, Newark (25/02138/OUTM)",
UK:Waverley/PC/2025/02108,UK,Waverley,PC/2025/02108,2025-10-27,2025-12-18,Permitted,NO OBJECTION IS RAISED,consultation (neighbouring authority),possible,data centre (type not stated),,,,,,,,,,,,,,,,Consultation from a neighbouring authority for outline planning application for phased development involving demolition of existing buildings and the erection of new flexible use employment floorspace (use classes e(g)(i)-(iii)/b2/b8 (including data centres) and associated works. All matters reserved except access.,"Abbey Court 1, Abbey Street, Farnham, Surrey, GU9 7RT",,,https://www.planit.org.uk/planapplic/Waverley/PC/2025/02108/,Waverley consulted; flexible employment incl. DCs,PlanIt,2026-10-09,2026-10-09,manual-review-2026-10-09,"Cody Technology Park, Rushmoor (25/00537/OUTPP)",
UK:SurreyHeath/25/1155/PCA,UK,Surrey Heath,25/1155/PCA,2025-10-27,2026-02-04,Permitted,No Objection,consultation (neighbouring authority),possible,data centre (type not stated),,,,,,,,,,,,,,,,Consultation from Rushmoor Borough Council in respect of application no. 25/00537/OUTPP for Outline planning application for phased development involving demolition of existing buildings and the erection of new flexible use employment floorspace (Use Classes E(g)(i)-(iii)/B2/B8 (including data centres) and associated works. All matters reserved except access at Land At Cody Technology Park And Ball Hill Ively Road Farnborough Hampshire,Land At Cody Technology Park And Ball Hill Ively Road Farnborough Hampshire,,,https://www.planit.org.uk/planapplic/SurreyHeath/25/1155/PCA/,Surrey Heath consulted,PlanIt,2026-10-09,2026-10-09,manual-review-2026-10-09,"Cody Technology Park, Rushmoor (25/00537/OUTPP)",
UK:Guildford/25/CON/00054,UK,Guildford,25/CON/00054,2025-10-24,,Undecided,,consultation (neighbouring authority),possible,data centre (type not stated),,,,,,,,,,,,,,,,Consultation from Rushmoor Borough Council for: Outline planning application for phased development involving demolition of existing buildings and the erection of new flexible use employment floorspace (Use Classes E(g)(i)-(iii)/B2/B8 (including data centres) and associated works. All matters reserved except access at Land At Cody Technology Park And Ball Hill Ively Road Farnborough Hampshire (accompanied by an Environmental Statement).,"Land At Cody Technology Park And Ball Hill, Ively Road Farnborough Hampshire",,,https://www.planit.org.uk/planapplic/Guildford/25/CON/00054/,Guildford consulted,PlanIt,2026-10-09,2026-10-09,manual-review-2026-10-09,"Cody Technology Park, Rushmoor (25/00537/OUTPP)",
UK:Chesterfield/CHE/25/00799/FUL,UK,Chesterfield,CHE/25/00799/FUL,2025-10-23,2025-12-23,Conditions,Conditional permission,approved,true,edge/small,,,,,,,,,,,,,,,,"Development of a modular data centre, associated equipment and structures, staff accommodation, fencing and associated works",Erin Landfill Site Markham Lane Duckmanton Chesterfield Derbyshire S44 5HS,,,https://www.planit.org.uk/planapplic/Chesterfield/CHE/25/00799/FUL/,Full application.,PlanIt,2026-10-09,2026-10-09,manual-review-2026-10-09,Chesterfield CHE/25/00799/FUL modular DC,
UK:Ealing/254076OPDCOB,UK,Ealing,254076OPDCOB,2025-10-23,2026-05-07,Withdrawn,Not Proceeded With,consultation (neighbouring authority),true,data centre (type not stated),,,35000,,Iron Mountain Incorporated,low (address match; check title plan),evidence chain: registered proprietor (HM Land Registry); Companies House PSC chain,,,01478540,"IRON MOUNTAIN (UK) PLC (01478540) > IRON MOUNTAIN EUROPE (GROUP) LIMITED (05882719) > Iron Mountain Incorporated (05559325, United States)",AGL301292 (low); NGL423182 (low),ARK EUROPE LIMITED (05314128) [low]; IRON MOUNTAIN (UK) PLC (01478540) [low],Barclays Bank PLC; Barclays Bank PLC as Security Agent; Barclays Bank PLC as Security Agent (As Trustee for Each of the Secured Parties); Barclays Bank PLC as Security Agent (As Trustee for the Secured Parties); Prime Point One Limited; The Standard Life Assurance Company; Transport for London,,"Reserved Matters application with full details of appearance, layout, scale, the means of access and the landscaping of the development pursuant to outline planning permission 21/0182/OUTOPDC dated 13 October 2022 for 'Outline planning application (all matters reserved) for demolition and redevelopment to provide a data centre (Use Class B8) of up to 35, 000sqm including ancillary offices, internal plant and equipment (including flues), and substation. In addition, up to 1, 000sqm of work units and café/coffee shop (Use Class E(a/b), E(g)(ii) & E(g)(iii), B2); car parking; provision of external plant and equipment (including flues); creation of servicing areas and provision of associated services, including waste, refuse, cycle storage, and lighting; and for the laying out of the buildings, routes and open spaces within the development; and all associated works and operations including but not limited to: demolition; earthworks; provision of attenuation infrastructure, engineering operations ( out of borough)",Frogmore Industrial Estate Acton Lane Park Royal NW10 7NQ,,,https://www.planit.org.uk/planapplic/Ealing/254076OPDCOB/,Ealing consulted on RM; not proceeded with,PlanIt,2026-10-09,2026-10-09,manual-review-2026-10-09,"Frogmore Industrial Estate, NW10 (OPDC 21/0182/OUTOPDC)","[low] registered proprietor (HM Land Registry): HM Land Registry CCOD/OCOD Oct 2026 address match: title AGL301292 ('Unit 7, Central Park, Acton Lane, London (NW10 7NS)') proprietor IRON MOUNTAIN (UK) PLC 01478540 || https://find-and-update.company-information.service.gov.uk/company/01478540 | IRON MOUNTAIN (UK) PLC PSC: Iron Mountain Europe (Group) Limited (05882719 United Kingdom) notified 2017-10-04 || https://find-and-update.company-information.service.gov.uk/company/05882719 | IRON MOUNTAIN EUROPE (GROUP) LIMITED PSC: Iron Mountain Incorporated (05559325 United States) notified 2016-11-18 || https://find-and-update.company-information.service.gov.uk/company/01478540/charges/hNqFwph0zFUadJmQGLC89K28rWc | charge 2025-08-05 (outstanding) to Barclays Bank PLC as Security Agent; titles ABN67451, EH54, WLN26523 || https://find-and-update.company-information.service.gov.uk/company/01478540/charges/TZvV3PvxpAFCrRPWK_WWKqF7ov0 | charge 2025-07-11 (outstanding) to Barclays Bank PLC || https://find-and-update.company-information.service.gov.uk/company/01478540/charges/-O_zPqBz-XCzCnIN7Jc6HPlF4DQ | charge 2025-07-11 (outstanding) to Barclays Bank PLC; titles BH23, HP467576, WM584264 || https://find-and-update.company-information.service.gov.uk/company/01478540/charges/cDzrn3gsap3UL9vwNa-_YgIT2go | charge 2024-09-10 (outstanding) to Barclays Bank PLC as Security Agent (As Trustee for Each of the Secured Parties); titles ABN67451, EH54, WLN26523 || https://find-and-update.company-information.service.gov.uk/company/01478540/charges/MHDUxy1fJ94A44bppSDPijjz7-k | charge 2023-09-19 (outstanding) to Barclays Bank PLC as Security Agent (As Trustee for Each of the Secured Parties); titles ABN67451, EH54, WLN26523 || [low] registered proprietor (HM Land Registry) ARK EUROPE LIMITED (05314128): HM Land Registry CCOD/OCOD Oct 2026 address match: title NGL423182 ('184 Acton Lane, London (NW10 7NH)') proprietor ARK EUROPE LIMITED 05314128"
UK:Brent/25/2996,UK,Brent,25/2996,2025-10-23,2025-11-18,Rejected,Objection Raised,consultation (neighbouring authority),true,data centre (type not stated),,,35000,,Iron Mountain Incorporated,low (address match; check title plan),evidence chain: registered proprietor (HM Land Registry); Companies House PSC chain,,Old Oak and Park Royal Development Corporation,01478540,"IRON MOUNTAIN (UK) PLC (01478540) > IRON MOUNTAIN EUROPE (GROUP) LIMITED (05882719) > Iron Mountain Incorporated (05559325, United States)",AGL301292 (low); NGL423182 (low),ARK EUROPE LIMITED (05314128) [low]; IRON MOUNTAIN (UK) PLC (01478540) [low],Barclays Bank PLC; Barclays Bank PLC as Security Agent; Barclays Bank PLC as Security Agent (As Trustee for Each of the Secured Parties); Barclays Bank PLC as Security Agent (As Trustee for the Secured Parties); Prime Point One Limited; The Standard Life Assurance Company; Transport for London,,"Address: Frogmore Industrial Estate, Acton Lane, LONDON, NW10 7NQ Proposal: Reserved Matters application with full details of appearance, layout, scale, the means of access and the landscaping of the development pursuant to outline planning permission 21/0182/OUTOPDC dated 13 October 2022 for 'Outline planning application (all matters reserved) for demolition and redevelopment to provide a data centre (Use Class B8) of up to 35,000sqm including ancillary offices, internal plant and equipment (including flues), and substation. In addition, up to 1,000sqm of work units and café/coffee shop (Use Class E(a/b), E(g)(ii) & E(g)(iii), B2); car parking; provision of external plant and equipment (including flues); creation of servicing areas and provision of associated services, including waste, refuse, cycle storage, and lighting; and for the laying out of the buildings, routes and open spaces within the development; and all associated works and operations including but not limited to: demolition; earthworks; provision of attenuation infrastructure, engineering operations'. Reference: 25/0179/REMOPDC","2025, Observation Applications, Not in Brent",,,https://www.planit.org.uk/planapplic/Brent/25/2996/,Brent objected to RM,PlanIt,2026-10-09,2026-10-09,manual-review-2026-10-09,"Frogmore Industrial Estate, NW10 (OPDC 21/0182/OUTOPDC)","[low] registered proprietor (HM Land Registry): HM Land Registry CCOD/OCOD Oct 2026 address match: title AGL301292 ('Unit 7, Central Park, Acton Lane, London (NW10 7NS)') proprietor IRON MOUNTAIN (UK) PLC 01478540 || https://find-and-update.company-information.service.gov.uk/company/01478540 | IRON MOUNTAIN (UK) PLC PSC: Iron Mountain Europe (Group) Limited (05882719 United Kingdom) notified 2017-10-04 || https://find-and-update.company-information.service.gov.uk/company/05882719 | IRON MOUNTAIN EUROPE (GROUP) LIMITED PSC: Iron Mountain Incorporated (05559325 United States) notified 2016-11-18 || https://find-and-update.company-information.service.gov.uk/company/01478540/charges/hNqFwph0zFUadJmQGLC89K28rWc | charge 2025-08-05 (outstanding) to Barclays Bank PLC as Security Agent; titles ABN67451, EH54, WLN26523 || https://find-and-update.company-information.service.gov.uk/company/01478540/charges/TZvV3PvxpAFCrRPWK_WWKqF7ov0 | charge 2025-07-11 (outstanding) to Barclays Bank PLC || https://find-and-update.company-information.service.gov.uk/company/01478540/charges/-O_zPqBz-XCzCnIN7Jc6HPlF4DQ | charge 2025-07-11 (outstanding) to Barclays Bank PLC; titles BH23, HP467576, WM584264 || https://find-and-update.company-information.service.gov.uk/company/01478540/charges/cDzrn3gsap3UL9vwNa-_YgIT2go | charge 2024-09-10 (outstanding) to Barclays Bank PLC as Security Agent (As Trustee for Each of the Secured Parties); titles ABN67451, EH54, WLN26523 || https://find-and-update.company-information.service.gov.uk/company/01478540/charges/MHDUxy1fJ94A44bppSDPijjz7-k | charge 2023-09-19 (outstanding) to Barclays Bank PLC as Security Agent (As Trustee for Each of the Secured Parties); titles ABN67451, EH54, WLN26523 || [low] registered proprietor (HM Land Registry) ARK EUROPE LIMITED (05314128): HM Land Registry CCOD/OCOD Oct 2026 address match: title NGL423182 ('184 Acton Lane, London (NW10 7NH)') proprietor ARK EUROPE LIMITED 05314128"
UK:CentralBedfordshire/CB/25/03400/RM,UK,Central Bedfordshire,CB/25/03400/RM,2025-10-23,2026-02-26,Permitted,Reserved Matters- Granted,,false,not data centre,,,,,,,,,,,,,,,,"Reserved Matters: following Outline application CB/12/03613/OUT (Outline planning permission with the details of access, appearance, landscaping, layout and scale reserved for later determination. Development to comprise: up to 5,150 dwellings (Use Class C3); up to 202,500 sqm gross of additional development in Use Classes: A1, A2, A3 (retail), A4 (public house), A5 (take away); B1, B2, B8 (offices, industrial and storage and distribution); C1 (hotel), C2 (care home), D1 and D2 (community and leisure); car showroom; data centre; petrol filling station; car parking; primary substation; energy centre; and for the laying out of the buildings; routes and open spaces within the development; and all associated works and operations including but not limited to: demolition; earthworks; engineering operations. All development, works and operations to be in accordance with the Development Parameters Schedule and Plans.). Approval of Access, Appearance, Landscaping, Layout and Scale for 259 dwellings and associated works.","Parcels 4 and 5, Area 4, Houghton Regis North Site 1, Land on the northern edge of Houghton Regis",,,https://www.planit.org.uk/planapplic/CentralBedfordshire/CB/25/03400/RM/,"5,150-home mixed-use outline CB/12/03613/OUT lists data centre as one permitted use; not a DC application",PlanIt,2026-10-09,2026-10-09,manual-review-2026-10-09,,
UK:CentralBedfordshire/CB/25/03380/DOC,UK,Central Bedfordshire,CB/25/03380/DOC,2025-10-22,2025-11-07,Conditions,Discharge of Condition Decision Released,,false,not data centre,,,,,,,,,,,,,,,,"Discharge of Condition 20 against planning permission ref. CB/12/03613/OUT (Outline planning permission with the details of access, appearance, landscaping, layout and scale reserved for later determination. Development to comprise: up to 5,150 dwellings (Use Class C3); up to 202,500 sqm gross of additional development in Use Classes: A1, A2, A3 (retail), A4 (public house), A5 (take away); B1, B2, B8 (offices, industrial and storage and distribution); C1 (hotel), C2 (care home), D1 and D2 (community and leisure); car showroom; data centre; petrol filling station; car parking; primary substation; energy centre; and for the laying out of the buildings; routes and open spaces within the development; and all associated works and operations including but not limited to: demolition; earthworks; engineering operations. All development, works and operations to be in accordance with the Development Parameters Schedule and Plans.)","Phase 4, Parcel 1, Houghton Regis North1, Sundon Road, Houghton Regis, LU5 5GX",,,https://www.planit.org.uk/planapplic/CentralBedfordshire/CB/25/03380/DOC/,"5,150-home mixed-use outline CB/12/03613/OUT lists data centre as one permitted use; not a DC application",PlanIt,2026-10-09,2026-10-09,manual-review-2026-10-09,,
UK:CentralBedfordshire/CB/25/03382/DOC,UK,Central Bedfordshire,CB/25/03382/DOC,2025-10-22,2025-11-07,Conditions,Discharge of Condition Decision Released,,false,not data centre,,,,,,,,,,,,,,,,"Discharge of Condition 20 against planning permission ref. CB/12/03613/OUT (Outline planning permission with the details of access, appearance, landscaping, layout and scale reserved for later determination. Development to comprise: up to 5,150 dwellings (Use Class C3); up to 202,500 sqm gross of additional development in Use Classes: A1, A2, A3 (retail), A4 (public house), A5 (take away); B1, B2, B8 (offices, industrial and storage and distribution); C1 (hotel), C2 (care home), D1 and D2 (community and leisure); car showroom; data centre; petrol filling station; car parking; primary substation; energy centre; and for the laying out of the buildings; routes and open spaces within the development; and all associated works and operations including but not limited to: demolition; earthworks; engineering operations. All development, works and operations to be in accordance with the Development Parameters Schedule and Plans)","Phase 4, Parcel 6, Houghton Regis North 1, Sundon Road, Houghton Regis, LU5 5GX",,,https://www.planit.org.uk/planapplic/CentralBedfordshire/CB/25/03382/DOC/,"5,150-home mixed-use outline CB/12/03613/OUT lists data centre as one permitted use; not a DC application",PlanIt,2026-10-09,2026-10-09,manual-review-2026-10-09,,
UK:NorthTyneside/25/01382/ADJLPA,UK,North Tyneside,25/01382/ADJLPA,2025-10-21,2026-04-10,Unresolved,No decision recorded,consultation (neighbouring authority),true,ancillary to data centre,,,,,RENAISSANCE LAND LIMITED (individual PSC: Stephen Schwarzman),high,evidence chain: named as Owner in legal agreement; Companies House PSC chain,,,14433976,RENAISSANCE LAND LIMITED (14433976),ND115455; ND116185; ND210681,RENAISSANCE LAND LIMITED (14433976) [high],,,"Reserved matters application (for layout, scale and appearance) pursuant to outline planning permission 24/04112/OUTES, for an electricity substation on Phase 1b of the data centre campus",Land At Former Power Station Site On Northern Side Of Cambois Northumberland,,,https://www.planit.org.uk/planapplic/NorthTyneside/25/01382/ADJLPA/,Substation RM for Phase 1b,PlanIt,2026-10-09,2026-10-09,manual-review-2026-10-09,"Cambois data centre campus, Northumberland","[high] named as Owner in legal agreement: https://publicaccess.northumberland.gov.uk/online-applications/files/04DA9578A88BD9B2EEAD899048FF31B5/pdf/24_04112_OUTES-S106-2847648.pdf | ""e Council'); and 2. RENAISSANCE LAND LIMITED incorporated and registered in England and Wales with company number 14433976 whose registered of"" || [high] registered proprietor (HM Land Registry) RENAISSANCE LAND LIMITED (14433976): HM Land Registry CCOD/OCOD Oct 2026: title ND116185 (Freehold, 'Blyth Power Station, Cambois, Blyth') proprietor RENAISSANCE LAND LIMITED 14433976; title cited at https://publicaccess.northumberland.gov.uk/online-applications/files/04DA9578A88BD9B2EEAD899048FF31B5/pdf/24_04112_OUTES-S106-2847648.pdf | ""d are enforceable. B. The Owner is the registered freehold proprietor of the Site registered at the Land Registry under title numbers ND116185; ND210681; and ND115455. C. The Owner submitted the Application to the Council in respect of the Development of the Application Land which was"" || [low] portal applicant (name only): https://publicaccess.northumberland.gov.uk/online-applications/applicationDetails.do?keyVal=TKF3ESQSGWV00&activeTab=details | Applicant Name: ""Renaissance Land Limited"" || [low] portal applicant (name only): https://publicaccess.northumberland.gov.uk/online-applications/applicationDetails.do?keyVal=TJWMVVQSGMV00&activeTab=details | Applicant Name: ""Renaissance Land Limited"""
UK:CentralBedfordshire/CB/25/03320/RM,UK,Central Bedfordshire,CB/25/03320/RM,2025-10-17,2026-06-01,Permitted,Reserved Matters- Granted,,false,not data centre,,,,,,,,,,,,,,,,"Reserved Matters following Outline Application (CB/12/03613/OUT) for up to 5,150 dwellings (Use Class C3); up to 202,500 sqm gross of additional development in Use Classes: A1, A2, A3 (retail), A4 (public house), A5 (take away); B1, B2, B8 (offices, industrial and storage and distribution); C1 (hotel), C2 (care home), D1 and D2 (community and leisure); car showroom; data centre; petrol filling station; car parking; primary substation; energy centre. Approval of all reserved matters for 58 dwellings.","Phase 4 Parcel 1, Houghton Regis North 1, Sundon Road, Houghton Regis",,,https://www.planit.org.uk/planapplic/CentralBedfordshire/CB/25/03320/RM/,"5,150-home mixed-use outline CB/12/03613/OUT lists data centre as one permitted use; not a DC application",PlanIt,2026-10-09,2026-10-09,manual-review-2026-10-09,,
UK:CentralBedfordshire/CB/25/03329/DOC,UK,Central Bedfordshire,CB/25/03329/DOC,2025-10-17,2025-12-18,Conditions,Discharge of Condition Decision Released,,false,not data centre,,,,,,,,,,,,,,,,"Discharge of Condition 20 (Archaeology) against planning permission CB/12/03613/OUT (up to 5,150 dwellings (Use Class C3); up to 202,500 sqm gross of additional development in Use Classes: A1, A2, A3 (retail), A4 (public house), A5 (take away); B1, B2, B8 (offices, industrial and storage and distribution); C1 (hotel), C2 (care home), D1 and D2 (community and leisure); car showroom; data centre; petrol filling station; car parking; primary substation; energy centre; and for the laying out of the buildings; routes and open spaces within the development; and all associated works and operations including but not limited to: demolition; earthworks; engineering operations. All development, works and operations to be in accordance with the Development Parameters Schedule and Plans.","Parcels 7 & 8 Linmere, Houghton Regis North site 1",,,https://www.planit.org.uk/planapplic/CentralBedfordshire/CB/25/03329/DOC/,"5,150-home mixed-use outline CB/12/03613/OUT lists data centre as one permitted use; not a DC application",PlanIt,2026-10-09,2026-10-09,manual-review-2026-10-09,,
UK:CentralBedfordshire/CB/25/03311/RM,UK,Central Bedfordshire,CB/25/03311/RM,2025-10-16,2026-07-24,Permitted,Reserved Matters- Granted,,false,not data centre,,,,,,,,,,,,,,,,"Reserved Matter: following Outline Application CB/12/03613/OUT (Outline planning permission with the details of access, appearance, landscaping, layout and scale reserved for later determination. Development to comprise: up to 5,150 dwellings (Use Class C3); up to 202,500 sqm gross of additional development in Use Classes: A1, A2, A3 (retail), A4 (public house), A5 (take away); B1, B2, B8 (offices, industrial and storage and distribution); C1 (hotel), C2 (care home), D1 and D2 (community and leisure); car showroom; data centre; petrol filling station; car parking; primary substation; energy centre; and for the laying out of the buildings; routes and open spaces within the development; and all associated works and operations including but not limited to: demolition; earthworks; engineering operations. All development, works and operations to be in accordance with the Development Parameters Schedule and Plans.) Reserved matters for Access, Appearance, Landscaping, Layout and Scale on an 80 bedroom residential care home (C2 use) and 26 assisted living units (C2 use) with associated access and landscaping","Houghton Regis north site 1, Land on the Northern Edge of Houghton Regis",,,https://www.planit.org.uk/planapplic/CentralBedfordshire/CB/25/03311/RM/,"5,150-home mixed-use outline CB/12/03613/OUT lists data centre as one permitted use; not a DC application",PlanIt,2026-10-09,2026-10-09,manual-review-2026-10-09,,
UK:CentralBedfordshire/CB/25/03319/RM,UK,Central Bedfordshire,CB/25/03319/RM,2025-10-16,2026-06-05,Permitted,Reserved Matters- Granted,,false,not data centre,,,,,,,,,,,,,,,,"Reserved Matters: following Outline Application CB/12/03613/OUT (Outline planning permission with the details of access, appearance, landscaping, layout and scale reserved for later determination. Development to comprise: up to 5,150 dwellings (Use Class C3); up to 202,500 sqm gross of additional development in Use Classes: A1, A2, A3 (retail), A4 (public house), A5 (take away); B1, B2, B8 (offices, industrial and storage and distribution); C1 (hotel), C2 (care home), D1 and D2 (community and leisure); car showroom; data centre; petrol filling station; car parking; primary substation; energy centre; and for the laying out of the buildings; routes and open spaces within the development; and all associated works and operations including but not limited to: demolition; earthworks; engineering operations. All development, works and operations to be in accordance with the Development Parameters Schedule and Plans.) Approval of access, appearance, landscaping, layout and scale for 107 dwellings at Phase 4, Parcel 6.","Phase 4, Parcel 6, Houghton Regis North 1, Sundon Road, Houghton Regis, LU5 5GX",,,https://www.planit.org.uk/planapplic/CentralBedfordshire/CB/25/03319/RM/,"5,150-home mixed-use outline CB/12/03613/OUT lists data centre as one permitted use; not a DC application",PlanIt,2026-10-09,2026-10-09,manual-review-2026-10-09,,
UK:CentralBedfordshire/CB/25/03289/DOC,UK,Central Bedfordshire,CB/25/03289/DOC,2025-10-15,2026-08-20,Conditions,Discharge of Condition Decision Released,,false,not data centre,,,,,,,,,,,,,,,,"Discharge of Conditions 8, 24, 26, 29, 32, 33 & 35 against planning permission (CB/12/03613/OUT) (Outline planning permission with the details of access, appearance, landscaping, layout and scale reserved for later determination. Development to comprise: up to 5,150 dwellings (Use Class C3); up to 202,500 sqm gross of additional development in Use Classes: A1, A2, A3 (retail), A4 (public house), A5 (take away); B1, B2, B8 (offices, industrial and storage and distribution); C1 (hotel), C2 (care home), D1 and D2 (community and leisure); car showroom; data centre; petrol filling station; car parking; primary substation; energy centre; and for the laying out of the buildings; routes and open spaces within the development; and all associated works and operations including but not limited to: demolition; earthworks; engineering operations. All development, works and operations to be in accordance with the Development Parameters Schedule and Plans). Please see supporting Covering Letter for details","Phase 4, Parcel 6, Houghton Regis North 1, Sundon Road, Houghton Regis, LU5 5GX",,,https://www.planit.org.uk/planapplic/CentralBedfordshire/CB/25/03289/DOC/,"5,150-home mixed-use outline CB/12/03613/OUT lists data centre as one permitted use; not a DC application",PlanIt,2026-10-09,2026-10-09,manual-review-2026-10-09,,
UK:Bucks/PL/25/4351/FA,UK,Buckinghamshire,PL/25/4351/FA,2025-10-15,,Undecided,,full application,true,data centre (type not stated),,,,1,,,,,Lichfields,,,,,,,"Demolition of all existing units and structures on site and redevelopment of site to provide data centre development comprising data centre building, MV building, 1 sprinkler water tank and pump building, security hut, substation compound including 2 switchrooms and electrical infrastructure, generator yard with 27 back-up generators, 1 diesel tank and re-fuelling area, water tanks, bin store, perimeter security fencing, car and cycle parking and associated ancillary site infrastructure.",Ridgeway Distribution Centre The Ridgeway Iver Buckinghamshire,,,https://www.planit.org.uk/planapplic/Bucks/PL/25/4351/FA/,DC building with 27 backup generators,PlanIt,2026-10-09,2026-10-09,manual-review-2026-10-09,Bucks PL/25/4351/FA,
UK:CentralBedfordshire/CB/25/03288/DOC,UK,Central Bedfordshire,CB/25/03288/DOC,2025-10-15,2026-08-04,Conditions,Discharge of Condition Decision Released,,false,not data centre,,,,,,,,,,,,,,,,"Discharge of Conditions 8, 24, 26, 29, 32, 33 & 35 against planning permission CB/12/03613/OUT (Outline planning permission with the details of access, appearance, landscaping, layout and scale reserved for later determination. Development to comprise: up to 5,150 dwellings (Use Class C3); up to 202,500 sqm gross of additional development in Use Classes: A1, A2, A3 (retail), A4 (public house), A5 (take away); B1, B2, B8 (offices, industrial and storage and distribution); C1 (hotel), C2 (care home), D1 and D2 (community and leisure); car showroom; data centre; petrol filling station; car parking; primary substation; energy centre; and for the laying out of the buildings; routes and open spaces within the development; and all associated works and operations including but not limited to: demolition; earthworks; engineering operations. All development, works and operations to be in accordance with the Development Parameters Schedule and Plans.)","Phase 4, Parcel 1, Houghton Regis North 1, Sundon Road, Houghton Regis, LU5 5GX",,,https://www.planit.org.uk/planapplic/CentralBedfordshire/CB/25/03288/DOC/,"5,150-home mixed-use outline CB/12/03613/OUT lists data centre as one permitted use; not a DC application",PlanIt,2026-10-09,2026-10-09,manual-review-2026-10-09,,
UK:Anglesey/GWY/2025/1,UK,Anglesey,GWY/2025/1,2025-10-15,2026-01-08,Permitted,Barn wedi’i roi / Advice Given,consultation (neighbouring authority),true,data centre (type not stated),,,,,,,,,,,,,,,,"Cais amlinellol gyda holl faterion wedi eu cadw'n ol ar gyfer dymchwel adeiladau a strwythurau presennol, ailraddio'r tir a codi adeilad canolfan data (B8) ynghyd a chyfarpar cysylltiol i gynnwys generaduron, peirianwaith, cyfarpar, is-orsaf(oedd), mynedfeydd, parcio ac ardaloedd gwasanaethu, gwaith draenio a peirianyddol gan gynnwys cysylltu ac ail-leoli gwasanaethau / Outline application with all matters reserved for the demolition of existing buildings/structures, re-grading of land and erection of Class B8 data centre building(s) with all associated back-up generators, plant, equipment, sub-station(s), accesses, parking and servicing areas, drainage and engineering works, including services diversion/connection.","Tir yn a ger yr hen Safle Ferodo / Land At And Adjacent To The Former Ferodo Site, Griffiths Crossing, Caernarfon, LL55 1TP",,,https://www.planit.org.uk/planapplic/Anglesey/GWY/2025/1/,Anglesey record; advice given,PlanIt,2026-10-09,2026-10-09,manual-review-2026-10-09,Gwynedd DC outline (C25/0740/20/AM),
UK:WhiteHorse/P25/V2199/S73,UK,Vale of White Horse,P25/V2199/S73,2025-10-14,2026-02-11,Permitted,Planning Permission,amendment/variation,true,hyperscale/campus,,,197000,,Rwe Ag,high,evidence chain: registered proprietor (HM Land Registry); Companies House PSC chain,,,03892782,"RWE GENERATION UK PLC (03892782) > Rwe Ag (HRB14525, Germany)",BK65574; ON15785; ON157852; ON191378; ON297164; ON322203 (low),AMAZON DATA SERVICES UK LIMITED (09959151) [low]; NATIONAL GRID ELECTRICAL TRANSMISSION PLC (02366977) [high]; NATIONAL GRID ELECTRICITY TRANSMISSION PLC (02366977) [high]; RWE GENERATION UK PLC (03892782) [high],"The Law Debenture Pension Trust Corporation PLC (The ""Isp Trustee"") and Its Successors, Assignsand Transferees",,"Variation of conditions 1 (Approved Plans) and 7 (Implementation of Foul and Surface Water Drainage) on application P22/V1857/O and partial discharge of conditions 18 (Landscape Management Plan), 21 (Landscape and Ecology Management Plan), 22 (Biodiversity Construction Environment Management Plan) and 24 (Tree Protection) on application P22/V1857/O. (Hybrid application comprising: 1. Outline planning permission for the erection of up to 197,000m2 Use Class B8 data centre development with ancillary Use Class E office space, together with associated groundworks, utilities, infrastructure, engineering and enabling works. Matters relating to appearance, landscaping, drainage, layout and scale of the development areas reserved for subsequent approval; and 2. Full planning permission for the construction of new and improved site access, new access roads, hard & soft landscaping, creation of SUDS and all associated infrastructure and engineering works.)",Land at former Didcot A Power Station Didcot OX11 7HA,,,https://www.planit.org.uk/planapplic/WhiteHorse/P25/V2199/S73/,S73 variation granted,PlanIt,2026-10-09,2026-10-09,manual-review-2026-10-09,Vale P22/V1857/O (likely former Didcot A Power Station),"[high] registered proprietor (HM Land Registry): HM Land Registry CCOD/OCOD Oct 2026: title BK65574 (Freehold, 'land on the North and South side of Port Way, Sutton Coutenay') proprietor RWE GENERATION UK PLC 03892782; title cited at https://valeofwhitehorse.planning-register.co.uk/Document/GetFileBinary#155993/1395862.0000/200.0000 | ""ted. (C) The Owner is the freehold owner of the Owner’s S106 Land free from encumbrances (other than those contained in title numbers BK65574 and ON157852 and as contained in the Title Documents) as set out in the First Schedule. (D) The District Council has delegated authority"" || [high] registered proprietor (HM Land Registry): HM Land Registry CCOD/OCOD Oct 2026: title ON157852 (Freehold, 'Land at Didcot Power Station, Didcot') proprietor RWE GENERATION UK PLC 03892782; title cited at https://valeofwhitehorse.planning-register.co.uk/Document/GetFileBinary#155993/1395862.0000/200.0000 | ""ted. (C) The Owner is the freehold owner of the Owner’s S106 Land free from encumbrances (other than those contained in title numbers BK65574 and ON157852 and as contained in the Title Documents) as set out in the First Schedule. (D) The District Council has delegated authority"" || https://find-and-update.company-information.service.gov.uk/company/03892782 | RWE GENERATION UK PLC PSC: Rwe Ag (HRB14525 Germany) notified 2016-04-06 || https://find-and-update.company-information.service.gov.uk/company/03892782/charges/WbSro29nLGaC7XEVuENfRVJoVbA | charge 2005-10-28 (fully-satisfied) to Calyon, London Branch || https://find-and-update.company-information.service.gov.uk/company/03892782/charges/kWBZ7hFU78ir2IQ_g7u1_j-tjhA | charge 2003-08-28 (outstanding) to The Law Debenture Pension Trust Corporation PLC (The ""Isp Trustee"") and Its Successors, Assignsand Transferees || [high] registered proprietor (HM Land Registry) NATIONAL GRID ELECTRICAL TRANSMISSION PLC (02366977): HM Land Registry CCOD/OCOD Oct 2026: title ON191378 (Leasehold, 'land and buildings at Didcot Power Station, Didcot') proprietor NATIONAL GRID ELECTRICAL TRANSMISSION PLC 02366977; title cited at https://valeofwhitehorse.planning-register.co.uk/Document/GetFileBinary#155993/1630385.0000/221.0000 | ""on dated 9 January 2024 and by a Deed of Variation dated [ ] 2025), which lease is registered at the Land Registry with title number ON191378 (the “1990 Lease”); and (b) Secondly, a lease relating to land at Didcot Power Station, Didcot, Oxfordshire dated 14 Apr"" || [high] registered proprietor (HM Land Registry) NATIONAL GRID ELECTRICITY TRANSMISSION PLC (02366977): HM Land Registry CCOD/OCOD Oct 2026: title ON297164 (Leasehold, 'Land at Didcot Power Station, Didcot') proprietor NATIONAL GRID ELECTRICITY TRANSMISSION PLC 02366977; title cited at https://valeofwhitehorse.planning-register.co.uk/Document/GetFileBinary#155993/1630385.0000/221.0000 | ""nal Grid Electricity Transmission Plc (2) (as subsequently varied), which lease is registered at the Land Registry with title ON297164 (the “2011 Lease”); and (c) Thirdly, a Lease by Reference relating to land at Didcot Power Station, Didcot, Oxfordshire"" || [low] registered proprietor (HM Land Registry) AMAZON DATA SERVICES UK LIMITED (09959151): HM Land Registry CCOD/OCOD Oct 2026 address match: title ON322203 ('Gatehouse, Didcot Power Station, Purchas Road, Didcot') proprietor AMAZON DATA SERVICES UK LIMITED 09959151 || [low] portal applicant (name only): https://valeofwhitehorse.planning-register.co.uk/Planning/Display?applicationNumber=P22%2FV1857%2FO | Applicant Name: ""RWE Generation UK plc"""
UK:WhiteHorse/P25/V2197/RM,UK,Vale of White Horse,P25/V2197/RM,2025-10-14,2026-02-17,Permitted,Reserved Matters - Approval,approved,true,hyperscale/campus,,,197000,4,Rwe Ag,high,evidence chain: registered proprietor (HM Land Registry); Companies House PSC chain,,,03892782,"RWE GENERATION UK PLC (03892782) > Rwe Ag (HRB14525, Germany)",BK65574; ON15785; ON157852; ON191378; ON297164; ON322203 (low),AMAZON DATA SERVICES UK LIMITED (09959151) [low]; NATIONAL GRID ELECTRICAL TRANSMISSION PLC (02366977) [high]; NATIONAL GRID ELECTRICITY TRANSMISSION PLC (02366977) [high]; RWE GENERATION UK PLC (03892782) [high],"The Law Debenture Pension Trust Corporation PLC (The ""Isp Trustee"") and Its Successors, Assignsand Transferees",,"Reserved Matters application for the approval of details relating to appearance, landscaping, layout and scale for a data centre campus, to include 4 no. data centre buildings, gate house and other ancillary buildings and plant, associated site access roads, boundary security fencing, CCTV and landscaping pursuant to outline planning permission P25/V2199/S73Â (Variation of conditions 1 (Approved Plans) and 7 (Implementation of Foul and Surface Water Drainage) on application P22/V1857/O and partial discharge of conditions 18 (Landscape Management Plan), 21 (Landscape and Ecology Management Plan), 22 (Biodiversity Construction Environment Management Plan) and 24 (Tree Protection) on application P22/V1857/O and discharge of outline conditions 5, 16, 18, 21 and 26 in relation to RMA2 phase only.",Land at former Didcot A Power Station Didcot OX11 7HA,,,https://www.planit.org.uk/planapplic/WhiteHorse/P25/V2197/RM/,Reserved matters. Reserved matters (RMA2) for 4 DC buildings approved,PlanIt,2026-10-09,2026-10-09,manual-review-2026-10-09,Vale P22/V1857/O (likely former Didcot A Power Station),"[high] registered proprietor (HM Land Registry): HM Land Registry CCOD/OCOD Oct 2026: title BK65574 (Freehold, 'land on the North and South side of Port Way, Sutton Coutenay') proprietor RWE GENERATION UK PLC 03892782; title cited at https://valeofwhitehorse.planning-register.co.uk/Document/GetFileBinary#155993/1395862.0000/200.0000 | ""ted. (C) The Owner is the freehold owner of the Owner’s S106 Land free from encumbrances (other than those contained in title numbers BK65574 and ON157852 and as contained in the Title Documents) as set out in the First Schedule. (D) The District Council has delegated authority"" || [high] registered proprietor (HM Land Registry): HM Land Registry CCOD/OCOD Oct 2026: title ON157852 (Freehold, 'Land at Didcot Power Station, Didcot') proprietor RWE GENERATION UK PLC 03892782; title cited at https://valeofwhitehorse.planning-register.co.uk/Document/GetFileBinary#155993/1395862.0000/200.0000 | ""ted. (C) The Owner is the freehold owner of the Owner’s S106 Land free from encumbrances (other than those contained in title numbers BK65574 and ON157852 and as contained in the Title Documents) as set out in the First Schedule. (D) The District Council has delegated authority"" || https://find-and-update.company-information.service.gov.uk/company/03892782 | RWE GENERATION UK PLC PSC: Rwe Ag (HRB14525 Germany) notified 2016-04-06 || https://find-and-update.company-information.service.gov.uk/company/03892782/charges/WbSro29nLGaC7XEVuENfRVJoVbA | charge 2005-10-28 (fully-satisfied) to Calyon, London Branch || https://find-and-update.company-information.service.gov.uk/company/03892782/charges/kWBZ7hFU78ir2IQ_g7u1_j-tjhA | charge 2003-08-28 (outstanding) to The Law Debenture Pension Trust Corporation PLC (The ""Isp Trustee"") and Its Successors, Assignsand Transferees || [high] registered proprietor (HM Land Registry) NATIONAL GRID ELECTRICAL TRANSMISSION PLC (02366977): HM Land Registry CCOD/OCOD Oct 2026: title ON191378 (Leasehold, 'land and buildings at Didcot Power Station, Didcot') proprietor NATIONAL GRID ELECTRICAL TRANSMISSION PLC 02366977; title cited at https://valeofwhitehorse.planning-register.co.uk/Document/GetFileBinary#155993/1630385.0000/221.0000 | ""on dated 9 January 2024 and by a Deed of Variation dated [ ] 2025), which lease is registered at the Land Registry with title number ON191378 (the “1990 Lease”); and (b) Secondly, a lease relating to land at Didcot Power Station, Didcot, Oxfordshire dated 14 Apr"" || [high] registered proprietor (HM Land Registry) NATIONAL GRID ELECTRICITY TRANSMISSION PLC (02366977): HM Land Registry CCOD/OCOD Oct 2026: title ON297164 (Leasehold, 'Land at Didcot Power Station, Didcot') proprietor NATIONAL GRID ELECTRICITY TRANSMISSION PLC 02366977; title cited at https://valeofwhitehorse.planning-register.co.uk/Document/GetFileBinary#155993/1630385.0000/221.0000 | ""nal Grid Electricity Transmission Plc (2) (as subsequently varied), which lease is registered at the Land Registry with title ON297164 (the “2011 Lease”); and (c) Thirdly, a Lease by Reference relating to land at Didcot Power Station, Didcot, Oxfordshire"" || [low] registered proprietor (HM Land Registry) AMAZON DATA SERVICES UK LIMITED (09959151): HM Land Registry CCOD/OCOD Oct 2026 address match: title ON322203 ('Gatehouse, Didcot Power Station, Purchas Road, Didcot') proprietor AMAZON DATA SERVICES UK LIMITED 09959151 || [low] portal applicant (name only): https://valeofwhitehorse.planning-register.co.uk/Planning/Display?applicationNumber=P22%2FV1857%2FO | Applicant Name: ""RWE Generation UK plc"""
UK:Windsor/25/02701/CONDIT,UK,Windsor,25/02701/CONDIT,2025-10-13,2026-05-05,Conditions,Approve Discharge of Condition,,false,not data centre,,,,,,,,,,,,,,,,"Details required by Condition 2 (Replacement Oak Tree) of 25/01184/NMA, relating to original planning permission 16/03115/OUT; a hybrid planning application comprising: 1) Application for full planning permission for the development of a new Elective Care Hospital and associated Admin Hub with associated parking, vehicle access, highway works, plant and landscaping 2) Application for full planning permission for the change of use of existing building to provide GP Practice, Office, Data Centre and Staff Restaurant in association with the Elective Care Hospital 3) Application for outline planning permission (access and layout determined with all other matters reserved for future consideration) for demolition of existing hospital and redevelopment of up to 250 dwellings with associated vehicle access and highway works 4) Application for full planning permission for the change of use of existing woodland to Suitable Alternative Natural Greenspace (SANG) in association with the outline residential planning permission.",Heatherwood Hospital London Road Ascot SL5 8AA,,,https://www.planit.org.uk/planapplic/Windsor/25/02701/CONDIT/,Hospital scheme; DC is part of a GP/office conversion,PlanIt,2026-10-09,2026-10-09,manual-review-2026-10-09,,
UK:CentralBedfordshire/CB/25/03234/RM,UK,Central Bedfordshire,CB/25/03234/RM,2025-10-10,2026-03-24,Permitted,Reserved Matters- Granted,,false,not data centre,,,,,,,,,,,,,,,,"Reserved Matters: following Outline Application CB/12/03613/OUT (Outline planning permission with the details of access, appearance, landscaping, layout and scale reserved for later determination. Development to comprise: up to 5,150 dwellings (Use Class C3); up to 202,500 sqm gross of additional development in Use Classes: A1, A2, A3 (retail), A4 (public house), A5 (take away); B1, B2, B8 (offices, industrial and storage and distribution); C1 (hotel), C2 (care home), D1 and D2 (community and leisure); car showroom; data centre; petrol filling station; car parking; primary substation; energy centre; and for the laying out of the buildings; routes and open spaces within the development; and all associated works and operations including but not limited to: demolition; earthworks; engineering operations. All development, works and operations to be in accordance with the Development Parameters Schedule and Plans.) Approval of access, appearance, landscaping, layout, scale for 236 dwellings and associated works","Parcels 7 & 8 in Area 4 at Linmere, Houghton Regis North, Dunstable",,,https://www.planit.org.uk/planapplic/CentralBedfordshire/CB/25/03234/RM/,"5,150-home mixed-use outline CB/12/03613/OUT lists data centre as one permitted use; not a DC application",PlanIt,2026-10-09,2026-10-09,manual-review-2026-10-09,,
UK:Broxbourne/07/25/0849/DRC,UK,Broxbourne,07/25/0849/DRC,2025-10-10,2026-01-14,Conditions,DISCHARGE OF CONDITIONS,conditions discharge,true,hyperscale/campus,,,62000,,,,,,,,,,,,,"Approval of details reserved by condition no. 26 (Drainage calculations and drainage layout) of planning permission ref. 07/18/1181/O (as amended by 07/21/0447/F - Outline application for construction of a high-tech employment development comprising: 1) A data centre facility (up to 62,000 sq.m) and associated ancillary plant storage and office space 2) Business space (up to 22,800 sq.m) reserved for B1/B2/B8 use 3) Open space, landscaping and flood mitigation 4) Associated vehicular access from the A10 (Great Cambridge Road) and Lieutenant Ellis Way 5) Electricity sub-station).",Land at Maxwells Farm West Great Cambridge Road Cheshunt Hertfordshire,,,https://www.planit.org.uk/planapplic/Broxbourne/07/25/0849/DRC/,"Outline for DC up to 62,000 sq m + 22,800 sq m business space",PlanIt,2026-10-09,2026-10-09,manual-review-2026-10-09,Broxbourne 07/18/1181/O,
UK:CentralBedfordshire/CB/25/03220/DOC,UK,Central Bedfordshire,CB/25/03220/DOC,2025-10-09,2025-11-19,Conditions,Discharge of Condition Decision Released,,false,not data centre,,,,,,,,,,,,,,,,"Discharge of Condition 17 against planning permission ref. CB/24/01505/RM: Reserved Matters: following Outline Application CB/12/03613/OUT(Outline planning permission with the details of access, appearance, landscaping, layout and scale reserved for later determination. Development to comprise: up to 5,150 dwellings (Use Class C3); up to 202,500 sqm gross of additional development in Use Classes: A1, A2, A3 (retail), A4 (public house), A5 (take away); B1, B2, B8 (offices, industrial and storage and distribution); C1 (hotel), C2 (care home), D1 and D2 (community and leisure); car showroom; data centre; petrol filling station; car parking; primary substation; energy centre; and for the laying out of the buildings; routes and open spaces within the development; and all associated works and operations including but not limited to: demolition; earthworks; engineering operations. All development, works and operations to be in accordance with the Development Parameters Schedule and Plans.). Reserved matters for access, appearance, landscaping, layout and scale for 189 dwellings at Parcel 5 pursuant to outline permission CB/12/03613/OUT and details to satisfy conditions; 8 (Surface Water Drainage), 25 (Construction Management Plan), 26 (Landscape Management Plan), 29 (Foul Drainage), 32 (Noise) and 33 (Noise)'.","Land To The North And East Of Houghton Regis, Sundon Road, Houghton Regis (Linmere parcel 5)",,,https://www.planit.org.uk/planapplic/CentralBedfordshire/CB/25/03220/DOC/,"5,150-home mixed-use outline CB/12/03613/OUT lists data centre as one permitted use; not a DC application",PlanIt,2026-10-09,2026-10-09,manual-review-2026-10-09,,
UK:Gwynedd/C25/0740/20/AM,UK,Gwynedd,C25/0740/20/AM,2025-10-09,,,View,outline application,true,data centre (type not stated),,,,,,,,,,,,,,,,"Cais amlinellol gyda holl faterion wedi eu cadw'n ol ar gyfer dymchwel adeiladau a strwythurau presennol, ailraddio'r tir a codi adeilad canolfan data (B8) ynghyd a chyfarpar cysylltiol i gynnwys generaduron, peirianwaith, cyfarpar, is-orsaf(oedd), mynedfeydd, parcio ac ardaloedd gwasanaethu, gwaith draenio a peirianyddol gan gynnwys cysylltu ac ail-leoli gwasanaethau Outline application will all matters reserved for the demolition of existing buildings/structures, re-grading of land and erection of Class B8 data centre building(s) with all associated back-up generators, plant, equipment, sub-station(s), accesses, parking and servicing areas, drainage and engineering works, including services diversion/connection.","Land At And Adjacent To The Former Ferodo Site, Griffiths Crossing, Caernarfon, LL55 1TP",,,https://www.planit.org.uk/planapplic/Gwynedd/C25/0740/20/AM/,"Outline, all matters reserved",PlanIt,2026-10-09,2026-10-09,manual-review-2026-10-09,Gwynedd DC outline (C25/0740/20/AM),
UK:CentralBedfordshire/CB/25/03219/DOC,UK,Central Bedfordshire,CB/25/03219/DOC,2025-10-09,2025-11-19,Conditions,Discharge of Condition Decision Released,,false,not data centre,,,,,,,,,,,,,,,,"Discharge of Condition 12 against planning permission ref. CB/24/01505/RM: following Outline Application CB/12/03613/OUT(Outline planning permission with the details of access, appearance, landscaping, layout and scale reserved for later determination. Development to comprise: up to 5,150 dwellings (Use Class C3); up to 202,500 sqm gross of additional development in Use Classes: A1, A2, A3 (retail), A4 (public house), A5 (take away); B1, B2, B8 (offices, industrial and storage and distribution); C1 (hotel), C2 (care home), D1 and D2 (community and leisure); car showroom; data centre; petrol filling station; car parking; primary substation; energy centre; and for the laying out of the buildings; routes and open spaces within the development; and all associated works and operations including but not limited to: demolition; earthworks; engineering operations. All development, works and operations to be in accordance with the Development Parameters Schedule and Plans.). Reserved matters for access, appearance, landscaping, layout and scale for 189 dwellings at Parcel 5 pursuant to outline permission CB/12/03613/OUT and details to satisfy conditions; 8 (Surface Water Drainage), 25 (Construction Management Plan), 26 (Landscape Management Plan), 29 (Foul Drainage), 32 (Noise) and 33 (Noise)'.","Land To The North And East Of Houghton Regis, Sundon Road, Houghton Regis (Linmere Parcel 5)",,,https://www.planit.org.uk/planapplic/CentralBedfordshire/CB/25/03219/DOC/,"5,150-home mixed-use outline CB/12/03613/OUT lists data centre as one permitted use; not a DC application",PlanIt,2026-10-09,2026-10-09,manual-review-2026-10-09,,
UK:OldOakParkRoyal/25/0179/REMOPDC,UK,Old Oak Park Royal,25/0179/REMOPDC,2025-10-09,2026-04-10,Rejected,Refuse,refused,true,data centre (type not stated),,,35000,,Iron Mountain Incorporated,low (address match; check title plan),evidence chain: registered proprietor (HM Land Registry); Companies House PSC chain,,,01478540,"IRON MOUNTAIN (UK) PLC (01478540) > IRON MOUNTAIN EUROPE (GROUP) LIMITED (05882719) > Iron Mountain Incorporated (05559325, United States)",AGL301292 (low); NGL423182 (low),ARK EUROPE LIMITED (05314128) [low]; IRON MOUNTAIN (UK) PLC (01478540) [low],Barclays Bank PLC; Barclays Bank PLC as Security Agent; Barclays Bank PLC as Security Agent (As Trustee for Each of the Secured Parties); Barclays Bank PLC as Security Agent (As Trustee for the Secured Parties); Prime Point One Limited; The Standard Life Assurance Company; Transport for London,,"Reserved Matters application with full details of appearance, layout, scale, the means of access and the landscaping of the development pursuant to outline planning permission 21/0182/OUTOPDC dated 13 October 2022 for 'Outline planning application (all matters reserved) for demolition and redevelopment to provide a data centre (Use Class B8) of up to 35,000sqm including ancillary offices, internal plant and equipment (including flues), and substation. In addition, up to 1,000sqm of work units and café/coffee shop (Use Class E(a/b), E(g)(ii) & E(g)(iii), B2); car parking; provision of external plant and equipment (including flues); creation of servicing areas and provision of associated services, including waste, refuse, cycle storage, and lighting; and for the laying out of the buildings, routes and open spaces within the development; and all associated works and operations including but not limited to: demolition; earthworks; provision of attenuation infrastructure, engineering operations'.","Frogmore Industrial Estate, Acton Lane, LONDON, NW10 7NQ",,,https://www.planit.org.uk/planapplic/OldOakParkRoyal/25/0179/REMOPDC/,Reserved matters. Reserved matters refused by OPDC,PlanIt,2026-10-09,2026-10-09,manual-review-2026-10-09,"Frogmore Industrial Estate, NW10 (OPDC 21/0182/OUTOPDC)","[low] registered proprietor (HM Land Registry): HM Land Registry CCOD/OCOD Oct 2026 address match: title AGL301292 ('Unit 7, Central Park, Acton Lane, London (NW10 7NS)') proprietor IRON MOUNTAIN (UK) PLC 01478540 || https://find-and-update.company-information.service.gov.uk/company/01478540 | IRON MOUNTAIN (UK) PLC PSC: Iron Mountain Europe (Group) Limited (05882719 United Kingdom) notified 2017-10-04 || https://find-and-update.company-information.service.gov.uk/company/05882719 | IRON MOUNTAIN EUROPE (GROUP) LIMITED PSC: Iron Mountain Incorporated (05559325 United States) notified 2016-11-18 || https://find-and-update.company-information.service.gov.uk/company/01478540/charges/hNqFwph0zFUadJmQGLC89K28rWc | charge 2025-08-05 (outstanding) to Barclays Bank PLC as Security Agent; titles ABN67451, EH54, WLN26523 || https://find-and-update.company-information.service.gov.uk/company/01478540/charges/TZvV3PvxpAFCrRPWK_WWKqF7ov0 | charge 2025-07-11 (outstanding) to Barclays Bank PLC || https://find-and-update.company-information.service.gov.uk/company/01478540/charges/-O_zPqBz-XCzCnIN7Jc6HPlF4DQ | charge 2025-07-11 (outstanding) to Barclays Bank PLC; titles BH23, HP467576, WM584264 || https://find-and-update.company-information.service.gov.uk/company/01478540/charges/cDzrn3gsap3UL9vwNa-_YgIT2go | charge 2024-09-10 (outstanding) to Barclays Bank PLC as Security Agent (As Trustee for Each of the Secured Parties); titles ABN67451, EH54, WLN26523 || https://find-and-update.company-information.service.gov.uk/company/01478540/charges/MHDUxy1fJ94A44bppSDPijjz7-k | charge 2023-09-19 (outstanding) to Barclays Bank PLC as Security Agent (As Trustee for Each of the Secured Parties); titles ABN67451, EH54, WLN26523 || [low] registered proprietor (HM Land Registry) ARK EUROPE LIMITED (05314128): HM Land Registry CCOD/OCOD Oct 2026 address match: title NGL423182 ('184 Acton Lane, London (NW10 7NH)') proprietor ARK EUROPE LIMITED 05314128"
UK:Gwynedd/C25/0754/20/SC,UK,Gwynedd,C25/0754/20/SC,2025-10-09,,,EIA Required,EIA screening/scoping,true,data centre (type not stated),,,,,,,,,,,,,,,,"Dymchwel adeiladau a strwythurau presennol, ailraddio'r tir a codi adeilad canolfan data (B8) ynghyd a chyfarpar cysylltiol i gynnwys generaduron, peirianwaith, cyfarpar, is-orsaf(oedd), mynedfeydd, parcio ac ardaloedd gwasanaethu, gwaith draenio a peirianyddol gan gynnwys cysylltu ac ail-leoli gwasanaethau Demolition of existing buildings/structures, re-grading of land and erection of Class B8 data centre building(s) with all associated back-up generators, plant, equipment, sub-station(s), accesses, parking and servicing areas, drainage and engineering works, including services diversion/connection.","Land At And Adjacent To The Former Ferodo Site, Griffiths Crossing, Caernarfon, LL55 1TP",,,https://www.planit.org.uk/planapplic/Gwynedd/C25/0754/20/SC/,EIA required,PlanIt,2026-10-09,2026-10-09,manual-review-2026-10-09,Gwynedd DC outline (C25/0740/20/AM),
UK:Stoke/25/FUL/00668,UK,Stoke on Trent,25/FUL/00668,2025-10-09,,,,full application,true,AI/GPU,,,,,,,,,,,,,,,,"Conversion of ground floor of Building 4A to remote computing AI data centre and multi-use events space for exhibitions, performances, cultural and community functions for up 3 years. Conversion of the ground floor of Building 4B to two office units and the Upper Floors to nine aparthotel suites (Use Class C1) linked to the adjacent Potbank Aparthotel. Works to include the roof extended upwards for thermal upgrades, external alterations, a roof terrace, installation of solar panels, renewable heating integration (including waste heat recovery), and sustainable drainage measures","Building 4a And 4b, Spode Works, Elenora Street, Stoke-on-trent, ST4 1QD",,,https://www.planit.org.uk/planapplic/Stoke/25/FUL/00668/,Ground floor converted to AI computing DC for up to 3 years; waste-heat recovery,PlanIt,2026-10-09,2026-10-09,manual-review-2026-10-09,Stoke 25/FUL/00668,
UK:OldOakParkRoyal/25/0177/AODOPDC,UK,Old Oak Park Royal,25/0177/AODOPDC,2025-10-09,2025-12-02,Permitted,Approve,conditions discharge,true,data centre (type not stated),,,35000,,Iron Mountain Incorporated,low (address match; check title plan),evidence chain: registered proprietor (HM Land Registry); Companies House PSC chain,,,01478540,"IRON MOUNTAIN (UK) PLC (01478540) > IRON MOUNTAIN EUROPE (GROUP) LIMITED (05882719) > Iron Mountain Incorporated (05559325, United States)",AGL301292 (low); NGL423182 (low),ARK EUROPE LIMITED (05314128) [low]; IRON MOUNTAIN (UK) PLC (01478540) [low],Barclays Bank PLC; Barclays Bank PLC as Security Agent; Barclays Bank PLC as Security Agent (As Trustee for Each of the Secured Parties); Barclays Bank PLC as Security Agent (As Trustee for the Secured Parties); Prime Point One Limited; The Standard Life Assurance Company; Transport for London,,"Details of condition 2 (Phasing) pursuant to planning permission 21/0182/OUTOPDC dated 13/10/2022 for outline planning application (all matters reserved) for demolition and redevelopment to provide a data centre (Use Class B8) of up to 35,000sqm including ancillary offices, internal plant and equipment (including flues), and substation. In addition, up to 1,000sqm of work units and cafe/coffee shop (Use Class E(a/b), E(g)(ii) & E(g)(iii), B2); car parking; provision of external plant and equipment (including flues); creation of servicing areas and provision of associated services, including waste, refuse, cycle storage, and lighting; and for the laying out of the buildings, routes and open spaces within the development; and all associated works and operations including but not limited to: demolition; earthworks; provision of attenuation infrastructure, engineering operations","Frogmore Industrial Estate, Acton Lane, LONDON, NW10 7NQ",,,https://www.planit.org.uk/planapplic/OldOakParkRoyal/25/0177/AODOPDC/,Phasing condition approved,PlanIt,2026-10-09,2026-10-09,manual-review-2026-10-09,"Frogmore Industrial Estate, NW10 (OPDC 21/0182/OUTOPDC)","[low] registered proprietor (HM Land Registry): HM Land Registry CCOD/OCOD Oct 2026 address match: title AGL301292 ('Unit 7, Central Park, Acton Lane, London (NW10 7NS)') proprietor IRON MOUNTAIN (UK) PLC 01478540 || https://find-and-update.company-information.service.gov.uk/company/01478540 | IRON MOUNTAIN (UK) PLC PSC: Iron Mountain Europe (Group) Limited (05882719 United Kingdom) notified 2017-10-04 || https://find-and-update.company-information.service.gov.uk/company/05882719 | IRON MOUNTAIN EUROPE (GROUP) LIMITED PSC: Iron Mountain Incorporated (05559325 United States) notified 2016-11-18 || https://find-and-update.company-information.service.gov.uk/company/01478540/charges/hNqFwph0zFUadJmQGLC89K28rWc | charge 2025-08-05 (outstanding) to Barclays Bank PLC as Security Agent; titles ABN67451, EH54, WLN26523 || https://find-and-update.company-information.service.gov.uk/company/01478540/charges/TZvV3PvxpAFCrRPWK_WWKqF7ov0 | charge 2025-07-11 (outstanding) to Barclays Bank PLC || https://find-and-update.company-information.service.gov.uk/company/01478540/charges/-O_zPqBz-XCzCnIN7Jc6HPlF4DQ | charge 2025-07-11 (outstanding) to Barclays Bank PLC; titles BH23, HP467576, WM584264 || https://find-and-update.company-information.service.gov.uk/company/01478540/charges/cDzrn3gsap3UL9vwNa-_YgIT2go | charge 2024-09-10 (outstanding) to Barclays Bank PLC as Security Agent (As Trustee for Each of the Secured Parties); titles ABN67451, EH54, WLN26523 || https://find-and-update.company-information.service.gov.uk/company/01478540/charges/MHDUxy1fJ94A44bppSDPijjz7-k | charge 2023-09-19 (outstanding) to Barclays Bank PLC as Security Agent (As Trustee for Each of the Secured Parties); titles ABN67451, EH54, WLN26523 || [low] registered proprietor (HM Land Registry) ARK EUROPE LIMITED (05314128): HM Land Registry CCOD/OCOD Oct 2026 address match: title NGL423182 ('184 Acton Lane, London (NW10 7NH)') proprietor ARK EUROPE LIMITED 05314128"
UK:CentralBedfordshire/CB/25/03202/DOC,UK,Central Bedfordshire,CB/25/03202/DOC,2025-10-08,2026-02-03,Conditions,Discharge of Condition Decision Released,,false,not data centre,,,,,,,,,,,,,,,,"Discharge of Condition 9 against planning permission ref. CB/24/01505/RM Reserved Matters: following Outline Application CB/12/03613/OUT(Outline planning permission with the details of access, appearance, landscaping, layout and scale reserved for later determination. Development to comprise: up to 5,150 dwellings (Use Class C3); up to 202,500 sqm gross of additional development in Use Classes: A1, A2, A3 (retail), A4 (public house), A5 (take away); B1, B2, B8 (offices, industrial and storage and distribution); C1 (hotel), C2 (care home), D1 and D2 (community and leisure); car showroom; data centre; petrol filling station; car parking; primary substation; energy centre; and for the laying out of the buildings; routes and open spaces within the development; and all associated works and operations including but not limited to: demolition; earthworks; engineering operations. All development, works and operations to be in accordance with the Development Parameters Schedule and Plans.). Reserved matters for access, appearance, landscaping, layout and scale for 189 dwellings at Parcel 5 pursuant to outline permission CB/12/03613/OUT and details to satisfy conditions; 8 (Surface Water Drainage), 25 (Construction Management Plan), 26 (Landscape Management Plan), 29 (Foul Drainage), 32 (Noise) and 33 (Noise)'.","Land To The North And East Of Houghton Regis, Sundon Road, Houghton Regis (Linmere Parcel 5)",,,https://www.planit.org.uk/planapplic/CentralBedfordshire/CB/25/03202/DOC/,"5,150-home mixed-use outline CB/12/03613/OUT lists data centre as one permitted use; not a DC application",PlanIt,2026-10-09,2026-10-09,manual-review-2026-10-09,,
UK:Spelthorne/25/01226/FUL,UK,Spelthorne,25/01226/FUL,2025-10-07,,Undecided,,full application,true,ancillary to data centre,,,,,,,,,Quod Ltd,,,,,,,"Installation of underground and ground mounted structures to support electrical connection and communication cables with temporary construction compounds, and associated infrastructure and works in association with proposed Data Centre and Battery Energy Storage System at Manor Farm, Poyle Rd, Colnbrook, Slough SL3 0BL","Highway Land Along Poyle Road, Horton Road, Stanwell Moor Road, Stanwell New Road, London Road, Staines By-Pass, Kingston Road And Other Land Between National Grid Laleham Substation, Kingston Road, Ashford And Manor Farm, Poyle Rd, Slough.",,,https://www.planit.org.uk/planapplic/Spelthorne/25/01226/FUL/,Grid/comms cables for DC and BESS,PlanIt,2026-10-09,2026-10-09,manual-review-2026-10-09,"Manor Farm, Poyle Road, Slough",
UK:OldOakParkRoyal/25/0173/AODOPDC,UK,Old Oak Park Royal,25/0173/AODOPDC,2025-10-07,2026-02-27,Permitted,Approve,conditions discharge,true,data centre (type not stated),,,52000,,,,,,,,,,,,,"Partial discharge of condition 36 (PV Panels) for Phase 2 of planning permission 21/0013/OUTOPDC dated 07/09/2021 for outline planning permission with the details of access, appearance, landscaping, layout and scale reserved for later determination for demolition and redevelopment to comprise a data centre (Use Class B8) of up to 52,000 sqm gross external, including ancillary offices, internal plant and equipment (including flues), and substation. In addition to the above the Development may include up to 2,500 sqm of work units (Use Class E(g)(ii) & E(g)(iii), B2); car parking; provision of external plant and equipment (including flues); creation of servicing areas and provision of associated services, including waste, refuse, cycle storage, and lighting; and for the laying out of the buildings; routes and open spaces within the development; and all associated works and operations including but not limited to: demolition; earthworks; provision of attenuation infrastructure, engineering operations. Development shall be in accordance with the approved Development Parameters Schedule and Plans","Chandos Road Trading Estate, Chandos Road, Park Royal, NW10 6NF",,,https://www.planit.org.uk/planapplic/OldOakParkRoyal/25/0173/AODOPDC/,,PlanIt,2026-10-09,2026-10-09,manual-review-2026-10-09,"OPDC 21/0013/OUTOPDC (up to 52,000 sqm GEA)",
UK:EastLothian/25/00008/SCR,UK,East Lothian,25/00008/SCR,2025-10-07,2025-10-28,Permitted,EIA required,EIA screening/scoping,true,data centre (type not stated),,,,,,,,,,,,,,,,Green energy data centre and community renewable heat hub,Land South Of The A1 At West Barns Mains Dunbar East Lothian,,,https://www.planit.org.uk/planapplic/EastLothian/25/00008/SCR/,EIA required,PlanIt,2026-10-09,2026-10-09,manual-review-2026-10-09,East Lothian green energy DC + heat hub,
UK:Slough/P/19953/003,UK,Slough,P/19953/003,2025-10-06,,Undecided,,full application,true,data centre (type not stated),,,,2,,,,,,,,,,,,"Construction of a 2no. data centre buildings (Class B8) with ancillary offices, associated plant, equipment and emergency backup generators, ancillary buildings and substation. The development also comprises internal circulation areas, car and cycle parking, hard and soft landscaping and other associated works and ancillary site infrastructure following demolition of existing building and structures on site, and all other associated site clearance works.","Land at Thorney Business Park, Thorney Lane, Iver, SL0 9HF",,,https://www.planit.org.uk/planapplic/Slough/P/19953/003/,Slough half (P/19953/003),PlanIt,2026-10-09,2026-10-09,manual-review-2026-10-09,"Thorney Business Park, Iver (PL/25/4316/FA)",
UK:Rushmoor/25/00537/OUTPP,UK,Rushmoor,25/00537/OUTPP,2025-10-06,,Undecided,,outline application,possible,data centre (type not stated),,,,,,,,,,,,,,,,Outline planning application for phased development involving demolition of existing buildings and the erection of new flexible use employment floorspace (Use Classes E(g)(i)-(iii)/B2/B8 (including data centres) and associated works. All matters reserved except access,Land At Cody Technology Park And Ball Hill Ively Road Farnborough Hampshire,,,https://www.planit.org.uk/planapplic/Rushmoor/25/00537/OUTPP/,Flexible employment incl. data centres; DC not certain,PlanIt,2026-10-09,2026-10-09,manual-review-2026-10-09,"Cody Technology Park, Rushmoor (25/00537/OUTPP)",
UK:Ealing/253874FUL,UK,Ealing,253874FUL,2025-10-03,2026-09-02,Permitted,Draft Decision Waiting Legal Agreement,approved subject to legal agreement,true,hyperscale/campus,,,,,CyrusOne,high (named in EIA screening request),known name,,Montagu Evans,,,,,,,"Redevelopment of the site to provide a hyperscale data centre (Sui Generis) with ancillary offices, plant and equipment; affordable workspace including a training centre and ancillary amenities (Use Class E); substation; access; parking; landscaping; and associated infrastructure.",Former Honey Monster Food Factory Southall UB2 4AE,,,https://www.planit.org.uk/planapplic/Ealing/253874FUL/,Full application. Hyperscale DC; resolution to grant subject to legal agreement,PlanIt,2026-10-09,2026-10-09,manual-review-2026-10-09,"Former Honey Monster factory, Southall (CyrusOne)",
UK:Bucks/PL/25/4583/ADJ,UK,Buckinghamshire,PL/25/4583/ADJ,2025-10-03,2025-10-30,Permitted,No Objections,consultation (neighbouring authority),true,enterprise,,,,,,,,,,,,,,,Aston Martin F1 Team,"Consultation from West Northamptonshire Council on planning application 2025/3287/MAF - Demolition of temporary modular workshop building, and the erection of a data centre facility, including bridge link, landscaping and associated works for Aston Martin Formula One Team",Aston Martin F1 Silverstone Road Biddlesden Buckinghamshire,,,https://www.planit.org.uk/planapplic/Bucks/PL/25/4583/ADJ/,Bucks consulted,PlanIt,2026-10-09,2026-10-09,manual-review-2026-10-09,"Aston Martin F1 DC, Silverstone (W Northants 2025/3287/MAF)",
UK:Newport/25/0828,UK,Newport,25/0828,2025-10-02,2025-12-03,Permitted,Approved,conditions discharge,true,data centre (type not stated),,,,2,MSFT MCIO LIMITED,low (address match; check title plan),evidence chain: registered proprietor (HM Land Registry); Companies House PSC chain,,Carter Jonas,09616816,MSFT MCIO LIMITED (09616816),CYM671910 (low); CYM770168 (low); CYM804925 (low),MSFT MCIO LIMITED (09616816) [low]; VANTAGE DATA CENTERS UK LIMITED (06132144) [low]; VANTAGE DATA CENTRES UK LIMITED (06132144) [low],,,PARTIAL DISCHARGE OF CONDITION 11 (EXTERNAL MATERIALS) OF 24/0006 FOR DEMOLITION OF REMAINDER OF EXISTING PRINCIPAL BUILDING AND REMAINING STRUCTURES AND CONSTRUCTION OF NEW DATACENTRE (USE CLASS B8) ACROSS TWO MAIN BUILDINGS PLUS ANCILLARY STRUCTURES ANDS OTHER ASSOCIATED WORKS,Quinn Radiators Celtic Way Celtic Lakes Newport South Wales NP10 8FS,,,https://www.planit.org.uk/planapplic/Newport/25/0828/,,PlanIt,2026-10-09,2026-10-09,manual-review-2026-10-09,Newport 24/0006,"[low] registered proprietor (HM Land Registry): HM Land Registry CCOD/OCOD Oct 2026 address match: title CYM770168 ('Data Hall GF20 and GF21, NGD Celtic Technology Centre, Celtic Way, Newport (NP10 8BE)') proprietor MSFT MCIO LIMITED 09616816 || [low] registered proprietor (HM Land Registry) VANTAGE DATA CENTERS UK LIMITED (06132144): HM Land Registry CCOD/OCOD Oct 2026 address match: title CYM804925 ('First Floor, Phase 1, Hynix Fab. Building, Celtic Way, Newport (NP10 8BE)') proprietor VANTAGE DATA CENTERS UK LIMITED 06132144 || [low] registered proprietor (HM Land Registry) VANTAGE DATA CENTRES UK LIMITED (06132144): HM Land Registry CCOD/OCOD Oct 2026 address match: title CYM671910 ('Ground Floor, Hynix Fab. Building, Celtic Way, Celtic Lakes, Newport (NP10 8BE)') proprietor VANTAGE DATA CENTRES UK LIMITED 06132144"
UK:Hillingdon/75111/APP/2025/2525,UK,Hillingdon,75111/APP/2025/2525,2025-09-30,2026-07-21,Permitted,,conditions discharge,true,data centre (type not stated),,,,,REAL ESTATE VENTURE CAPITAL PARTNERS LLP (individual PSC: Mr Andrew John Pettit),high,evidence chain: named as First Owner in legal agreement; Companies House PSC chain,,,14585794,ARK UP4 LIMITED (14585794) > UP4 HOLDINGS LIMITED (14919643) > ARK ESTATES 2 LIMITED (12113969) > REVCAP PROPERTIES 25 LIMITED (05395063) > REVCAP UK HOLDINGS LIMITED (04995163) > LUMLEY PROPERTIES HOLDINGS LIMITED (13856087) > REAL ESTATE VENTURE CAPITAL PARTNERS 1 LLP (OC307140) > REAL ESTATE VENTURE CAPITAL PARTNERS LLP (OC307139),AGL603378; AGL63366; AGL73971; FW03; RE03; AGL32414 (low); AGL568647 (low); AGL568658 (low); AGL601577 (low),ARK ESTATES 2 LIMITED (12113969) [high]; ARK UP1 LIMITED (14111586) [low]; ARK UP2 LIMITED (14111543) [low]; ARK UP3 LIMITED (14551933) [low]; ARK UP4 LIMITED (14585794) [high]; SEGRO (HAYES) LIMITED (09732093) [low],,,"Details pursuant to the partial discharge of Condition 17 (Drainage Verification) in relation to Union Park 2 (UP2) and UP3 only as attached to planning permission ref. 75111/APP/2020/1955 dated 15-04-2021 (Site clearance and preparation, including the demolition of remaining buildings, and the redevelopment of the site to provide: a new data centre (Use Class B8), a HV Sub-Station, works to the highway, car parking, cycle parking, associated infrastructure, enclosures and necessary physical security systems, hard and soft landscaping (including works to the River Crane) and ancillary uses, as well as associated external works.)",Land at Bulls Bridge Industrial Estate NORTH HYDE GARDENS HAYES UB3 4QQ,,,https://www.planit.org.uk/planapplic/Hillingdon/75111/APP/2025/2525/,,PlanIt,2026-10-09,2026-10-09,manual-review-2026-10-09,"Union Park, Hayes (Hillingdon 75111/APP/2020/1955)","[high] named as First Owner in legal agreement: https://planning.hillingdon.gov.uk/OcellaWeb/viewDocument?file=dv_pl_files%5C75111_APP_2025_739%5CUnion+Park+UP4+North+Hyde+Gardens+-+s106+-+10+August+26.pdf&module=pl | ""ef: 26310 E-Sign ID: f£223c26f-be10-41ea-a239-2fe8fdceedea THIS PLANNING OBLIGATION BY DEED is dated 10 August 2026 and is made BETWEEN: A. ARK UP4 LIMITED (Co Reg No.14585794) whose registered office is situated at Spring Park, Westwells Road, Corsham, Wiltshire, United Kingdom, SN13 9GB ('the Firs"" || https://find-and-update.company-information.service.gov.uk/company/14585794 | ARK UP4 LIMITED PSC: Up4 Holdings Limited (14919643 England) notified 2023-06-19 || https://find-and-update.company-information.service.gov.uk/company/14919643 | UP4 HOLDINGS LIMITED PSC: Ark Estates 2 Limited (12113969 United Kingdom) notified 2023-06-07 || https://find-and-update.company-information.service.gov.uk/company/12113969 | ARK ESTATES 2 LIMITED PSC: Revcap Properties 25 Limited (05395063 England) notified 2019-07-19 || https://find-and-update.company-information.service.gov.uk/company/05395063 | REVCAP PROPERTIES 25 LIMITED PSC: Revcap Uk Holdings Limited (04995163 England) notified 2016-04-18 || https://find-and-update.company-information.service.gov.uk/company/04995163 | REVCAP UK HOLDINGS LIMITED PSC: Lumley Properties Holdings Limited (13856087 England) notified 2022-03-14 || https://find-and-update.company-information.service.gov.uk/company/13856087 | LUMLEY PROPERTIES HOLDINGS LIMITED PSC: Real Estate Venture Capital Partners 1 Llp (OC307140 United Kingdom) notified 2022-01-18 || https://find-and-update.company-information.service.gov.uk/company/OC307140 | REAL ESTATE VENTURE CAPITAL PARTNERS 1 LLP PSC: Real Estate Venture Capital Partners Llp (OC307139 England) notified 2016-04-18 || [high] registered proprietor (HM Land Registry) ARK UP4 LIMITED (14585794): HM Land Registry CCOD/OCOD Oct 2026: title AGL603378 (Leasehold, 'Block 4, Union Park, North Hyde Gardens, Hayes') proprietor ARK UP4 LIMITED 14585794; title cited at https://planning.hillingdon.gov.uk/OcellaWeb/viewDocument?file=dv_pl_files%5C75111_APP_2025_739%5CUnion+Park+UP4+North+Hyde+Gardens+-+s106+-+10+August+26.pdf&module=pl | ""bligations in this Agreement are enforceable. 1.2 The First Owner has a leasehold interest in the Site registered under Title Number AGL603378 at the Land Registry. 1.3 The Second Owner has a freehold interest in the Site registered under Title Numbers AGL73971 a"" || [high] registered proprietor (HM Land Registry) ARK ESTATES 2 LIMITED (12113969): HM Land Registry CCOD/OCOD Oct 2026: title AGL73971 (Freehold, 'Land at Bulls Bridge, Hayes') proprietor ARK ESTATES 2 LIMITED 12113969; title cited at https://planning.hillingdon.gov.uk/OcellaWeb/viewDocument?file=dv_pl_files%5C75111_APP_2025_739%5CUnion+Park+UP4+North+Hyde+Gardens+-+s106+-+10+August+26.pdf&module=pl | ""Title Number AGL603378 at the Land Registry. 1.3 The Second Owner has a freehold interest in the Site registered under Title Numbers AGL73971 and AGL63366 at the Land Registry. 1.4 On 18 March 2025, the First Owner submitted the Planning Application to the Council for permis"" || [low] registered proprietor (HM Land Registry) SEGRO (HAYES) LIMITED (09732093): HM Land Registry CCOD/OCOD Oct 2026 address match: title AGL32414 ('land on the north side of Segro Industrial Park, North Hyde Gardens, Hayes (UB3 4FR)') proprietor SEGRO (HAYES) LIMITED 09732093 || [low] registered proprietor (HM Land Registry) ARK UP3 LIMITED (14551933): HM Land Registry CCOD/OCOD Oct 2026 address match: title AGL601577 ('Block 3, Union Park, North Hyde Gardens, Hayes') proprietor ARK UP3 LIMITED 14551933 || [low] registered proprietor (HM Land Registry) ARK UP1 LIMITED (14111586): HM Land Registry CCOD/OCOD Oct 2026 address match: title AGL568647 ('land on the north side of North Hyde Gardens, Hayes') proprietor ARK UP1 LIMITED 14111586"
UK:EastDunbartonshire/TP/ED/25/0520,UK,East Dunbartonshire,TP/ED/25/0520,2025-09-25,,Undecided,,unknown,true,hyperscale/campus,,,,,Apatura DC Project 6 Ltd,low (name only),portal applicant name (no company number),,,,Apatura DC Project 6 Ltd,,,,,Proposed data centre campus,STREET RECORD Crosshill Road Bishopbriggs East Dunbartonshire,,,https://www.planit.org.uk/planapplic/EastDunbartonshire/TP/ED/25/0520/,"""Proposed data centre campus""",PlanIt,2026-10-09,2026-10-09,manual-review-2026-10-09,"Crosshill Road, Bishopbriggs, East Dunbartonshire","[low] https://planning.eastdunbarton.gov.uk/online-applications/applicationDetails.do?keyVal=T0B1NMGJ09L00&activeTab=details | Applicant Name: ""Apatura DC Project 6 Ltd"""
UK:Rhondda/25/0981/FUL,UK,Rhondda,25/0981/FUL,2025-09-24,,Undecided,,full application,true,data centre (type not stated),,,,,,,,,Quod,,,,,,,"Change of use from Office (Use Class E) to Data Centre (Use Class B8), alongside external works, associated infrastructure, parking and servicing, and landscaping.",Unit 5 And 7 Cadw Cefn Coed Nantgarw Taff's Well Rhondda Cynon Taf CF15 7QQ,,,https://www.planit.org.uk/planapplic/Rhondda/25/0981/FUL/,Office to DC change of use,PlanIt,2026-10-09,2026-10-09,manual-review-2026-10-09,Rhondda 25/0981/FUL,
UK:Swindon/S/COND/25/1166,UK,Swindon,S/COND/25/1166,2025-09-18,2025-11-05,Conditions,Conditions Discharged,conditions discharge,true,data centre (type not stated),,,,,"Amazon.Com, Inc.",low (address match; check title plan),evidence chain: registered proprietor (HM Land Registry); Companies House PSC chain,,RPS,09959151,"AMAZON DATA SERVICES UK LIMITED (09959151) > Amazon.Com, Inc. (no number, Us Law)",WT114579 (low),AMAZON DATA SERVICES UK LIMITED (09959151) [low],,,"Discharge of Condition 13 (Lighting) from Planning Application S/21/1760 - Section 73 Application for minor revisions and updates to planning permission S/21/0518/PEEG granted on 9th August 2021 for Erection of a replacement Data Centre (containing data halls, associated electrical and AHU Plant Rooms, loading bay, maintenance and storage space, office administration areas and plant at roof level), emergency back-up generators and emission stacks, diesel tanks and filling area, electrical switchroom, a water sprinkler pump room and storage tank, a gate house, site access, internal access roads, hard/soft landscaping, and rainwater infiltration pond to allow for levels changes in two landscaped areas resulting in amendments to Condition 2, 4, 5, 6, 7, 8, 10, and 14.",National Data Centre Old Burderop Hospital Site Burderop Wroughton Swindon SN4 0QB,,,https://www.planit.org.uk/planapplic/Swindon/S/COND/25/1166/,,PlanIt,2026-10-09,2026-10-09,manual-review-2026-10-09,Swindon replacement DC (S/21/0518/PEEG),"[low] registered proprietor (HM Land Registry): HM Land Registry CCOD/OCOD Oct 2026 address match: title WT114579 ('Burderop Wood Data Centre, Brimble Hill, Wroughton, Swindon (SN4 0RQ)') proprietor AMAZON DATA SERVICES UK LIMITED 09959151 || https://find-and-update.company-information.service.gov.uk/company/09959151 | AMAZON DATA SERVICES UK LIMITED PSC: Amazon.Com, Inc. ( Us Law) notified 2016-04-06"
UK:Hillingdon/71554/APP/2025/2436,UK,Hillingdon,71554/APP/2025/2436,2025-09-18,2025-11-12,Permitted,,conditions discharge,true,ancillary to data centre,,,,,,,,,,,,,,,,Details pursuant to the full discharge of Conditions 4 (Written Scheme of Investigation) and 6 (Construction Management and Logistics) and partial discharge of Condition 7 (i)(a & b) (Contaminated Land) as attached to planning permission reference 71554/APP/2025/47 dated 19-03-2025 (Redevelopment of the site to deliver a substation in connection with the permitted and emerging Data Centre Campus).,UNIT 1 HEATHROW INTERCHANGE BULLSBROOK ROAD HAYES,,,https://www.planit.org.uk/planapplic/Hillingdon/71554/APP/2025/2436/,,PlanIt,2026-10-09,2026-10-09,manual-review-2026-10-09,Hillingdon 71554 substation for DC campus,
UK:Swindon/S/COND/25/1167,UK,Swindon,S/COND/25/1167,2025-09-18,2025-10-01,Conditions,Conditions Discharged,conditions discharge,true,data centre (type not stated),,,,,"Amazon.Com, Inc.",low (address match; check title plan),evidence chain: registered proprietor (HM Land Registry); Companies House PSC chain,,RPS,09959151,"AMAZON DATA SERVICES UK LIMITED (09959151) > Amazon.Com, Inc. (no number, Us Law)",WT114579 (low),AMAZON DATA SERVICES UK LIMITED (09959151) [low],,,"Discharge of Condition 15 (BREEAM) - from Planning Application S/21/1760 - Section 73 Application for minor revisions and updates to planning permission S/21/0518/PEEG granted on 9th August 2021 for Erection of a replacement Data Centre (containing data halls, associated electrical and AHU Plant Rooms, loading bay, maintenance and storage space, office administration areas and plant at roof level), emergency back-up generators and emission stacks, diesel tanks and filling area, electrical switchroom, a water sprinkler pump room and storage tank, a gate house, site access, internal access roads, hard/soft landscaping, and rainwater infiltration pond to allow for levels changes in two landscaped areas resulting in amendments to Condition 2, 4, 5, 6, 7, 8, 10, and 14.",National Data Centre Old Burderop Hospital Site Burderop Wroughton Swindon SN4 0QB,,,https://www.planit.org.uk/planapplic/Swindon/S/COND/25/1167/,,PlanIt,2026-10-09,2026-10-09,manual-review-2026-10-09,Swindon replacement DC (S/21/0518/PEEG),"[low] registered proprietor (HM Land Registry): HM Land Registry CCOD/OCOD Oct 2026 address match: title WT114579 ('Burderop Wood Data Centre, Brimble Hill, Wroughton, Swindon (SN4 0RQ)') proprietor AMAZON DATA SERVICES UK LIMITED 09959151 || https://find-and-update.company-information.service.gov.uk/company/09959151 | AMAZON DATA SERVICES UK LIMITED PSC: Amazon.Com, Inc. ( Us Law) notified 2016-04-06"
UK:Sefton/DC/2025/01324,UK,Sefton,DC/2025/01324,2025-09-16,,Undecided,,full application,true,data centre (type not stated),,,,2,,,,,Turley,,,,,,,"Demolition of all existing buildings and construction of a new building, comprising two two-storey data centre halls (Use Class B8 / Sui Generis), connected by a central three-storey block housing ancillary office floorspace and associated amenity and storage floorspace, alongside the construction of a new substation, relocation of the existing 11kV substation, and the formation of new internal access roads, parking, landscaping, boundary treatments and other ancillary works",51 Bridle Road Netherton L30 4XE,,,https://www.planit.org.uk/planapplic/Sefton/DC/2025/01324/,Two two-storey DC halls; new substation,PlanIt,2026-10-09,2026-10-09,manual-review-2026-10-09,"51 Bridle Road, Netherton, Sefton",
UK:Broxbourne/07/25/0782/CONRV,UK,Broxbourne,07/25/0782/CONRV,2025-09-16,2025-11-26,Conditions,CONDITIONAL APPROVAL,amendment/variation,true,data centre (type not stated),,,,,,,,,,,,,,,,"Proposed variation of condition no.2 (Approved Drawings) of planning permission 07/24/0348/F (Flexible change of use to allow a Sui Generis Data Centre (to include the development of battery storage for solar PV, cooling infrastructure, vented screening, bunded fuel store, generator, site transformer and high voltage switch gear) in addition to the permitted Class E (g) (iii), B2 and B8 uses).",3 Bingley Road Hoddesdon EN11 0BU,,,https://www.planit.org.uk/planapplic/Broxbourne/07/25/0782/CONRV/,Flexible change of use to allow DC with battery and generator,PlanIt,2026-10-09,2026-10-09,manual-review-2026-10-09,Broxbourne 07/24/0348/F flexible DC use,
UK:OldOakParkRoyal/25/0159/AODOPDC,UK,Old Oak Park Royal,25/0159/AODOPDC,2025-09-16,2025-11-12,Rejected,Refuse,conditions discharge,true,data centre (type not stated),,,52000,,,,,,,,,,,,,"Details of condition 42 (Cycle Storage & Facilities) for Phase 1b (work units building) pursuant to planning permission 21/0013/OUTOPDC dated 07/09/2021 for outline planning permission with the details of access, appearance, landscaping, layout and scale reserved for later determination for demolition and redevelopment to comprise a data centre (Use Class B8) of up to 52,000 sqm gross external, including ancillary offices, internal plant and equipment (including flues), and substation. In addition to the above the Development may include up to 2,500 sqm of work units (Use Class E(g)(ii) & E(g)(iii), B2); car parking; provision of external plant and equipment (including flues); creation of servicing areas and provision of associated services, including waste, refuse, cycle storage, and lighting; and for the laying out of the buildings; routes and open spaces within the development; and all associated works and operations including but not limited to: demolition; earthworks; provision of attenuation infrastructure, engineering operations. Development shall be in accordance with the approved Development Parameters Schedule and Plans.","Chandos Road Trading Estate, Chandos Road, Park Royal, NW10 6NF",,,https://www.planit.org.uk/planapplic/OldOakParkRoyal/25/0159/AODOPDC/,,PlanIt,2026-10-09,2026-10-09,manual-review-2026-10-09,"OPDC 21/0013/OUTOPDC (up to 52,000 sqm GEA)",
UK:NorthLanarkshire/25/00989/PAN,UK,North Lanarkshire,25/00989/PAN,2025-09-12,2025-09-22,Permitted,Comments,pre-application notice,true,hyperscale/campus,,,,,,,,,,,,,,,,"Data centre complex including data halls, substation, new road accesses, balancing ponds, security, associated development, landscaping, habitat and biodiversity areas (major application)",Land At North Lanrigg Carlisle Road Cleland North Lanarkshire ML1 5LT,,,https://www.planit.org.uk/planapplic/NorthLanarkshire/25/00989/PAN/,Same wording as East Ayrshire 25/0008/PREAPP,PlanIt,2026-10-09,2026-10-09,manual-review-2026-10-09,North Lanarkshire 25/00989/PAN,
UK:WestBerkshire/25/02116/COND,UK,West Berkshire,25/02116/COND,2025-09-11,2025-10-02,Permitted,Approval,conditions discharge,true,data centre (type not stated),,,,,,,,,,,,,,,,Approval of details reserved by Condition (1) Commencement of planning permission 20/02029/COMIND: Development of an Energy Recovery Centre and adjacent Data Centre and associated infrastructure,Reading Quarry Berrys Lane Burghfield Reading RG30 3EY,,,https://www.planit.org.uk/planapplic/WestBerkshire/25/02116/COND/,Commencement condition approved,PlanIt,2026-10-09,2026-10-09,manual-review-2026-10-09,West Berks energy recovery centre + DC (20/02029/COMIND),
UK:CentralBedfordshire/CB/25/02864/DOC,UK,Central Bedfordshire,CB/25/02864/DOC,2025-09-09,2025-10-09,Conditions,Discharge of Condition Decision Released,,false,not data centre,,,,,,,,,,,,,,,,"Discharge of Condition 2 against planning permission CB/25/00320/RM (Reserved Matters: following Outline Application CB/12/03613/OUT (Outline planning permission with the details of access, appearance, landscaping, layout and scale reserved for later determination. Development to comprise: up to 5150 dwellings (Use Class C3); up to 202500 sqm gross of additional development in Use Classes: A1, A2, A3 (retail), A4 (public house), A5 (take away); B1, B2, B8 (offices, industrial, and storage and distribution); C1 (hotel), C2 (care home), D1 and D2 (community and leisure); car showroom; data centre; petrol filling station; car parking; primary substation; energy centre; and for the laying out of the buildings; routes and open spaces within the development; and all associated works and operations including but not limited to: demolition; earthworks; engineering operations. All development, works and operations to be in accordance with the Development Parameters Schedule and Plans.). Reserved matters for the appearance and finish of external features, including play equipment, spatial arrangement, street furniture, signage, for the key spaces in the areas known as Phase 3A and 3B of Masterplan Area 3)","Land To The North And East Of Houghton Regis, Sundon Road, Houghton Regis",,,https://www.planit.org.uk/planapplic/CentralBedfordshire/CB/25/02864/DOC/,"5,150-home mixed-use outline CB/12/03613/OUT lists data centre as one permitted use; not a DC application",PlanIt,2026-10-09,2026-10-09,manual-review-2026-10-09,,
UK:Glasgow/24/01681/DOC03,UK,Glasgow,24/01681/DOC03,2025-09-09,2026-01-13,Permitted,Grant,,false,not data centre,,,,,,,,,,,,,,,,"Mixed-use University campus development including: (1) teaching and learning buildings (Class 10) (up to 65,000 sq m); (2) University research buildings (Class 4) (up to 17,000 sq m); (3) commercial research & development/offices (Class 4) (up to 18,000 sq m); (4) retail shops (Class 1) (up to 4,000 sq m); (5) financial, professional and other services (Class 2) (up to 500 sq m; (6) food and drink (Class 3) (up to 2,500 sq m); (7) hotels (Class 7) (up to 12,500 sq m); (8) sports and recreation facilities (Class 11) (up to 500 sq m); (9) day nursery (Class 10) (up to 500 sq m); (10) crèche (Class 10) (up to 100 sq m) (11) residential flats (mainstream or student) (sui generis) (up to 14,500.sq m); (12) Data Centre (Class 4) (up to 3,000 sq m); (13) energy centre (sui generis); (14) means of access, servicing and parking arrangements: (15) related infrastructure; (16) related landscaping and (17) related public realm and demolition of existing buildings - approval of matters specified in conditions 2(1-10,12 & 13), 3, 4, 9-15, 22, 27-29, 33, 35-38, 41 & 42 of Planning Permission in Principle 19/00363/PPP, for the erection of a new University building (Class 10), cafe (Class 3), related infrastructure, landscaping and public realm (in so far as these relate to the development of Plot B) - Discharge of condition 03 of planning permission 24/01681/MSC.",Site At University Avenue Glasgow,,,https://www.planit.org.uk/planapplic/Glasgow/24/01681/DOC03/,"University campus masterplan (data centre up to 3,000 sq m is one of 17 uses)",PlanIt,2026-10-09,2026-10-09,manual-review-2026-10-09,,
UK:Broxbourne/07/25/0758/DRC,UK,Broxbourne,07/25/0758/DRC,2025-09-09,2025-11-26,Conditions,DISCHARGE OF CONDITIONS,conditions discharge,true,hyperscale/campus,,,,,,,,,,,,,,,,Application for the approval of details reserved by condition no. 17 (samples of all external facing and roofing materials within any phase) of planning ref. 07/23/0358/F (variation of condition 3 approved plans of planning permission 07/18/1181/O and 07/21/0447/F to regularise the increased height of data centre and footprint of electricity substation and amend drawing label from ground levels to existing ground levels),Land at Maxwells Farm West Great Cambridge Road Broxbourne,,,https://www.planit.org.uk/planapplic/Broxbourne/07/25/0758/DRC/,Regularise increased DC height,PlanIt,2026-10-09,2026-10-09,manual-review-2026-10-09,Broxbourne 07/18/1181/O,
UK:Hillingdon/18399/APP/2025/2323,UK,Hillingdon,18399/APP/2025/2323,2025-09-05,2026-01-26,Permitted,,conditions discharge,true,data centre (type not stated),,,,,VIRTUS HOLDCO LIMITED,high,evidence chain: named as Leasehold Owner in legal agreement; Companies House PSC chain,,,12698361,VIRTUS LONDON 14 LIMITED (12698361) > VIRTUS SAUNDERTON CAMPUS LIMITED (15421619) > VIRTUS DATA CENTRES PROPERTIES 2 LIMITED (15421451) > VIRTUS DATA CENTRES PROPERTIES LIMITED (09840065) > VIRTUS HOLDCO LIMITED (07670473),AGL190531; AGL594704; AGL433914 (low),PROLOGIS UK 79 LIMITED (14321098) [high]; VIRTUS LONDON 14 LIMITED (12698361) [high]; VIRTUS LONDON 5 LIMITED (10675163) [low],"Crédit Agricole Corporate and Investment Bank, Broadwalk House, 5 Appold Street, London EC2A 2DA, as Security Agent (As Security Trustee for Each of the Secured Parties)",,"Details pursuant to the discharge of Condition 7 (Landscape Scheme) as attached to planning permission reference 18399/APP/2025/16 dated 01-09-2025 (An application submitted under Section 73 of the Town and Country Planning Act 1990 to vary Conditions 2 (Approved Drawings) and 3 (Compliance with supporting documentation) of planning permission reference 18399/APP/2022/411, dated 03-05-2023 (Installation of plant and equipment to unit DC6 including external plant equipment, external louvres and associated security fencing and landscaping, to facilitate use of the building as a data centre) to make changes to the design of the development.).",UNIT D Prologis Park STOCKLEY ROAD WEST DRAYTON UB7 9FN,,,https://www.planit.org.uk/planapplic/Hillingdon/18399/APP/2025/2323/,,PlanIt,2026-10-09,2026-10-09,manual-review-2026-10-09,Hillingdon unit DC6 (18399),"[high] named as Leasehold Owner in legal agreement: https://planning.hillingdon.gov.uk/OcellaWeb/viewDocument?file=dv_pl_files%5C18399_APP_2025_16%5CDeed+of+Variation+Section+106A+UB7+9FN.pdf&module=pl | ""e Freehold Owner'); VIRTUS LONDON 14 LIMITED incorporated and registered in England and Wales with company number 12698361 whose registered of"" || https://find-and-update.company-information.service.gov.uk/company/12698361 | VIRTUS LONDON 14 LIMITED PSC: Virtus Saunderton Campus Limited (15421619 England) notified 2026-09-22 || https://find-and-update.company-information.service.gov.uk/company/15421619 | VIRTUS SAUNDERTON CAMPUS LIMITED PSC: Virtus Data Centres Properties 2 Limited (15421451 England) notified 2024-01-17 || https://find-and-update.company-information.service.gov.uk/company/15421451 | VIRTUS DATA CENTRES PROPERTIES 2 LIMITED PSC: Virtus Data Centres Properties Limited (09840065 United Kingdom) notified 2026-09-22 || https://find-and-update.company-information.service.gov.uk/company/09840065 | VIRTUS DATA CENTRES PROPERTIES LIMITED PSC: Virtus Holdco Limited (07670473 England) notified 2016-04-06 || https://find-and-update.company-information.service.gov.uk/company/12698361/charges/SlGN5xXY4EyWaJtZrEeSXFw8JVE | charge 2026-09-22 (outstanding) to Crédit Agricole Corporate and Investment Bank, Broadwalk House, 5 Appold Street, London EC2A 2DA, as Security Agent (As Security Trustee for Each of the Secured Parties); titles AGL594704 || https://find-and-update.company-information.service.gov.uk/company/12698361/charges/7pLX0a1KL0xqfbD1Fe8Y2e7miNA | charge 2023-08-11 (fully-satisfied) to Standard Chartered Bank (Hong Kong) Limited as Security Agent and Security Trustee for the Secured Parties; titles AGL190531, MR01 || https://find-and-update.company-information.service.gov.uk/company/12698361/charges/TjVKsfvln28_CTMiRPEZCLNIoIg | charge 2023-08-11 (fully-satisfied) to Standard Chartered Bank (Hong Kong) Limited as Security Agent and Security Trustee for the Secured Parties || [high] named as Freehold Owner in legal agreement PROLOGIS UK 79 LIMITED (14321098): https://planning.hillingdon.gov.uk/OcellaWeb/viewDocument?file=dv_pl_files%5C18399_APP_2025_16%5CDeed+of+Variation+Section+106A+UB7+9FN.pdf&module=pl | ""UW ('the Council'); PROLOGIS UK 79 LIMITED incorporated and registered in England and Wales with company number 14321098 whose registered of"" || [high] registered proprietor (HM Land Registry) PROLOGIS UK 79 LIMITED (14321098): HM Land Registry CCOD/OCOD Oct 2026: title AGL190531 (Freehold, 'Plot C, Prologis Park, Stockley Road, Hayes') proprietor PROLOGIS UK 79 LIMITED 14321098; title cited at https://planning.hillingdon.gov.uk/OcellaWeb/viewDocument?file=dv_pl_files%5C18399_APP_2025_16%5CDeed+of+Variation+Section+106A+UB7+9FN.pdf&module=pl | ""bligations in this Deed are enforceable B The Freehold Owner has a freehold legal interest in the Land registered under Title Number AGL190531 at the Land Registry and the Leasehold Owner has a leasehold interest in the Land registered under Title Number AGL59470"" || [high] registered proprietor (HM Land Registry) VIRTUS LONDON 14 LIMITED (12698361): HM Land Registry CCOD/OCOD Oct 2026: title AGL594704 (Leasehold, 'Dc6, Prologis Park, Stockley Road, Hayes') proprietor VIRTUS LONDON 14 LIMITED 12698361; title cited at https://planning.hillingdon.gov.uk/OcellaWeb/viewDocument?file=dv_pl_files%5C18399_APP_2025_16%5CDeed+of+Variation+Section+106A+UB7+9FN.pdf&module=pl | ""tle Number AGL190531 at the Land Registry and the Leasehold Owner has a leasehold interest in the Land registered under Title Number AGL594704 at the Land Registry subject to a legal charge entered into between the Leaseholder and the Mortgagee dated 11' August 2"" || [low] registered proprietor (HM Land Registry) VIRTUS LONDON 5 LIMITED (10675163): HM Land Registry CCOD/OCOD Oct 2026 address match: title AGL433914 ('DC2 Prologis Park West London, Horton Road, West Drayton') proprietor VIRTUS LONDON 5 LIMITED 10675163"
UK:Havering/P1169.25,UK,Havering,P1169.25,2025-09-05,2025-11-26,Conditions,,approved,true,data centre (type not stated),,,,,,,,,,,,,,,,Erection of a rear extension to the existing data centre to provide a goods lift and modular loading bay,3 King George Close Romford RM7 7PN,,,https://www.planit.org.uk/planapplic/Havering/P1169.25/,Full application. Goods lift and loading bay extension,PlanIt,2026-10-09,2026-10-09,manual-review-2026-10-09,Havering existing DC extension,
UK:Hart/25/01709/AMCON,UK,Hart,25/01709/AMCON,2025-09-05,2025-11-18,Permitted,Grant,amendment/variation,true,data centre (type not stated),,,,,05396063,low (address match; check title plan),evidence chain: registered proprietor (HM Land Registry); Companies House PSC chain,,Union4 Planning Ltd,08630640,ARK ESTATES CODY PARK LIMITED (08630640) > ARK ESTATES HOLDINGS LIMITED (08676791) > ? (05396063),HP674736 (low); HP761464 (low); HP800864 (low); HP809209 (low),ARK A9 GP LIMITED (07683878) [low]; ARK DATA CENTRES LIMITED (05656968) [low]; ARK ESTATES CODY PARK LIMITED (08630640) [low]; DATUM DATACENTRES LIMITED (07954217) [low],Cbre Loan Services Limited (And Its Successors in Title and Permitted Transferees),,"Variation of conditions 2 (Approved Drawings), 3 (Drainage Strategy), 8 (Car Parking Facilities), and 9 (Cycle Parking Facilities) of planning permission ref. 22/01088/FUL (Erection of two storey data centre and plant enclosure on existing car park).",Cody Technology Park Ively Road Farnborough,,,https://www.planit.org.uk/planapplic/Hart/25/01709/AMCON/,Two-storey DC on existing car park,PlanIt,2026-10-09,2026-10-09,manual-review-2026-10-09,Hart 22/01088/FUL,"[low] registered proprietor (HM Land Registry): HM Land Registry CCOD/OCOD Oct 2026 address match: title HP674736 ('Buildings A50 and A57, Cody Technology Park, Ively Road, Farnborough') proprietor ARK ESTATES CODY PARK LIMITED 08630640 || https://find-and-update.company-information.service.gov.uk/company/08630640 | ARK ESTATES CODY PARK LIMITED PSC: Ark Estates Holdings Limited (08676791 England) notified 2016-04-06 || https://find-and-update.company-information.service.gov.uk/company/08676791 | ARK ESTATES HOLDINGS LIMITED PSC: Revcap Properties 25 Limited (05396063 England) notified 2016-04-06 || https://find-and-update.company-information.service.gov.uk/company/08630640/charges/chND0eK05Hu9BbBwwZBb7GKmg4s | charge 2026-04-01 (outstanding) to Cbre Loan Services Limited (And Its Successors in Title and Permitted Transferees); titles HP634842 || https://find-and-update.company-information.service.gov.uk/company/08630640/charges/W-ZRMh4UAonk2p4VRPe4-AKo5iI | charge 2022-03-18 (fully-satisfied) to Lloyds Bank PLC (As Security Agent); titles HP634842 || https://find-and-update.company-information.service.gov.uk/company/08630640/charges/weow4BPTf0to7G6XZMIOe7MXUA4 | charge 2021-01-27 (fully-satisfied) to Lloyds Bank PLC; titles A50, A57 || https://find-and-update.company-information.service.gov.uk/company/08630640/charges/FLL3NMxkf7a1PVKD6n4HfdHvKYU | charge 2019-09-23 (fully-satisfied) to Lloyds Bank PLC; titles HP634842 || https://find-and-update.company-information.service.gov.uk/company/08630640/charges/ruJcxcNO2gUZt2P_dFvOrCueXSo | charge 2018-06-21 (fully-satisfied) to Lloyds Bank PLC (In Its Capacity as Security Agent); titles HP634842 || [low] registered proprietor (HM Land Registry) DATUM DATACENTRES LIMITED (07954217): HM Land Registry CCOD/OCOD Oct 2026 address match: title HP761464 ('Buildings A51, A52 And A53, Cody Technology Park, Ively Road, Farnborough') proprietor DATUM DATACENTRES LIMITED 07954217 || [low] registered proprietor (HM Land Registry) ARK A9 GP LIMITED (07683878): HM Land Registry CCOD/OCOD Oct 2026 address match: title HP809209 ('land adjoining Building A9, Ively Road, Farnborough') proprietor ARK A9 GP LIMITED 07683878 || [low] registered proprietor (HM Land Registry) ARK DATA CENTRES LIMITED (05656968): HM Land Registry CCOD/OCOD Oct 2026 address match: title HP800864 ('Building A103, Cody Park, Ively Road, Farnborough (GU14 0LH)') proprietor ARK DATA CENTRES LIMITED 05656968"
UK:Hillingdon/18399/APP/2025/2300,UK,Hillingdon,18399/APP/2025/2300,2025-09-03,2025-10-21,Permitted,,conditions discharge,true,data centre (type not stated),,,,,VIRTUS HOLDCO LIMITED,high,evidence chain: named as Leasehold Owner in legal agreement; Companies House PSC chain,,,12698361,VIRTUS LONDON 14 LIMITED (12698361) > VIRTUS SAUNDERTON CAMPUS LIMITED (15421619) > VIRTUS DATA CENTRES PROPERTIES 2 LIMITED (15421451) > VIRTUS DATA CENTRES PROPERTIES LIMITED (09840065) > VIRTUS HOLDCO LIMITED (07670473),AGL190531; AGL594704; AGL433914 (low),PROLOGIS UK 79 LIMITED (14321098) [high]; VIRTUS LONDON 14 LIMITED (12698361) [high]; VIRTUS LONDON 5 LIMITED (10675163) [low],"Crédit Agricole Corporate and Investment Bank, Broadwalk House, 5 Appold Street, London EC2A 2DA, as Security Agent (As Security Trustee for Each of the Secured Parties)",,"Details pursuant to the discharge of Conditions 10 (Details of Chiller Plant) and 11 (Details of Generator Plant) as attached to planning permission reference 18399/APP/2025/16 dated 01-09-2025 (An application submitted under Section 73 of the Town and Country Planning Act 1990 to vary Conditions 2 (Approved Drawings) and 3 (Compliance with supporting documentation) of planning permission reference 18399/APP/2022/411, dated 03-05-2023 (Installation of plant and equipment to unit DC6 including external plant equipment, external louvres and associated security fencing and landscaping, to facilitate use of the building as a data centre) to make changes to the design of the development.).",UNIT D Prologis Park STOCKLEY ROAD WEST DRAYTON UB7 9FN,,,https://www.planit.org.uk/planapplic/Hillingdon/18399/APP/2025/2300/,Chiller and generator plant details,PlanIt,2026-10-09,2026-10-09,manual-review-2026-10-09,Hillingdon unit DC6 (18399),"[high] named as Leasehold Owner in legal agreement: https://planning.hillingdon.gov.uk/OcellaWeb/viewDocument?file=dv_pl_files%5C18399_APP_2025_16%5CDeed+of+Variation+Section+106A+UB7+9FN.pdf&module=pl | ""e Freehold Owner'); VIRTUS LONDON 14 LIMITED incorporated and registered in England and Wales with company number 12698361 whose registered of"" || https://find-and-update.company-information.service.gov.uk/company/12698361 | VIRTUS LONDON 14 LIMITED PSC: Virtus Saunderton Campus Limited (15421619 England) notified 2026-09-22 || https://find-and-update.company-information.service.gov.uk/company/15421619 | VIRTUS SAUNDERTON CAMPUS LIMITED PSC: Virtus Data Centres Properties 2 Limited (15421451 England) notified 2024-01-17 || https://find-and-update.company-information.service.gov.uk/company/15421451 | VIRTUS DATA CENTRES PROPERTIES 2 LIMITED PSC: Virtus Data Centres Properties Limited (09840065 United Kingdom) notified 2026-09-22 || https://find-and-update.company-information.service.gov.uk/company/09840065 | VIRTUS DATA CENTRES PROPERTIES LIMITED PSC: Virtus Holdco Limited (07670473 England) notified 2016-04-06 || https://find-and-update.company-information.service.gov.uk/company/12698361/charges/SlGN5xXY4EyWaJtZrEeSXFw8JVE | charge 2026-09-22 (outstanding) to Crédit Agricole Corporate and Investment Bank, Broadwalk House, 5 Appold Street, London EC2A 2DA, as Security Agent (As Security Trustee for Each of the Secured Parties); titles AGL594704 || https://find-and-update.company-information.service.gov.uk/company/12698361/charges/7pLX0a1KL0xqfbD1Fe8Y2e7miNA | charge 2023-08-11 (fully-satisfied) to Standard Chartered Bank (Hong Kong) Limited as Security Agent and Security Trustee for the Secured Parties; titles AGL190531, MR01 || https://find-and-update.company-information.service.gov.uk/company/12698361/charges/TjVKsfvln28_CTMiRPEZCLNIoIg | charge 2023-08-11 (fully-satisfied) to Standard Chartered Bank (Hong Kong) Limited as Security Agent and Security Trustee for the Secured Parties || [high] named as Freehold Owner in legal agreement PROLOGIS UK 79 LIMITED (14321098): https://planning.hillingdon.gov.uk/OcellaWeb/viewDocument?file=dv_pl_files%5C18399_APP_2025_16%5CDeed+of+Variation+Section+106A+UB7+9FN.pdf&module=pl | ""UW ('the Council'); PROLOGIS UK 79 LIMITED incorporated and registered in England and Wales with company number 14321098 whose registered of"" || [high] registered proprietor (HM Land Registry) PROLOGIS UK 79 LIMITED (14321098): HM Land Registry CCOD/OCOD Oct 2026: title AGL190531 (Freehold, 'Plot C, Prologis Park, Stockley Road, Hayes') proprietor PROLOGIS UK 79 LIMITED 14321098; title cited at https://planning.hillingdon.gov.uk/OcellaWeb/viewDocument?file=dv_pl_files%5C18399_APP_2025_16%5CDeed+of+Variation+Section+106A+UB7+9FN.pdf&module=pl | ""bligations in this Deed are enforceable B The Freehold Owner has a freehold legal interest in the Land registered under Title Number AGL190531 at the Land Registry and the Leasehold Owner has a leasehold interest in the Land registered under Title Number AGL59470"" || [high] registered proprietor (HM Land Registry) VIRTUS LONDON 14 LIMITED (12698361): HM Land Registry CCOD/OCOD Oct 2026: title AGL594704 (Leasehold, 'Dc6, Prologis Park, Stockley Road, Hayes') proprietor VIRTUS LONDON 14 LIMITED 12698361; title cited at https://planning.hillingdon.gov.uk/OcellaWeb/viewDocument?file=dv_pl_files%5C18399_APP_2025_16%5CDeed+of+Variation+Section+106A+UB7+9FN.pdf&module=pl | ""tle Number AGL190531 at the Land Registry and the Leasehold Owner has a leasehold interest in the Land registered under Title Number AGL594704 at the Land Registry subject to a legal charge entered into between the Leaseholder and the Mortgagee dated 11' August 2"" || [low] registered proprietor (HM Land Registry) VIRTUS LONDON 5 LIMITED (10675163): HM Land Registry CCOD/OCOD Oct 2026 address match: title AGL433914 ('DC2 Prologis Park West London, Horton Road, West Drayton') proprietor VIRTUS LONDON 5 LIMITED 10675163"
UK:WhiteHorse/P25/V1890/DIS,UK,Vale of White Horse,P25/V1890/DIS,2025-09-02,2025-11-19,Rejected,Rejected,conditions discharge,true,data centre (type not stated),,,,1,,,,,,,,,,,,"Discharge of General Biodiversity Gain (BNG) condition on application ref. P24/V1033/FUL Erection of a building to accommodate a data centre with external plant, associated acoustic barrier and boundary fencing. (Amended information received 22 October 2025)",Rutherford Appleton Laboratory Diamond House Road Chilton OX11 0DE,,,https://www.planit.org.uk/planapplic/WhiteHorse/P25/V1890/DIS/,BNG condition refused,PlanIt,2026-10-09,2026-10-09,manual-review-2026-10-09,Vale P24/V1033/FUL,
UK:WhiteHorse/P25/V1887/NM,UK,Vale of White Horse,P25/V1887/NM,2025-09-02,2025-12-18,Permitted,Agreed,amendment/variation,true,data centre (type not stated),,,,1,,,,,,,,,,,,"Non-material amendment to planning permission P24/V1033/FUL-increase in the height of the ridge, changes to internal layout, external stairs repositioned, entrance moved and new canopy and drainage scheme amended. Erection of a building to accommodate a data centre with external plant, associated acoustic barrier and boundary fencing",Land west of Diamond Diamond House Road Rutherford Appleton Laboratory Chilton OX11 0DE,,,https://www.planit.org.uk/planapplic/WhiteHorse/P25/V1887/NM/,,PlanIt,2026-10-09,2026-10-09,manual-review-2026-10-09,Vale P24/V1033/FUL,
UK:CentralBedfordshire/CB/25/02774/DOC,UK,Central Bedfordshire,CB/25/02774/DOC,2025-09-01,2025-09-11,Conditions,Discharge of Condition Decision Released,,false,not data centre,,,,,,,,,,,,,,,,"Discharge of Condition 20 against planning permission CB/12/03613/OUT (Outline planning permission with the details of access, appearance, landscaping, layout and scale reserved for later determination. Development to comprise: up to 5,150 dwellings (Use Class C3); up to 202,500 sqm gross of additional development in Use Classes: A1, A2, A3 (retail), A4 (public house), A5 (take away); B1, B2, B8 (offices, industrial and storage and distribution); C1 (hotel), C2 (care home), D1 and D2 (community and leisure); car showroom; data centre; petrol filling station; car parking; primary substation; energy centre; and for the laying out of the buildings; routes and open spaces within the development; and all associated works and operations including but not limited to: demolition; earthworks; engineering operations. All development, works and operations to be in accordance with the Development Parameters Schedule and Plans.)","Phase 4, Parcels 4 and 5 - Houghton Regis North Site 1, Land on the northern edge of Houghton Regis",,,https://www.planit.org.uk/planapplic/CentralBedfordshire/CB/25/02774/DOC/,"5,150-home mixed-use outline CB/12/03613/OUT lists data centre as one permitted use; not a DC application",PlanIt,2026-10-09,2026-10-09,manual-review-2026-10-09,,
UK:Newport/25/0711,UK,Newport,25/0711,2025-09-01,2025-10-31,Conditions,Granted with Conditions,amendment/variation,true,data centre (type not stated),,,,4,MSFT MCIO LIMITED,low (address match; check title plan),evidence chain: registered proprietor (HM Land Registry); Companies House PSC chain,,AtkinsRealis,09616816,MSFT MCIO LIMITED (09616816),CYM671910 (low); CYM756250 (low); CYM770168 (low),MSFT MCIO LIMITED (09616816) [low]; VANTAGE DATA CENTERS UK LIMITED (06132144) [low]; VANTAGE DATA CENTRES UK LIMITED (06132144) [low],,,"S73 APPLICATION TO VARY CONDITIONS 1 (APPROVED PLANS), 4 (BOUNDARY TREATMENTS) AND 8 (LANDSCAPING) OF 23/0549 FOR S73 APPLICATION TO VARY CONDITIONS 1 (APPROVED PLANS), 7 (LANDSCAPING AND PLANTING SCHEME) AND 10 (NOISE ASSESSMENT) OF 20/0039 ERECTION OF 4NO. THREE-STOREY DATA CENTRE BUILDINGS COMPRISING B8 USE AND ANCILLARY B1 USE, PROVISION OF EMERGENCY GENERATORS, SECURITY LODGE, HARD AND SOFT LANDSCAPING, INTERNAL ACCESS ROADS, CAR PARKING AND SUSTAINABLE DRAINAGE. AMENDMENTS INCLUDE CHANGES TO BUILDING FOOTPRINTS AND DESIGN, LOCATION OF GENERATORS, CHANGES TO DRAINAGE STRATEGY AND LANDSCAPING AND OTHER LAYOUT CHANGES",Celtic Technology Centre Celtic Way Celtic Lakes Newport NP10 8BE,,,https://www.planit.org.uk/planapplic/Newport/25/0711/,,PlanIt,2026-10-09,2026-10-09,manual-review-2026-10-09,Newport 20/0039 (four three-storey DC buildings),"[low] registered proprietor (HM Land Registry): HM Land Registry CCOD/OCOD Oct 2026 address match: title CYM770168 ('Data Hall GF20 and GF21, NGD Celtic Technology Centre, Celtic Way, Newport (NP10 8BE)') proprietor MSFT MCIO LIMITED 09616816 || [low] registered proprietor (HM Land Registry) VANTAGE DATA CENTERS UK LIMITED (06132144): HM Land Registry CCOD/OCOD Oct 2026 address match: title CYM756250 ('Land lying to the north-east of  Next Generation Data, Celtic Technology Centre, Celtic Way, Celtic Lakes, Newport (NP10 8BE)') proprietor VANTAGE DATA CENTERS UK LIMITED 06132144 || [low] registered proprietor (HM Land Registry) VANTAGE DATA CENTRES UK LIMITED (06132144): HM Land Registry CCOD/OCOD Oct 2026 address match: title CYM671910 ('Ground Floor, Hynix Fab. Building, Celtic Way, Celtic Lakes, Newport (NP10 8BE)') proprietor VANTAGE DATA CENTRES UK LIMITED 06132144"
UK:WhiteHorse/P25/V1860/SCR,UK,Vale of White Horse,P25/V1860/SCR,2025-08-28,2025-09-16,Permitted,EIA not required,EIA screening/scoping,true,hyperscale/campus,,,,,Rwe Ag,high,evidence chain: registered proprietor (HM Land Registry); Companies House PSC chain,,,03892782,"RWE GENERATION UK PLC (03892782) > Rwe Ag (HRB14525, Germany)",BK65574; ON15785; ON157852; ON191378; ON297164; ON322203 (low),AMAZON DATA SERVICES UK LIMITED (09959151) [low]; NATIONAL GRID ELECTRICAL TRANSMISSION PLC (02366977) [high]; NATIONAL GRID ELECTRICITY TRANSMISSION PLC (02366977) [high]; RWE GENERATION UK PLC (03892782) [high],"The Law Debenture Pension Trust Corporation PLC (The ""Isp Trustee"") and Its Successors, Assignsand Transferees",,"EIA screening opinion request in support of the Reserved Matters Application (RMA) for the approval of details (Layout, Scale, Appearance and Landscaping) for Phase 2 of the proposed data centre development at the former Didcot A Power Station",Phase 2 Data Centre Land at Former A Didcot Power Station OX11 7HA,,,https://www.planit.org.uk/planapplic/WhiteHorse/P25/V1860/SCR/,Screening for Phase 2 RMA at former Didcot A Power Station,PlanIt,2026-10-09,2026-10-09,manual-review-2026-10-09,Vale P22/V1857/O (likely former Didcot A Power Station),"[high] registered proprietor (HM Land Registry): HM Land Registry CCOD/OCOD Oct 2026: title BK65574 (Freehold, 'land on the North and South side of Port Way, Sutton Coutenay') proprietor RWE GENERATION UK PLC 03892782; title cited at https://valeofwhitehorse.planning-register.co.uk/Document/GetFileBinary#155993/1395862.0000/200.0000 | ""ted. (C) The Owner is the freehold owner of the Owner’s S106 Land free from encumbrances (other than those contained in title numbers BK65574 and ON157852 and as contained in the Title Documents) as set out in the First Schedule. (D) The District Council has delegated authority"" || [high] registered proprietor (HM Land Registry): HM Land Registry CCOD/OCOD Oct 2026: title ON157852 (Freehold, 'Land at Didcot Power Station, Didcot') proprietor RWE GENERATION UK PLC 03892782; title cited at https://valeofwhitehorse.planning-register.co.uk/Document/GetFileBinary#155993/1395862.0000/200.0000 | ""ted. (C) The Owner is the freehold owner of the Owner’s S106 Land free from encumbrances (other than those contained in title numbers BK65574 and ON157852 and as contained in the Title Documents) as set out in the First Schedule. (D) The District Council has delegated authority"" || https://find-and-update.company-information.service.gov.uk/company/03892782 | RWE GENERATION UK PLC PSC: Rwe Ag (HRB14525 Germany) notified 2016-04-06 || https://find-and-update.company-information.service.gov.uk/company/03892782/charges/WbSro29nLGaC7XEVuENfRVJoVbA | charge 2005-10-28 (fully-satisfied) to Calyon, London Branch || https://find-and-update.company-information.service.gov.uk/company/03892782/charges/kWBZ7hFU78ir2IQ_g7u1_j-tjhA | charge 2003-08-28 (outstanding) to The Law Debenture Pension Trust Corporation PLC (The ""Isp Trustee"") and Its Successors, Assignsand Transferees || [high] registered proprietor (HM Land Registry) NATIONAL GRID ELECTRICAL TRANSMISSION PLC (02366977): HM Land Registry CCOD/OCOD Oct 2026: title ON191378 (Leasehold, 'land and buildings at Didcot Power Station, Didcot') proprietor NATIONAL GRID ELECTRICAL TRANSMISSION PLC 02366977; title cited at https://valeofwhitehorse.planning-register.co.uk/Document/GetFileBinary#155993/1630385.0000/221.0000 | ""on dated 9 January 2024 and by a Deed of Variation dated [ ] 2025), which lease is registered at the Land Registry with title number ON191378 (the “1990 Lease”); and (b) Secondly, a lease relating to land at Didcot Power Station, Didcot, Oxfordshire dated 14 Apr"" || [high] registered proprietor (HM Land Registry) NATIONAL GRID ELECTRICITY TRANSMISSION PLC (02366977): HM Land Registry CCOD/OCOD Oct 2026: title ON297164 (Leasehold, 'Land at Didcot Power Station, Didcot') proprietor NATIONAL GRID ELECTRICITY TRANSMISSION PLC 02366977; title cited at https://valeofwhitehorse.planning-register.co.uk/Document/GetFileBinary#155993/1630385.0000/221.0000 | ""nal Grid Electricity Transmission Plc (2) (as subsequently varied), which lease is registered at the Land Registry with title ON297164 (the “2011 Lease”); and (c) Thirdly, a Lease by Reference relating to land at Didcot Power Station, Didcot, Oxfordshire"" || [low] registered proprietor (HM Land Registry) AMAZON DATA SERVICES UK LIMITED (09959151): HM Land Registry CCOD/OCOD Oct 2026 address match: title ON322203 ('Gatehouse, Didcot Power Station, Purchas Road, Didcot') proprietor AMAZON DATA SERVICES UK LIMITED 09959151 || [low] portal applicant (name only): https://valeofwhitehorse.planning-register.co.uk/Planning/Display?applicationNumber=P22%2FV1857%2FO | Applicant Name: ""RWE Generation UK plc"""
UK:Hertsmere/25/1257/PPA,UK,Hertsmere,25/1257/PPA,2025-08-28,,Undecided,,pre-application notice,true,hyperscale/campus,,,,,,,,,,,,,,,,Redevelopment of site to data centre campus - PPA agreement.,The Mecure Hotel And Land To South East Tylers Way Watford Hertfordshire WD25 8JH,,,https://www.planit.org.uk/planapplic/Hertsmere/25/1257/PPA/,Planning performance agreement (pre-application),PlanIt,2026-10-09,2026-10-09,manual-review-2026-10-09,Hertsmere 25/1257/PPA data centre campus,
UK:WhiteHorse/P25/V1836/DIS,UK,Vale of White Horse,P25/V1836/DIS,2025-08-26,2025-11-11,Conditions,Partially Discharged,conditions discharge,true,hyperscale/campus,,,197000,,Rwe Ag,high,evidence chain: registered proprietor (HM Land Registry); Companies House PSC chain,,,03892782,"RWE GENERATION UK PLC (03892782) > Rwe Ag (HRB14525, Germany)",BK65574; ON15785; ON157852; ON191378; ON297164; ON322203 (low),AMAZON DATA SERVICES UK LIMITED (09959151) [low]; NATIONAL GRID ELECTRICAL TRANSMISSION PLC (02366977) [high]; NATIONAL GRID ELECTRICITY TRANSMISSION PLC (02366977) [high]; RWE GENERATION UK PLC (03892782) [high],"The Law Debenture Pension Trust Corporation PLC (The ""Isp Trustee"") and Its Successors, Assignsand Transferees",,"Discharge of condition 24 (Tree Protection) on planning application P22/V1857/O (Hybrid application comprising: 1. Outline planning permission for the erection of up to 197,000m2 Use Class B8 data centre development with ancillary Use Class E office space, together with associated groundworks, utilities, infrastructure, engineering and enabling works. Matters relating to appearance, landscaping, drainage, layout and scale of the development areas reserved for subsequent approval; and 2. Full planning permission for the construction of new and improved site access, new access roads, hard & soft landscaping, creation of SUDS and all associated infrastructure and engineering works.)","Didcot Power Station, Rwe N Power Plc Didcot Power Station Didcot OX11 7HA",,,https://www.planit.org.uk/planapplic/WhiteHorse/P25/V1836/DIS/,,PlanIt,2026-10-09,2026-10-09,manual-review-2026-10-09,Vale P22/V1857/O (likely former Didcot A Power Station),"[high] registered proprietor (HM Land Registry): HM Land Registry CCOD/OCOD Oct 2026: title BK65574 (Freehold, 'land on the North and South side of Port Way, Sutton Coutenay') proprietor RWE GENERATION UK PLC 03892782; title cited at https://valeofwhitehorse.planning-register.co.uk/Document/GetFileBinary#155993/1395862.0000/200.0000 | ""ted. (C) The Owner is the freehold owner of the Owner’s S106 Land free from encumbrances (other than those contained in title numbers BK65574 and ON157852 and as contained in the Title Documents) as set out in the First Schedule. (D) The District Council has delegated authority"" || [high] registered proprietor (HM Land Registry): HM Land Registry CCOD/OCOD Oct 2026: title ON157852 (Freehold, 'Land at Didcot Power Station, Didcot') proprietor RWE GENERATION UK PLC 03892782; title cited at https://valeofwhitehorse.planning-register.co.uk/Document/GetFileBinary#155993/1395862.0000/200.0000 | ""ted. (C) The Owner is the freehold owner of the Owner’s S106 Land free from encumbrances (other than those contained in title numbers BK65574 and ON157852 and as contained in the Title Documents) as set out in the First Schedule. (D) The District Council has delegated authority"" || https://find-and-update.company-information.service.gov.uk/company/03892782 | RWE GENERATION UK PLC PSC: Rwe Ag (HRB14525 Germany) notified 2016-04-06 || https://find-and-update.company-information.service.gov.uk/company/03892782/charges/WbSro29nLGaC7XEVuENfRVJoVbA | charge 2005-10-28 (fully-satisfied) to Calyon, London Branch || https://find-and-update.company-information.service.gov.uk/company/03892782/charges/kWBZ7hFU78ir2IQ_g7u1_j-tjhA | charge 2003-08-28 (outstanding) to The Law Debenture Pension Trust Corporation PLC (The ""Isp Trustee"") and Its Successors, Assignsand Transferees || [high] registered proprietor (HM Land Registry) NATIONAL GRID ELECTRICAL TRANSMISSION PLC (02366977): HM Land Registry CCOD/OCOD Oct 2026: title ON191378 (Leasehold, 'land and buildings at Didcot Power Station, Didcot') proprietor NATIONAL GRID ELECTRICAL TRANSMISSION PLC 02366977; title cited at https://valeofwhitehorse.planning-register.co.uk/Document/GetFileBinary#155993/1630385.0000/221.0000 | ""on dated 9 January 2024 and by a Deed of Variation dated [ ] 2025), which lease is registered at the Land Registry with title number ON191378 (the “1990 Lease”); and (b) Secondly, a lease relating to land at Didcot Power Station, Didcot, Oxfordshire dated 14 Apr"" || [high] registered proprietor (HM Land Registry) NATIONAL GRID ELECTRICITY TRANSMISSION PLC (02366977): HM Land Registry CCOD/OCOD Oct 2026: title ON297164 (Leasehold, 'Land at Didcot Power Station, Didcot') proprietor NATIONAL GRID ELECTRICITY TRANSMISSION PLC 02366977; title cited at https://valeofwhitehorse.planning-register.co.uk/Document/GetFileBinary#155993/1630385.0000/221.0000 | ""nal Grid Electricity Transmission Plc (2) (as subsequently varied), which lease is registered at the Land Registry with title ON297164 (the “2011 Lease”); and (c) Thirdly, a Lease by Reference relating to land at Didcot Power Station, Didcot, Oxfordshire"" || [low] registered proprietor (HM Land Registry) AMAZON DATA SERVICES UK LIMITED (09959151): HM Land Registry CCOD/OCOD Oct 2026 address match: title ON322203 ('Gatehouse, Didcot Power Station, Purchas Road, Didcot') proprietor AMAZON DATA SERVICES UK LIMITED 09959151 || [low] portal applicant (name only): https://valeofwhitehorse.planning-register.co.uk/Planning/Display?applicationNumber=P22%2FV1857%2FO | Applicant Name: ""RWE Generation UK plc"""
UK:Hart/25/01617/CON,UK,Hart,25/01617/CON,2025-08-22,2025-10-14,Conditions,Condition Discharged,conditions discharge,true,data centre (type not stated),,,,,05396063,low (address match; check title plan),evidence chain: registered proprietor (HM Land Registry); Companies House PSC chain,,Union4 Planning,08630640,ARK ESTATES CODY PARK LIMITED (08630640) > ARK ESTATES HOLDINGS LIMITED (08676791) > ? (05396063),HP674736 (low); HP761464 (low); HP800864 (low); HP809209 (low),ARK A9 GP LIMITED (07683878) [low]; ARK DATA CENTRES LIMITED (05656968) [low]; ARK ESTATES CODY PARK LIMITED (08630640) [low]; DATUM DATACENTRES LIMITED (07954217) [low],Cbre Loan Services Limited (And Its Successors in Title and Permitted Transferees),,Approval of condition 10: Construction Method Statement pursuant to 22/01088/FUL: Erection of two storey data centre and plant enclosure on existing car park,Cody Technology Park Ively Road Farnborough,,,https://www.planit.org.uk/planapplic/Hart/25/01617/CON/,,PlanIt,2026-10-09,2026-10-09,manual-review-2026-10-09,Hart 22/01088/FUL,"[low] registered proprietor (HM Land Registry): HM Land Registry CCOD/OCOD Oct 2026 address match: title HP674736 ('Buildings A50 and A57, Cody Technology Park, Ively Road, Farnborough') proprietor ARK ESTATES CODY PARK LIMITED 08630640 || https://find-and-update.company-information.service.gov.uk/company/08630640 | ARK ESTATES CODY PARK LIMITED PSC: Ark Estates Holdings Limited (08676791 England) notified 2016-04-06 || https://find-and-update.company-information.service.gov.uk/company/08676791 | ARK ESTATES HOLDINGS LIMITED PSC: Revcap Properties 25 Limited (05396063 England) notified 2016-04-06 || https://find-and-update.company-information.service.gov.uk/company/08630640/charges/chND0eK05Hu9BbBwwZBb7GKmg4s | charge 2026-04-01 (outstanding) to Cbre Loan Services Limited (And Its Successors in Title and Permitted Transferees); titles HP634842 || https://find-and-update.company-information.service.gov.uk/company/08630640/charges/W-ZRMh4UAonk2p4VRPe4-AKo5iI | charge 2022-03-18 (fully-satisfied) to Lloyds Bank PLC (As Security Agent); titles HP634842 || https://find-and-update.company-information.service.gov.uk/company/08630640/charges/weow4BPTf0to7G6XZMIOe7MXUA4 | charge 2021-01-27 (fully-satisfied) to Lloyds Bank PLC; titles A50, A57 || https://find-and-update.company-information.service.gov.uk/company/08630640/charges/FLL3NMxkf7a1PVKD6n4HfdHvKYU | charge 2019-09-23 (fully-satisfied) to Lloyds Bank PLC; titles HP634842 || https://find-and-update.company-information.service.gov.uk/company/08630640/charges/ruJcxcNO2gUZt2P_dFvOrCueXSo | charge 2018-06-21 (fully-satisfied) to Lloyds Bank PLC (In Its Capacity as Security Agent); titles HP634842 || [low] registered proprietor (HM Land Registry) DATUM DATACENTRES LIMITED (07954217): HM Land Registry CCOD/OCOD Oct 2026 address match: title HP761464 ('Buildings A51, A52 And A53, Cody Technology Park, Ively Road, Farnborough') proprietor DATUM DATACENTRES LIMITED 07954217 || [low] registered proprietor (HM Land Registry) ARK A9 GP LIMITED (07683878): HM Land Registry CCOD/OCOD Oct 2026 address match: title HP809209 ('land adjoining Building A9, Ively Road, Farnborough') proprietor ARK A9 GP LIMITED 07683878 || [low] registered proprietor (HM Land Registry) ARK DATA CENTRES LIMITED (05656968): HM Land Registry CCOD/OCOD Oct 2026 address match: title HP800864 ('Building A103, Cody Park, Ively Road, Farnborough (GU14 0LH)') proprietor ARK DATA CENTRES LIMITED 05656968"
UK:Cherwell/25/02190/HYBRID,UK,Cherwell,25/02190/HYBRID,2025-08-22,,Undecided,,outline application,true,data centre (type not stated),,,7500,,,,,,,,,,,,,"A hybrid planning application consisting of: demolition of buildings and structures as listed in Schedule 1, Up to 9,000 new dwellings (Class C3) comprised of: Outline planning permission for up to 8,848 dwellings (Class C3) and Change of Use of Buildings 320, 345, 350,172 for up to152 dwellings (Class C3), outline planning permission for up to: 4,610 sq.m of new light industrial buildings (Class B2), 2,600 sq.m of new warehouse buildings (Class B8), 5,500 sq.m of new hotel buildings (Class C1), 35,350 sq.m of new commercial, business and service buildings (Class E), comprising of retail, restaurant/café, indoor sport/recreation and fitness, medical/health services, creche/nursery, and office/research & development, Learning buildings (Class F1), comprising of four primary schools (1 x 2FE and 3 x 3FE) , 1 secondary school (1 x 9FE), a Centre for Peace Studies (1,100 sq.m.) and library buildings (520 sq.m), 6,550 sq.m of local community uses (Class F2), comprising of community centre, leisure centre/swimming pool and facilities for outdoor sport, 1,000 sq.m of Public House/restaurant (sui generis), 7,500 sq.m for datacentre buildings (Class B8), Renewable energy generation with associated infrastructure, including 3 wind turbines, solar pv and battery energy storage systems. The change of use of existing buildings: Permanent change of use of buildings and structures as listed in Schedule 2, associated infrastructure works, including surface water attenuation provision, improvements to foul drainage systems, highway and transport works, green and blue infrastructure provision.",Heyford Park Camp Road Upper Heyford,,,https://www.planit.org.uk/planapplic/Cherwell/25/02190/HYBRID/,"7,500 sq m of DC buildings within a 9,000-home hybrid",PlanIt,2026-10-09,2026-10-09,manual-review-2026-10-09,"Cherwell 25/02190/HYBRID 9,000-home scheme",
UK:Hillingdon/75111/APP/2025/2237,UK,Hillingdon,75111/APP/2025/2237,2025-08-21,2026-01-16,Permitted,,conditions discharge,true,data centre (type not stated),,,,,REAL ESTATE VENTURE CAPITAL PARTNERS LLP (individual PSC: Mr Andrew John Pettit),high,evidence chain: named as First Owner in legal agreement; Companies House PSC chain,,,14585794,ARK UP4 LIMITED (14585794) > UP4 HOLDINGS LIMITED (14919643) > ARK ESTATES 2 LIMITED (12113969) > REVCAP PROPERTIES 25 LIMITED (05395063) > REVCAP UK HOLDINGS LIMITED (04995163) > LUMLEY PROPERTIES HOLDINGS LIMITED (13856087) > REAL ESTATE VENTURE CAPITAL PARTNERS 1 LLP (OC307140) > REAL ESTATE VENTURE CAPITAL PARTNERS LLP (OC307139),AGL603378; AGL63366; AGL73971; FW03; RE03; AGL32414 (low); AGL568647 (low); AGL568658 (low); AGL601577 (low),ARK ESTATES 2 LIMITED (12113969) [high]; ARK UP1 LIMITED (14111586) [low]; ARK UP2 LIMITED (14111543) [low]; ARK UP3 LIMITED (14551933) [low]; ARK UP4 LIMITED (14585794) [high]; SEGRO (HAYES) LIMITED (09732093) [low],,,"Details pursuant to the partial discharge of Condition 9 (Landscape Scheme) in relation to UP2 and UP3 only as attached to planning permission ref. 75111/APP/2020/1955, dated 15-04-2021 (Site clearance and preparation, including the demolition of remaining buildings, and the redevelopment of the site to provide: a new data centre (Use Class B8), two MV Energy Centres (including stand-by generation plant and gas storage), a HV Sub-Station, a visitor reception centre, plant, the creation of a new footpath and cycleway link to the canal towpath, works to the highway, car parking, cycle parking, associated infrastructure, enclosures and necessary physical security systems, hard and soft landscaping (including works to the River Crane) and ancillary uses, as well as associated external works).",Land at Bulls Bridge Industrial Estate NORTH HYDE GARDENS HAYES UB3 4QQ,,,https://www.planit.org.uk/planapplic/Hillingdon/75111/APP/2025/2237/,,PlanIt,2026-10-09,2026-10-09,manual-review-2026-10-09,"Union Park, Hayes (Hillingdon 75111/APP/2020/1955)","[high] named as First Owner in legal agreement: https://planning.hillingdon.gov.uk/OcellaWeb/viewDocument?file=dv_pl_files%5C75111_APP_2025_739%5CUnion+Park+UP4+North+Hyde+Gardens+-+s106+-+10+August+26.pdf&module=pl | ""ef: 26310 E-Sign ID: f£223c26f-be10-41ea-a239-2fe8fdceedea THIS PLANNING OBLIGATION BY DEED is dated 10 August 2026 and is made BETWEEN: A. ARK UP4 LIMITED (Co Reg No.14585794) whose registered office is situated at Spring Park, Westwells Road, Corsham, Wiltshire, United Kingdom, SN13 9GB ('the Firs"" || https://find-and-update.company-information.service.gov.uk/company/14585794 | ARK UP4 LIMITED PSC: Up4 Holdings Limited (14919643 England) notified 2023-06-19 || https://find-and-update.company-information.service.gov.uk/company/14919643 | UP4 HOLDINGS LIMITED PSC: Ark Estates 2 Limited (12113969 United Kingdom) notified 2023-06-07 || https://find-and-update.company-information.service.gov.uk/company/12113969 | ARK ESTATES 2 LIMITED PSC: Revcap Properties 25 Limited (05395063 England) notified 2019-07-19 || https://find-and-update.company-information.service.gov.uk/company/05395063 | REVCAP PROPERTIES 25 LIMITED PSC: Revcap Uk Holdings Limited (04995163 England) notified 2016-04-18 || https://find-and-update.company-information.service.gov.uk/company/04995163 | REVCAP UK HOLDINGS LIMITED PSC: Lumley Properties Holdings Limited (13856087 England) notified 2022-03-14 || https://find-and-update.company-information.service.gov.uk/company/13856087 | LUMLEY PROPERTIES HOLDINGS LIMITED PSC: Real Estate Venture Capital Partners 1 Llp (OC307140 United Kingdom) notified 2022-01-18 || https://find-and-update.company-information.service.gov.uk/company/OC307140 | REAL ESTATE VENTURE CAPITAL PARTNERS 1 LLP PSC: Real Estate Venture Capital Partners Llp (OC307139 England) notified 2016-04-18 || [high] registered proprietor (HM Land Registry) ARK UP4 LIMITED (14585794): HM Land Registry CCOD/OCOD Oct 2026: title AGL603378 (Leasehold, 'Block 4, Union Park, North Hyde Gardens, Hayes') proprietor ARK UP4 LIMITED 14585794; title cited at https://planning.hillingdon.gov.uk/OcellaWeb/viewDocument?file=dv_pl_files%5C75111_APP_2025_739%5CUnion+Park+UP4+North+Hyde+Gardens+-+s106+-+10+August+26.pdf&module=pl | ""bligations in this Agreement are enforceable. 1.2 The First Owner has a leasehold interest in the Site registered under Title Number AGL603378 at the Land Registry. 1.3 The Second Owner has a freehold interest in the Site registered under Title Numbers AGL73971 a"" || [high] registered proprietor (HM Land Registry) ARK ESTATES 2 LIMITED (12113969): HM Land Registry CCOD/OCOD Oct 2026: title AGL73971 (Freehold, 'Land at Bulls Bridge, Hayes') proprietor ARK ESTATES 2 LIMITED 12113969; title cited at https://planning.hillingdon.gov.uk/OcellaWeb/viewDocument?file=dv_pl_files%5C75111_APP_2025_739%5CUnion+Park+UP4+North+Hyde+Gardens+-+s106+-+10+August+26.pdf&module=pl | ""Title Number AGL603378 at the Land Registry. 1.3 The Second Owner has a freehold interest in the Site registered under Title Numbers AGL73971 and AGL63366 at the Land Registry. 1.4 On 18 March 2025, the First Owner submitted the Planning Application to the Council for permis"" || [low] registered proprietor (HM Land Registry) SEGRO (HAYES) LIMITED (09732093): HM Land Registry CCOD/OCOD Oct 2026 address match: title AGL32414 ('land on the north side of Segro Industrial Park, North Hyde Gardens, Hayes (UB3 4FR)') proprietor SEGRO (HAYES) LIMITED 09732093 || [low] registered proprietor (HM Land Registry) ARK UP3 LIMITED (14551933): HM Land Registry CCOD/OCOD Oct 2026 address match: title AGL601577 ('Block 3, Union Park, North Hyde Gardens, Hayes') proprietor ARK UP3 LIMITED 14551933 || [low] registered proprietor (HM Land Registry) ARK UP1 LIMITED (14111586): HM Land Registry CCOD/OCOD Oct 2026 address match: title AGL568647 ('land on the north side of North Hyde Gardens, Hayes') proprietor ARK UP1 LIMITED 14111586"
UK:WhiteHorse/P25/V1844/DIS,UK,Vale of White Horse,P25/V1844/DIS,2025-08-21,2025-10-14,Conditions,Partially Discharged,conditions discharge,true,hyperscale/campus,,,197000,,Rwe Ag,high,evidence chain: registered proprietor (HM Land Registry); Companies House PSC chain,,,03892782,"RWE GENERATION UK PLC (03892782) > Rwe Ag (HRB14525, Germany)",BK65574; ON15785; ON157852; ON191378; ON297164; ON322203 (low),AMAZON DATA SERVICES UK LIMITED (09959151) [low]; NATIONAL GRID ELECTRICAL TRANSMISSION PLC (02366977) [high]; NATIONAL GRID ELECTRICITY TRANSMISSION PLC (02366977) [high]; RWE GENERATION UK PLC (03892782) [high],"The Law Debenture Pension Trust Corporation PLC (The ""Isp Trustee"") and Its Successors, Assignsand Transferees",,"Discharge of Conditions 22 - Biodiversity Construction Environment Management Plan on Planning Application P22/V1857/O (Hybrid application comprising: 1. Outline planning permission for the erection of up to 197,000m2 Use Class B8 data centre development with ancillary Use Class E office space, together with associated groundworks, utilities, infrastructure, engineering and enabling works. Matters relating to appearance, landscaping, drainage, layout and scale of the development areas reserved for subsequent approval; and 2. Full planning permission for the construction of new and improved site access, new access roads, hard & soft landscaping, creation of SUDS and all associated infrastructure and engineering works. (as amended by information and plans received 12 May 2023, 17 November 2023 and 11 July 2024).","Didcot Power Station, Rwe N Power Plc Didcot Power Station Didcot OX11 7HA",,,https://www.planit.org.uk/planapplic/WhiteHorse/P25/V1844/DIS/,,PlanIt,2026-10-09,2026-10-09,manual-review-2026-10-09,Vale P22/V1857/O (likely former Didcot A Power Station),"[high] registered proprietor (HM Land Registry): HM Land Registry CCOD/OCOD Oct 2026: title BK65574 (Freehold, 'land on the North and South side of Port Way, Sutton Coutenay') proprietor RWE GENERATION UK PLC 03892782; title cited at https://valeofwhitehorse.planning-register.co.uk/Document/GetFileBinary#155993/1395862.0000/200.0000 | ""ted. (C) The Owner is the freehold owner of the Owner’s S106 Land free from encumbrances (other than those contained in title numbers BK65574 and ON157852 and as contained in the Title Documents) as set out in the First Schedule. (D) The District Council has delegated authority"" || [high] registered proprietor (HM Land Registry): HM Land Registry CCOD/OCOD Oct 2026: title ON157852 (Freehold, 'Land at Didcot Power Station, Didcot') proprietor RWE GENERATION UK PLC 03892782; title cited at https://valeofwhitehorse.planning-register.co.uk/Document/GetFileBinary#155993/1395862.0000/200.0000 | ""ted. (C) The Owner is the freehold owner of the Owner’s S106 Land free from encumbrances (other than those contained in title numbers BK65574 and ON157852 and as contained in the Title Documents) as set out in the First Schedule. (D) The District Council has delegated authority"" || https://find-and-update.company-information.service.gov.uk/company/03892782 | RWE GENERATION UK PLC PSC: Rwe Ag (HRB14525 Germany) notified 2016-04-06 || https://find-and-update.company-information.service.gov.uk/company/03892782/charges/WbSro29nLGaC7XEVuENfRVJoVbA | charge 2005-10-28 (fully-satisfied) to Calyon, London Branch || https://find-and-update.company-information.service.gov.uk/company/03892782/charges/kWBZ7hFU78ir2IQ_g7u1_j-tjhA | charge 2003-08-28 (outstanding) to The Law Debenture Pension Trust Corporation PLC (The ""Isp Trustee"") and Its Successors, Assignsand Transferees || [high] registered proprietor (HM Land Registry) NATIONAL GRID ELECTRICAL TRANSMISSION PLC (02366977): HM Land Registry CCOD/OCOD Oct 2026: title ON191378 (Leasehold, 'land and buildings at Didcot Power Station, Didcot') proprietor NATIONAL GRID ELECTRICAL TRANSMISSION PLC 02366977; title cited at https://valeofwhitehorse.planning-register.co.uk/Document/GetFileBinary#155993/1630385.0000/221.0000 | ""on dated 9 January 2024 and by a Deed of Variation dated [ ] 2025), which lease is registered at the Land Registry with title number ON191378 (the “1990 Lease”); and (b) Secondly, a lease relating to land at Didcot Power Station, Didcot, Oxfordshire dated 14 Apr"" || [high] registered proprietor (HM Land Registry) NATIONAL GRID ELECTRICITY TRANSMISSION PLC (02366977): HM Land Registry CCOD/OCOD Oct 2026: title ON297164 (Leasehold, 'Land at Didcot Power Station, Didcot') proprietor NATIONAL GRID ELECTRICITY TRANSMISSION PLC 02366977; title cited at https://valeofwhitehorse.planning-register.co.uk/Document/GetFileBinary#155993/1630385.0000/221.0000 | ""nal Grid Electricity Transmission Plc (2) (as subsequently varied), which lease is registered at the Land Registry with title ON297164 (the “2011 Lease”); and (c) Thirdly, a Lease by Reference relating to land at Didcot Power Station, Didcot, Oxfordshire"" || [low] registered proprietor (HM Land Registry) AMAZON DATA SERVICES UK LIMITED (09959151): HM Land Registry CCOD/OCOD Oct 2026 address match: title ON322203 ('Gatehouse, Didcot Power Station, Purchas Road, Didcot') proprietor AMAZON DATA SERVICES UK LIMITED 09959151 || [low] portal applicant (name only): https://valeofwhitehorse.planning-register.co.uk/Planning/Display?applicationNumber=P22%2FV1857%2FO | Applicant Name: ""RWE Generation UK plc"""
UK:Harlow/HW/LDOC/25/00366,UK,Harlow,HW/LDOC/25/00366,2025-08-21,2025-12-17,Permitted,Confirmation of Compliance,lawful use / LDO certificate,true,data centre (type not stated),,,,,,,,,Stantec (formerly Barton Wilmore),,,,,,Powerrapid Ltd,"LDO Compliance Application - Data Centre Development at the Powerrapid Ltd Site, London Road North",Proposed Powerrapid Data Centre Harlow Innovation Park Maypole Boulevard Harlow Innovation Park Harlow Essex,,,https://www.planit.org.uk/planapplic/Harlow/HW/LDOC/25/00366/,LDO compliance confirmed,PlanIt,2026-10-09,2026-10-09,manual-review-2026-10-09,"Harlow Innovation Park, Powerrapid DC (LDO)",
UK:Edinburgh/25/04239/PPP,UK,Edinburgh,25/04239/PPP,2025-08-18,,Undecided,,outline application,true,data centre (type not stated),,,,,,,,,,,,,,,,"Planning permission in principle for erection of a Green Data Centre with associated infrastructure, landscaping, servicing, car and cycle parking; formation of public park with sports facilities; and formation of active travel routes; full approval for the siting of the data centre development and public park; maximum height and limits of deviation of proposed development; siting of active travel routes and points of vehicular access/egress.",1 Redheughs Avenue Edinburgh EH12 9RH,,,https://www.planit.org.uk/planapplic/Edinburgh/25/04239/PPP/,PPP with public park,PlanIt,2026-10-09,2026-10-09,manual-review-2026-10-09,"1 Redheughs Avenue, South Gyle, Edinburgh",
UK:WhiteHorse/P25/V1735/DIS,UK,Vale of White Horse,P25/V1735/DIS,2025-08-11,2025-10-16,Conditions,Partially Discharged,conditions discharge,true,hyperscale/campus,,,197000,,Rwe Ag,high,evidence chain: registered proprietor (HM Land Registry); Companies House PSC chain,,,03892782,"RWE GENERATION UK PLC (03892782) > Rwe Ag (HRB14525, Germany)",BK65574; ON15785; ON157852; ON191378; ON297164; ON322203 (low),AMAZON DATA SERVICES UK LIMITED (09959151) [low]; NATIONAL GRID ELECTRICAL TRANSMISSION PLC (02366977) [high]; NATIONAL GRID ELECTRICITY TRANSMISSION PLC (02366977) [high]; RWE GENERATION UK PLC (03892782) [high],"The Law Debenture Pension Trust Corporation PLC (The ""Isp Trustee"") and Its Successors, Assignsand Transferees",,"Discharge of condition 9 (Remediation of Ground Conditions) for application ref. P22/V1857/O Hybrid application comprising: 1. Outline planning permission for the erection of up to 197,000m2 Use Class B8 data centre development with ancillary Use Class E office space, together with associated groundworks, utilities, infrastructure, engineering and enabling works. Matters relating to appearance, landscaping, drainage, layout and scale of the development areas reserved for subsequent approval; and 2. Full planning permission for the construction of new and improved site access, new access roads, hard & soft landscaping, creation of SUDS and all associated infrastructure and engineering works.","Didcot Power Station, Rwe N Power Plc Didcot Power Station Didcot OX11 7HA",,,https://www.planit.org.uk/planapplic/WhiteHorse/P25/V1735/DIS/,,PlanIt,2026-10-09,2026-10-09,manual-review-2026-10-09,Vale P22/V1857/O (likely former Didcot A Power Station),"[high] registered proprietor (HM Land Registry): HM Land Registry CCOD/OCOD Oct 2026: title BK65574 (Freehold, 'land on the North and South side of Port Way, Sutton Coutenay') proprietor RWE GENERATION UK PLC 03892782; title cited at https://valeofwhitehorse.planning-register.co.uk/Document/GetFileBinary#155993/1395862.0000/200.0000 | ""ted. (C) The Owner is the freehold owner of the Owner’s S106 Land free from encumbrances (other than those contained in title numbers BK65574 and ON157852 and as contained in the Title Documents) as set out in the First Schedule. (D) The District Council has delegated authority"" || [high] registered proprietor (HM Land Registry): HM Land Registry CCOD/OCOD Oct 2026: title ON157852 (Freehold, 'Land at Didcot Power Station, Didcot') proprietor RWE GENERATION UK PLC 03892782; title cited at https://valeofwhitehorse.planning-register.co.uk/Document/GetFileBinary#155993/1395862.0000/200.0000 | ""ted. (C) The Owner is the freehold owner of the Owner’s S106 Land free from encumbrances (other than those contained in title numbers BK65574 and ON157852 and as contained in the Title Documents) as set out in the First Schedule. (D) The District Council has delegated authority"" || https://find-and-update.company-information.service.gov.uk/company/03892782 | RWE GENERATION UK PLC PSC: Rwe Ag (HRB14525 Germany) notified 2016-04-06 || https://find-and-update.company-information.service.gov.uk/company/03892782/charges/WbSro29nLGaC7XEVuENfRVJoVbA | charge 2005-10-28 (fully-satisfied) to Calyon, London Branch || https://find-and-update.company-information.service.gov.uk/company/03892782/charges/kWBZ7hFU78ir2IQ_g7u1_j-tjhA | charge 2003-08-28 (outstanding) to The Law Debenture Pension Trust Corporation PLC (The ""Isp Trustee"") and Its Successors, Assignsand Transferees || [high] registered proprietor (HM Land Registry) NATIONAL GRID ELECTRICAL TRANSMISSION PLC (02366977): HM Land Registry CCOD/OCOD Oct 2026: title ON191378 (Leasehold, 'land and buildings at Didcot Power Station, Didcot') proprietor NATIONAL GRID ELECTRICAL TRANSMISSION PLC 02366977; title cited at https://valeofwhitehorse.planning-register.co.uk/Document/GetFileBinary#155993/1630385.0000/221.0000 | ""on dated 9 January 2024 and by a Deed of Variation dated [ ] 2025), which lease is registered at the Land Registry with title number ON191378 (the “1990 Lease”); and (b) Secondly, a lease relating to land at Didcot Power Station, Didcot, Oxfordshire dated 14 Apr"" || [high] registered proprietor (HM Land Registry) NATIONAL GRID ELECTRICITY TRANSMISSION PLC (02366977): HM Land Registry CCOD/OCOD Oct 2026: title ON297164 (Leasehold, 'Land at Didcot Power Station, Didcot') proprietor NATIONAL GRID ELECTRICITY TRANSMISSION PLC 02366977; title cited at https://valeofwhitehorse.planning-register.co.uk/Document/GetFileBinary#155993/1630385.0000/221.0000 | ""nal Grid Electricity Transmission Plc (2) (as subsequently varied), which lease is registered at the Land Registry with title ON297164 (the “2011 Lease”); and (c) Thirdly, a Lease by Reference relating to land at Didcot Power Station, Didcot, Oxfordshire"" || [low] registered proprietor (HM Land Registry) AMAZON DATA SERVICES UK LIMITED (09959151): HM Land Registry CCOD/OCOD Oct 2026 address match: title ON322203 ('Gatehouse, Didcot Power Station, Purchas Road, Didcot') proprietor AMAZON DATA SERVICES UK LIMITED 09959151 || [low] portal applicant (name only): https://valeofwhitehorse.planning-register.co.uk/Planning/Display?applicationNumber=P22%2FV1857%2FO | Applicant Name: ""RWE Generation UK plc"""
UK:Hillingdon/75111/APP/2025/2153,UK,Hillingdon,75111/APP/2025/2153,2025-08-11,2025-10-15,Permitted,,conditions discharge,true,data centre (type not stated),,,,,REAL ESTATE VENTURE CAPITAL PARTNERS LLP (individual PSC: Mr Andrew John Pettit),high,evidence chain: named as First Owner in legal agreement; Companies House PSC chain,,,14585794,ARK UP4 LIMITED (14585794) > UP4 HOLDINGS LIMITED (14919643) > ARK ESTATES 2 LIMITED (12113969) > REVCAP PROPERTIES 25 LIMITED (05395063) > REVCAP UK HOLDINGS LIMITED (04995163) > LUMLEY PROPERTIES HOLDINGS LIMITED (13856087) > REAL ESTATE VENTURE CAPITAL PARTNERS 1 LLP (OC307140) > REAL ESTATE VENTURE CAPITAL PARTNERS LLP (OC307139),AGL603378; AGL63366; AGL73971; FW03; RE03; AGL32414 (low); AGL568647 (low); AGL568658 (low); AGL601577 (low),ARK ESTATES 2 LIMITED (12113969) [high]; ARK UP1 LIMITED (14111586) [low]; ARK UP2 LIMITED (14111543) [low]; ARK UP3 LIMITED (14551933) [low]; ARK UP4 LIMITED (14585794) [high]; SEGRO (HAYES) LIMITED (09732093) [low],,,"Details pursuant to the partial discharge of Condition 10 (Green Roof and Walls) in relation to Union Park 2 (UP2) and UP3 only as attached to planning permission ref. 75111/APP/2020/1955 dated 15-04-2021 (Site clearance and preparation, including the demolition of remaining buildings, and the redevelopment of the site to provide: a new data centre (Use Class B8), a HV Sub-Station, works to the highway, car parking, cycle parking, associated infrastructure, enclosures and necessary physical security systems, hard and soft landscaping (including works to the River Crane) and ancillary uses, as well as associated external works.)",Land at Bulls Bridge Industrial Estate NORTH HYDE GARDENS HAYES UB3 4QQ,,,https://www.planit.org.uk/planapplic/Hillingdon/75111/APP/2025/2153/,,PlanIt,2026-10-09,2026-10-09,manual-review-2026-10-09,"Union Park, Hayes (Hillingdon 75111/APP/2020/1955)","[high] named as First Owner in legal agreement: https://planning.hillingdon.gov.uk/OcellaWeb/viewDocument?file=dv_pl_files%5C75111_APP_2025_739%5CUnion+Park+UP4+North+Hyde+Gardens+-+s106+-+10+August+26.pdf&module=pl | ""ef: 26310 E-Sign ID: f£223c26f-be10-41ea-a239-2fe8fdceedea THIS PLANNING OBLIGATION BY DEED is dated 10 August 2026 and is made BETWEEN: A. ARK UP4 LIMITED (Co Reg No.14585794) whose registered office is situated at Spring Park, Westwells Road, Corsham, Wiltshire, United Kingdom, SN13 9GB ('the Firs"" || https://find-and-update.company-information.service.gov.uk/company/14585794 | ARK UP4 LIMITED PSC: Up4 Holdings Limited (14919643 England) notified 2023-06-19 || https://find-and-update.company-information.service.gov.uk/company/14919643 | UP4 HOLDINGS LIMITED PSC: Ark Estates 2 Limited (12113969 United Kingdom) notified 2023-06-07 || https://find-and-update.company-information.service.gov.uk/company/12113969 | ARK ESTATES 2 LIMITED PSC: Revcap Properties 25 Limited (05395063 England) notified 2019-07-19 || https://find-and-update.company-information.service.gov.uk/company/05395063 | REVCAP PROPERTIES 25 LIMITED PSC: Revcap Uk Holdings Limited (04995163 England) notified 2016-04-18 || https://find-and-update.company-information.service.gov.uk/company/04995163 | REVCAP UK HOLDINGS LIMITED PSC: Lumley Properties Holdings Limited (13856087 England) notified 2022-03-14 || https://find-and-update.company-information.service.gov.uk/company/13856087 | LUMLEY PROPERTIES HOLDINGS LIMITED PSC: Real Estate Venture Capital Partners 1 Llp (OC307140 United Kingdom) notified 2022-01-18 || https://find-and-update.company-information.service.gov.uk/company/OC307140 | REAL ESTATE VENTURE CAPITAL PARTNERS 1 LLP PSC: Real Estate Venture Capital Partners Llp (OC307139 England) notified 2016-04-18 || [high] registered proprietor (HM Land Registry) ARK UP4 LIMITED (14585794): HM Land Registry CCOD/OCOD Oct 2026: title AGL603378 (Leasehold, 'Block 4, Union Park, North Hyde Gardens, Hayes') proprietor ARK UP4 LIMITED 14585794; title cited at https://planning.hillingdon.gov.uk/OcellaWeb/viewDocument?file=dv_pl_files%5C75111_APP_2025_739%5CUnion+Park+UP4+North+Hyde+Gardens+-+s106+-+10+August+26.pdf&module=pl | ""bligations in this Agreement are enforceable. 1.2 The First Owner has a leasehold interest in the Site registered under Title Number AGL603378 at the Land Registry. 1.3 The Second Owner has a freehold interest in the Site registered under Title Numbers AGL73971 a"" || [high] registered proprietor (HM Land Registry) ARK ESTATES 2 LIMITED (12113969): HM Land Registry CCOD/OCOD Oct 2026: title AGL73971 (Freehold, 'Land at Bulls Bridge, Hayes') proprietor ARK ESTATES 2 LIMITED 12113969; title cited at https://planning.hillingdon.gov.uk/OcellaWeb/viewDocument?file=dv_pl_files%5C75111_APP_2025_739%5CUnion+Park+UP4+North+Hyde+Gardens+-+s106+-+10+August+26.pdf&module=pl | ""Title Number AGL603378 at the Land Registry. 1.3 The Second Owner has a freehold interest in the Site registered under Title Numbers AGL73971 and AGL63366 at the Land Registry. 1.4 On 18 March 2025, the First Owner submitted the Planning Application to the Council for permis"" || [low] registered proprietor (HM Land Registry) SEGRO (HAYES) LIMITED (09732093): HM Land Registry CCOD/OCOD Oct 2026 address match: title AGL32414 ('land on the north side of Segro Industrial Park, North Hyde Gardens, Hayes (UB3 4FR)') proprietor SEGRO (HAYES) LIMITED 09732093 || [low] registered proprietor (HM Land Registry) ARK UP3 LIMITED (14551933): HM Land Registry CCOD/OCOD Oct 2026 address match: title AGL601577 ('Block 3, Union Park, North Hyde Gardens, Hayes') proprietor ARK UP3 LIMITED 14551933 || [low] registered proprietor (HM Land Registry) ARK UP1 LIMITED (14111586): HM Land Registry CCOD/OCOD Oct 2026 address match: title AGL568647 ('land on the north side of North Hyde Gardens, Hayes') proprietor ARK UP1 LIMITED 14111586"
UK:Hillingdon/75111/APP/2025/2120,UK,Hillingdon,75111/APP/2025/2120,2025-08-05,2025-10-21,Permitted,,conditions discharge,true,data centre (type not stated),,,,,REAL ESTATE VENTURE CAPITAL PARTNERS LLP (individual PSC: Mr Andrew John Pettit),high,evidence chain: named as First Owner in legal agreement; Companies House PSC chain,,,14585794,ARK UP4 LIMITED (14585794) > UP4 HOLDINGS LIMITED (14919643) > ARK ESTATES 2 LIMITED (12113969) > REVCAP PROPERTIES 25 LIMITED (05395063) > REVCAP UK HOLDINGS LIMITED (04995163) > LUMLEY PROPERTIES HOLDINGS LIMITED (13856087) > REAL ESTATE VENTURE CAPITAL PARTNERS 1 LLP (OC307140) > REAL ESTATE VENTURE CAPITAL PARTNERS LLP (OC307139),AGL603378; AGL63366; AGL73971; FW03; RE03; AGL32414 (low); AGL568647 (low); AGL568658 (low); AGL601577 (low),ARK ESTATES 2 LIMITED (12113969) [high]; ARK UP1 LIMITED (14111586) [low]; ARK UP2 LIMITED (14111543) [low]; ARK UP3 LIMITED (14551933) [low]; ARK UP4 LIMITED (14585794) [high]; SEGRO (HAYES) LIMITED (09732093) [low],,,"Details pursuant to the discharge of Condition 41 (District Heating Strategy) as attached to planning permission ref. 75111/APP/2020/1955 dated 15-04-2021 (Site clearance and preparation, including the demolition of remaining buildings, and the redevelopment of the site to provide: a new data centre (Use Class B8), two MV Energy Centres (including stand-by generation plant and gas storage), a HV Sub-Station, a visitor reception centre, plant, the creation of a new footpath and cycleway link to the canal towpath, works to the highway, car parking, cycle parking, associated infrastructure, enclosures and necessary physical security systems, hard and soft landscaping (including works to the River Crane) and ancillary uses, as well as associated external works).",Land at Bulls Bridge Industrial Estate NORTH HYDE GARDENS HAYES UB3 4QQ,,,https://www.planit.org.uk/planapplic/Hillingdon/75111/APP/2025/2120/,,PlanIt,2026-10-09,2026-10-09,manual-review-2026-10-09,"Union Park, Hayes (Hillingdon 75111/APP/2020/1955)","[high] named as First Owner in legal agreement: https://planning.hillingdon.gov.uk/OcellaWeb/viewDocument?file=dv_pl_files%5C75111_APP_2025_739%5CUnion+Park+UP4+North+Hyde+Gardens+-+s106+-+10+August+26.pdf&module=pl | ""ef: 26310 E-Sign ID: f£223c26f-be10-41ea-a239-2fe8fdceedea THIS PLANNING OBLIGATION BY DEED is dated 10 August 2026 and is made BETWEEN: A. ARK UP4 LIMITED (Co Reg No.14585794) whose registered office is situated at Spring Park, Westwells Road, Corsham, Wiltshire, United Kingdom, SN13 9GB ('the Firs"" || https://find-and-update.company-information.service.gov.uk/company/14585794 | ARK UP4 LIMITED PSC: Up4 Holdings Limited (14919643 England) notified 2023-06-19 || https://find-and-update.company-information.service.gov.uk/company/14919643 | UP4 HOLDINGS LIMITED PSC: Ark Estates 2 Limited (12113969 United Kingdom) notified 2023-06-07 || https://find-and-update.company-information.service.gov.uk/company/12113969 | ARK ESTATES 2 LIMITED PSC: Revcap Properties 25 Limited (05395063 England) notified 2019-07-19 || https://find-and-update.company-information.service.gov.uk/company/05395063 | REVCAP PROPERTIES 25 LIMITED PSC: Revcap Uk Holdings Limited (04995163 England) notified 2016-04-18 || https://find-and-update.company-information.service.gov.uk/company/04995163 | REVCAP UK HOLDINGS LIMITED PSC: Lumley Properties Holdings Limited (13856087 England) notified 2022-03-14 || https://find-and-update.company-information.service.gov.uk/company/13856087 | LUMLEY PROPERTIES HOLDINGS LIMITED PSC: Real Estate Venture Capital Partners 1 Llp (OC307140 United Kingdom) notified 2022-01-18 || https://find-and-update.company-information.service.gov.uk/company/OC307140 | REAL ESTATE VENTURE CAPITAL PARTNERS 1 LLP PSC: Real Estate Venture Capital Partners Llp (OC307139 England) notified 2016-04-18 || [high] registered proprietor (HM Land Registry) ARK UP4 LIMITED (14585794): HM Land Registry CCOD/OCOD Oct 2026: title AGL603378 (Leasehold, 'Block 4, Union Park, North Hyde Gardens, Hayes') proprietor ARK UP4 LIMITED 14585794; title cited at https://planning.hillingdon.gov.uk/OcellaWeb/viewDocument?file=dv_pl_files%5C75111_APP_2025_739%5CUnion+Park+UP4+North+Hyde+Gardens+-+s106+-+10+August+26.pdf&module=pl | ""bligations in this Agreement are enforceable. 1.2 The First Owner has a leasehold interest in the Site registered under Title Number AGL603378 at the Land Registry. 1.3 The Second Owner has a freehold interest in the Site registered under Title Numbers AGL73971 a"" || [high] registered proprietor (HM Land Registry) ARK ESTATES 2 LIMITED (12113969): HM Land Registry CCOD/OCOD Oct 2026: title AGL73971 (Freehold, 'Land at Bulls Bridge, Hayes') proprietor ARK ESTATES 2 LIMITED 12113969; title cited at https://planning.hillingdon.gov.uk/OcellaWeb/viewDocument?file=dv_pl_files%5C75111_APP_2025_739%5CUnion+Park+UP4+North+Hyde+Gardens+-+s106+-+10+August+26.pdf&module=pl | ""Title Number AGL603378 at the Land Registry. 1.3 The Second Owner has a freehold interest in the Site registered under Title Numbers AGL73971 and AGL63366 at the Land Registry. 1.4 On 18 March 2025, the First Owner submitted the Planning Application to the Council for permis"" || [low] registered proprietor (HM Land Registry) SEGRO (HAYES) LIMITED (09732093): HM Land Registry CCOD/OCOD Oct 2026 address match: title AGL32414 ('land on the north side of Segro Industrial Park, North Hyde Gardens, Hayes (UB3 4FR)') proprietor SEGRO (HAYES) LIMITED 09732093 || [low] registered proprietor (HM Land Registry) ARK UP3 LIMITED (14551933): HM Land Registry CCOD/OCOD Oct 2026 address match: title AGL601577 ('Block 3, Union Park, North Hyde Gardens, Hayes') proprietor ARK UP3 LIMITED 14551933 || [low] registered proprietor (HM Land Registry) ARK UP1 LIMITED (14111586): HM Land Registry CCOD/OCOD Oct 2026 address match: title AGL568647 ('land on the north side of North Hyde Gardens, Hayes') proprietor ARK UP1 LIMITED 14111586"
UK:WestLothian/0625/PAC/25,UK,West Lothian,0625/PAC/25,2025-08-05,2025-08-14,Permitted,PAC - response issued,pre-application notice,true,AI/GPU,,250,,,,,,,AAH Consultants,,,,,,,"Proposal of application notice for the erection of an AI Data Centre Campus with a 250 MW demand utility capacity with ancillary battery energy storage system (BESS) (to be consented via separate Section 36 application to Scottish Government), car parking, landscaping, roads, access and associated works",Land At Former Freeport Shopping Village West Calder West Lothian EH55 8PN,,,https://www.planit.org.uk/planapplic/WestLothian/0625/PAC/25/,250MW demand utility capacity; BESS via Section 36,PlanIt,2026-10-09,2026-10-09,manual-review-2026-10-09,"Former Freeport, West Calder, West Lothian",
UK:WhiteHorse/P25/V1684/DIS,UK,Vale of White Horse,P25/V1684/DIS,2025-08-05,2025-09-30,Permitted,Fully Discharged,conditions discharge,true,hyperscale/campus,,,197000,,Rwe Ag,high,evidence chain: registered proprietor (HM Land Registry); Companies House PSC chain,,,03892782,"RWE GENERATION UK PLC (03892782) > Rwe Ag (HRB14525, Germany)",BK65574; ON15785; ON157852; ON191378; ON297164; ON322203 (low),AMAZON DATA SERVICES UK LIMITED (09959151) [low]; NATIONAL GRID ELECTRICAL TRANSMISSION PLC (02366977) [high]; NATIONAL GRID ELECTRICITY TRANSMISSION PLC (02366977) [high]; RWE GENERATION UK PLC (03892782) [high],"The Law Debenture Pension Trust Corporation PLC (The ""Isp Trustee"") and Its Successors, Assignsand Transferees",,"Discharge of condition 17(phasing plan) on application ref. P22/V1857/O Hybrid application comprising: 1. Outline planning permission for the erection of up to 197,000m2 Use Class B8 data centre development with ancillary Use Class E office space, together with associated groundworks, utilities, infrastructure, engineering and enabling works. Matters relating to appearance, landscaping, drainage, layout and scale of the development areas reserved for subsequent approval; and 2. Full planning permission for the construction of new and improved site access, new access roads, hard & soft landscaping, creation of SUDS and all associated infrastructure and engineering works.","Didcot Power Station, Rwe N Power Plc Didcot Power Station Didcot OX11 7HA",,,https://www.planit.org.uk/planapplic/WhiteHorse/P25/V1684/DIS/,,PlanIt,2026-10-09,2026-10-09,manual-review-2026-10-09,Vale P22/V1857/O (likely former Didcot A Power Station),"[high] registered proprietor (HM Land Registry): HM Land Registry CCOD/OCOD Oct 2026: title BK65574 (Freehold, 'land on the North and South side of Port Way, Sutton Coutenay') proprietor RWE GENERATION UK PLC 03892782; title cited at https://valeofwhitehorse.planning-register.co.uk/Document/GetFileBinary#155993/1395862.0000/200.0000 | ""ted. (C) The Owner is the freehold owner of the Owner’s S106 Land free from encumbrances (other than those contained in title numbers BK65574 and ON157852 and as contained in the Title Documents) as set out in the First Schedule. (D) The District Council has delegated authority"" || [high] registered proprietor (HM Land Registry): HM Land Registry CCOD/OCOD Oct 2026: title ON157852 (Freehold, 'Land at Didcot Power Station, Didcot') proprietor RWE GENERATION UK PLC 03892782; title cited at https://valeofwhitehorse.planning-register.co.uk/Document/GetFileBinary#155993/1395862.0000/200.0000 | ""ted. (C) The Owner is the freehold owner of the Owner’s S106 Land free from encumbrances (other than those contained in title numbers BK65574 and ON157852 and as contained in the Title Documents) as set out in the First Schedule. (D) The District Council has delegated authority"" || https://find-and-update.company-information.service.gov.uk/company/03892782 | RWE GENERATION UK PLC PSC: Rwe Ag (HRB14525 Germany) notified 2016-04-06 || https://find-and-update.company-information.service.gov.uk/company/03892782/charges/WbSro29nLGaC7XEVuENfRVJoVbA | charge 2005-10-28 (fully-satisfied) to Calyon, London Branch || https://find-and-update.company-information.service.gov.uk/company/03892782/charges/kWBZ7hFU78ir2IQ_g7u1_j-tjhA | charge 2003-08-28 (outstanding) to The Law Debenture Pension Trust Corporation PLC (The ""Isp Trustee"") and Its Successors, Assignsand Transferees || [high] registered proprietor (HM Land Registry) NATIONAL GRID ELECTRICAL TRANSMISSION PLC (02366977): HM Land Registry CCOD/OCOD Oct 2026: title ON191378 (Leasehold, 'land and buildings at Didcot Power Station, Didcot') proprietor NATIONAL GRID ELECTRICAL TRANSMISSION PLC 02366977; title cited at https://valeofwhitehorse.planning-register.co.uk/Document/GetFileBinary#155993/1630385.0000/221.0000 | ""on dated 9 January 2024 and by a Deed of Variation dated [ ] 2025), which lease is registered at the Land Registry with title number ON191378 (the “1990 Lease”); and (b) Secondly, a lease relating to land at Didcot Power Station, Didcot, Oxfordshire dated 14 Apr"" || [high] registered proprietor (HM Land Registry) NATIONAL GRID ELECTRICITY TRANSMISSION PLC (02366977): HM Land Registry CCOD/OCOD Oct 2026: title ON297164 (Leasehold, 'Land at Didcot Power Station, Didcot') proprietor NATIONAL GRID ELECTRICITY TRANSMISSION PLC 02366977; title cited at https://valeofwhitehorse.planning-register.co.uk/Document/GetFileBinary#155993/1630385.0000/221.0000 | ""nal Grid Electricity Transmission Plc (2) (as subsequently varied), which lease is registered at the Land Registry with title ON297164 (the “2011 Lease”); and (c) Thirdly, a Lease by Reference relating to land at Didcot Power Station, Didcot, Oxfordshire"" || [low] registered proprietor (HM Land Registry) AMAZON DATA SERVICES UK LIMITED (09959151): HM Land Registry CCOD/OCOD Oct 2026 address match: title ON322203 ('Gatehouse, Didcot Power Station, Purchas Road, Didcot') proprietor AMAZON DATA SERVICES UK LIMITED 09959151 || [low] portal applicant (name only): https://valeofwhitehorse.planning-register.co.uk/Planning/Display?applicationNumber=P22%2FV1857%2FO | Applicant Name: ""RWE Generation UK plc"""
UK:Edinburgh/25/03978/PAN,UK,Edinburgh,25/03978/PAN,2025-08-01,,Undecided,,pre-application notice,true,AI/GPU,,200,,,,,,,,,,,,,,"AI data centre campus with a 200MW demand utility capacity with car parking, landscaping, roads, access and associated works.",Land 300 Metres North Of 50 Research Avenue North Riccarton Currie,,,https://www.planit.org.uk/planapplic/Edinburgh/25/03978/PAN/,200MW demand utility capacity,PlanIt,2026-10-09,2026-10-09,manual-review-2026-10-09,Edinburgh 25/03978/PAN AI campus,
UK:CentralBedfordshire/CB/25/02485/RM,UK,Central Bedfordshire,CB/25/02485/RM,2025-08-01,2026-05-26,Permitted,Reserved Matters- Granted,,false,not data centre,,,,,,,,,,,,,,,,"Reserved Matters: following Outline application CB/12/03613/OUT (Outline planning permission with the details of access, appearance, landscaping, layout and scale reserved for later determination. Development to comprise: up to 5,150 dwellings (Use Class C3); up to 202,500 sqm gross of additional development in Use Classes: A1, A2, A3 (retail), A4 (public house), A5 (take away); B1, B2, B8 (offices, industrial and storage and distribution); C1 (hotel), C2 (care home), D1 and D2 (community and leisure); car showroom; data centre; petrol filling station; car parking; primary substation; energy centre; and for the laying out of the buildings; routes and open spaces within the development; and all associated works and operations including but not limited to: demolition; earthworks; engineering operations. All development, works and operations to be in accordance with the Development Parameters Schedule and Plans) Approval of Access, Appearance, Landscaping, Layout and Scale for 161 dwellings and associated works","Phase 3B Parcels 1 & 2 ,Houghton Regis North Site 1, Land on the northern edge of Houghton Regis",,,https://www.planit.org.uk/planapplic/CentralBedfordshire/CB/25/02485/RM/,"5,150-home mixed-use outline CB/12/03613/OUT lists data centre as one permitted use; not a DC application",PlanIt,2026-10-09,2026-10-09,manual-review-2026-10-09,,
UK:EastDunbartonshire/TP/ED/25/0428,UK,East Dunbartonshire,TP/ED/25/0428,2025-08-01,2025-09-16,Withdrawn,Closed,withdrawn,true,AI/GPU,,300,,,Apatura DC Project 6 Ltd,low (name only),portal applicant name (no company number),,AAH Consultants,,Apatura DC Project 6 Ltd,,,,,"Erection of an AI data centre with 300MW demand utility capacity with ancillary BESS (to be consented via separate S36 application to the ECU) car parking, landscaping, roads, access and associated works.",Land Adjacent To Crosshill Road Bishopbriggs East Dunbartonshire,,,https://www.planit.org.uk/planapplic/EastDunbartonshire/TP/ED/25/0428/,Full application. 300MW demand utility capacity; withdrawn,PlanIt,2026-10-09,2026-10-09,manual-review-2026-10-09,"Crosshill Road, Bishopbriggs, East Dunbartonshire","[low] https://planning.eastdunbarton.gov.uk/online-applications/applicationDetails.do?keyVal=T0B1NMGJ09L00&activeTab=details | Applicant Name: ""Apatura DC Project 6 Ltd"""
UK:CentralBedfordshire/CB/25/02483/NMA,UK,Central Bedfordshire,CB/25/02483/NMA,2025-08-01,2025-09-11,Permitted,Non-Material Amendment - Granted,,false,not data centre,,,,,,,,,,,,,,,,"Non-material amendment to planning permission CB/23/03987/RM (Reserved Matters: following Outline Application CB/12/03613/OUT (Outline planning permission with the details of access, appearance, landscaping, layout and scale reserved for later determination. Development to comprise: up to 5,150 dwellings (Use Class C3); up to 202,500 sqm gross of additional development in Use Classes: A1, A2, A3 (retail), A4 (public house), A5 (take away); B1, B2, B8 (offices, industrial and storage and distribution); C1 (hotel), C2 (care home), D1 and D2 (community and leisure); car showroom; data centre; petrol filling station; car parking; primary substation; energy centre; and for the laying out of the buildings; routes and open spaces within the development; and all associated works and operations including but not limited to: demolition; earthworks; engineering operations. All development, works and operations to be in accordance with the Development Parameters Schedule and Plans.) Reserved matters approval sought for layout, scale, appearance, landscaping and access relating to Local Centre Parcel, Phase 1.) Amendments to drawings referred to in condition 1. Changes to ventilation grilles, balconies, smoke shaft, windows, staircore fenestration/porch, and entrance doors.","Local Centre Parcel, Linmere (HRN1) Phase 1, Waterslade Way & Lime Tree Drive, Houghton Regis, LU5 7AS",,,https://www.planit.org.uk/planapplic/CentralBedfordshire/CB/25/02483/NMA/,"5,150-home mixed-use outline CB/12/03613/OUT lists data centre as one permitted use; not a DC application",PlanIt,2026-10-09,2026-10-09,manual-review-2026-10-09,,
UK:NorthLanarkshire/25/00838/PAN,UK,North Lanarkshire,25/00838/PAN,2025-07-31,2025-08-14,Permitted,Comments,pre-application notice,true,AI/GPU,,550,,,,,,,,,,,,,,"Erection of an AI Data Centre Campus with a 550MW demand utility capacity with ancillary Battery Energy Storage (to be consented via separate Section 36 application to the ECU) car parking, landscaping, roads, access and associated works",Land At Ravenscraig Regeneration Area Motherwell North Lanarkshire,,,https://www.planit.org.uk/planapplic/NorthLanarkshire/25/00838/PAN/,550MW demand utility capacity; BESS via Section 36,PlanIt,2026-10-09,2026-10-09,manual-review-2026-10-09,North Lanarkshire 25/00838/PAN AI campus,
UK:Newport/25/0616,UK,Newport,25/0616,2025-07-31,2025-09-15,Permitted,Approved,conditions discharge,true,data centre (type not stated),,,,2,MSFT MCIO LIMITED,low (address match; check title plan),evidence chain: registered proprietor (HM Land Registry); Companies House PSC chain,,Carter Jonas,09616816,MSFT MCIO LIMITED (09616816),CYM671910 (low); CYM770168 (low); CYM804925 (low),MSFT MCIO LIMITED (09616816) [low]; VANTAGE DATA CENTERS UK LIMITED (06132144) [low]; VANTAGE DATA CENTRES UK LIMITED (06132144) [low],,,PARTIAL DISCHARGE OF CONDITION 11 (MATERIALS) OF 24/0006 DEMOLITION OF REMAINDER OF EXISTING PRINCIPAL BUILDING AND REMAINING STRUCTURES AND CONSTRUCTION OF NEW DATA CENTRE (USE CLASS B8) ACROSS TWO MAIN BUILDINGS PLUS ANCILLARY STRUCTURES ANDS OTHER ASSOCIATED WORKS,Quinn Radiators Celtic Way Celtic Lakes Newport South Wales NP10 8FS,,,https://www.planit.org.uk/planapplic/Newport/25/0616/,,PlanIt,2026-10-09,2026-10-09,manual-review-2026-10-09,Newport 24/0006,"[low] registered proprietor (HM Land Registry): HM Land Registry CCOD/OCOD Oct 2026 address match: title CYM770168 ('Data Hall GF20 and GF21, NGD Celtic Technology Centre, Celtic Way, Newport (NP10 8BE)') proprietor MSFT MCIO LIMITED 09616816 || [low] registered proprietor (HM Land Registry) VANTAGE DATA CENTERS UK LIMITED (06132144): HM Land Registry CCOD/OCOD Oct 2026 address match: title CYM804925 ('First Floor, Phase 1, Hynix Fab. Building, Celtic Way, Newport (NP10 8BE)') proprietor VANTAGE DATA CENTERS UK LIMITED 06132144 || [low] registered proprietor (HM Land Registry) VANTAGE DATA CENTRES UK LIMITED (06132144): HM Land Registry CCOD/OCOD Oct 2026 address match: title CYM671910 ('Ground Floor, Hynix Fab. Building, Celtic Way, Celtic Lakes, Newport (NP10 8BE)') proprietor VANTAGE DATA CENTRES UK LIMITED 06132144"
UK:CentralBedfordshire/CB/25/02431/DOC,UK,Central Bedfordshire,CB/25/02431/DOC,2025-07-28,2025-08-11,Conditions,Discharge of Condition Decision Released,,false,not data centre,,,,,,,,,,,,,,,,"Discharge of Condition 19 against planning permission ref. CB/23/03987/RM (Reserved Matters: following Outline Application CB/12/03613/OUT (Outline planning permission with the details of access, appearance, landscaping, layout and scale reserved for later determination. Development to comprise: up to 5,150 dwellings (Use Class C3); up to 202,500 sqm gross of additional development in Use Classes: A1, A2, A3 (retail), A4 (public house), A5 (take away); B1, B2, B8 (offices, industrial and storage and distribution); C1 (hotel), C2 (care home), D1 and D2 (community and leisure); car showroom; data centre; petrol filling station; car parking; primary substation; energy centre; and for the laying out of the buildings; routes and open spaces within the development; and all associated works and operations including but not limited to: demolition; earthworks; engineering operations. All development, works and operations to be in accordance with the Development Parameters Schedule and Plans.) Reserved matters approval sought for layout, scale, appearance, landscaping and access relating to Local Centre Parcel, Phase 1.)","Local Centre Parcel, Linmere (HRN1), Waterslade Way and Lime Tree Drive, Houghton Regis, LU5 7AS",,,https://www.planit.org.uk/planapplic/CentralBedfordshire/CB/25/02431/DOC/,"5,150-home mixed-use outline CB/12/03613/OUT lists data centre as one permitted use; not a DC application",PlanIt,2026-10-09,2026-10-09,manual-review-2026-10-09,,
UK:Hillingdon/78954/APP/2025/1996,UK,Hillingdon,78954/APP/2025/1996,2025-07-24,2026-02-10,Permitted,,consultation (neighbouring authority),true,data centre (type not stated),,,,,,,,,,,,,,,,"Out of borough consultation from Buckinghamshire County Council for 'Outline planning application for proposed development of data centre building (Use Class B8), ancillary offices, plant and equipment, substation, new access/egress, internal road and bridge, landscaping, biodiversity and drainage features, upgrade works to the public right of way, and associated works (matter to be considered at this stage: access).'","Woodlands Park Landfill Site, Land South Of Slough Road OUTBOROUGH MIDDLESEX",,,https://www.planit.org.uk/planapplic/Hillingdon/78954/APP/2025/1996/,Outline DC with bridge; Hillingdon consulted,PlanIt,2026-10-09,2026-10-09,manual-review-2026-10-09,"Woodlands Park landfill, south of Slough Road, Iver (PL/25/2080/OA)",
UK:WestNorthamptonshire/2025/3287/MAF,UK,West Northamptonshire,2025/3287/MAF,2025-07-24,2026-06-18,Permitted,Approval,approved,true,enterprise,,,,,,,,,,,,,,,Aston Martin F1 Team,"Retrospective application for the demolition of temporary modular workshop building, and the erection of a data centre facility, including bridge link, landscaping and associated works for Aston Martin Formula One Team.",Aston Martin F1 Buckingham Road Silverstone NN12 8TJ,,,https://www.planit.org.uk/planapplic/WestNorthamptonshire/2025/3287/MAF/,Full application. Retrospective; enterprise DC for F1 team,PlanIt,2026-10-09,2026-10-09,manual-review-2026-10-09,"Aston Martin F1 DC, Silverstone (W Northants 2025/3287/MAF)",
UK:Bucks/PL/25/2380/CONDA,UK,Buckinghamshire,PL/25/2380/CONDA,2025-07-24,,Undecided,,conditions discharge,true,hyperscale/campus,,,,4,Virtus Saunderton Campus Limited,low (address match; check title plan),evidence chain: registered proprietor (HM Land Registry); Companies House PSC chain,,Montagu Evans,13618549,"VIRTUS SAUNDERTON LIMITED (13618549) > Virtus Saunderton Campus Limited (no number, Companies Act 2006)",BM153390 (low),VIRTUS SAUNDERTON LIMITED (13618549) [low],"Crédit Agricole Corporate and Investment Bank, Broadwalk House, 5 Appold Street, London EC2A 2DA, as Security Agent (As Security Trustee for Each of the Secured Parties)",,"Approval of condition 4 (drainage details) of planning permission 22/06872/VCDN - Variation of Conditions 2 and 3 (plan numbers and development phasing) attached to 08/05740/FULEA [Erection of 4 no. Data centre buildings (sui generis use) together with associated groundworks, plant, electricity sub-station, security fence, gates and piers, landscaping, amendment to existing vehicular access(es), internal roads, service areas and provision of 150 car parking spaces with retention of the existing office building and ""Ballroom"" building fronting Haw Lane for ancillary operational uses and demolition of all other buildings and structures] to allow for relocation of substation enclosure",Former Molins Site Haw Lane Saunderton Buckinghamshire,,,https://www.planit.org.uk/planapplic/Bucks/PL/25/2380/CONDA/,,PlanIt,2026-10-09,2026-10-09,manual-review-2026-10-09,"Haw Lane, Saunderton (08/05740/FULEA)","[low] registered proprietor (HM Land Registry): HM Land Registry CCOD/OCOD Oct 2026 address match: title BM153390 ('land on the South East side of Haw Lane, Saunderton') proprietor VIRTUS SAUNDERTON LIMITED 13618549 || https://find-and-update.company-information.service.gov.uk/company/13618549 | VIRTUS SAUNDERTON LIMITED PSC: Virtus Saunderton Campus Limited ( Companies Act 2006) notified 2024-02-09 || https://find-and-update.company-information.service.gov.uk/company/13618549/charges/STB_52ctOcyXKefdlRzShg9BzkM | charge 2026-09-22 (outstanding) to Crédit Agricole Corporate and Investment Bank, Broadwalk House, 5 Appold Street, London EC2A 2DA, as Security Agent (As Security Trustee for Each of the Secured Parties); titles BM260149, BM260150 || https://find-and-update.company-information.service.gov.uk/company/13618549/charges/Avq7sSFB0Kc3p_9N-AsjVkmEeSA | charge 2025-08-06 (fully-satisfied) to Cimb Bank Berhad, Singapore Branch, 30 Raffles Place, #04-01, Singapore 048622 as Security Agent (As Security Trustee for Each of the Secured Parties) || https://find-and-update.company-information.service.gov.uk/company/13618549/charges/rMXHxD9FQc0eWp5kKuyyCRIIMZg | charge 2025-08-06 (fully-satisfied) to Cimb Bank Berhad, Singapore Branch, 30 Raffles Place, #04-01, Singapore 048622 as Security Agent (As Security Trustee for Each of the Secured Parties); titles BM260149, BM260150 || https://find-and-update.company-information.service.gov.uk/company/13618549/charges/-m7YUpwqU8cniBV3boSw6-mW4wI | charge 2023-01-11 (fully-satisfied) to Icg-Longbow Investment No. 5 S.a R.L.; titles BM260149, BM260150, BM35812 || https://find-and-update.company-information.service.gov.uk/company/13618549/charges/uYtHzSut-CELw5W5Ofx0jM2Ahoo | charge 2022-02-17 (fully-satisfied) to Icg-Longbow Investment No.5 S.À R.L."
UK:Bradford/25/02212/MAF,UK,Bradford,25/02212/MAF,2025-07-23,2026-05-13,Conditions,Grant subject to Unilateral Undertaking,approved,true,data centre (type not stated),,,,,,,,,WSP,,,,,,,"Construction of data centre and associated infrastructure, access, parking and landscaping",Land To The East Of Bradford Energy Centre Bounded By Listerhills Road Thornton Road Bradford West Yorkshire,,,https://www.planit.org.uk/planapplic/Bradford/25/02212/MAF/,Full application.,PlanIt,2026-10-09,2026-10-09,manual-review-2026-10-09,Bradford 25/02212/MAF,
UK:Leicester/20251225,UK,Leicester,20251225,2025-07-22,2025-10-29,Permitted,Unconditional approval,lawful use / LDO certificate,true,data centre (type not stated),,,,,,,,,,,,,,,,Certificate of lawful existing use of building as a data centre (Class B8),101 Regent Road,,,https://www.planit.org.uk/planapplic/Leicester/20251225/,Certificate of lawful existing use as DC,PlanIt,2026-10-09,2026-10-09,manual-review-2026-10-09,Leicester 20251225 existing DC,
UK:Ealing/252884OPDCOB,UK,Ealing,252884OPDCOB,2025-07-22,2025-08-07,Permitted,No Objection,conditions discharge,true,data centre (type not stated),,,52000,,,,,,,,,,,,,"Details of conditions 26 (Dust Management Plan), 30 (Site Waste Management Plan) & 33 (Power Use & Water Use) for Phase 2, pursuant to planning permission 21/0013/OUTOPDC dated 07/09/2021 for outline planning permission with the details of access, appearance, landscaping, layout and scale reserved for later determination for demolition and redevelopment to comprise a data centre (Use Class B8) of up to 52, 000 sqm gross external, including ancillary offices, internal plant and equipment (including flues), and substation. In addition to the above the Development may include up to 2, 500 sqm of work units (Use Class E(g)(ii) & E(g)(iii), B2); car parking; provision of external plant and equipment (including flues); creation of servicing areas and provision of associated services, including waste, refuse, cycle storage, and lighting; and for the laying out of the buildings; routes and open spaces within the development; and all associated works and operations including but not limited to: demolition; earthworks; provision of attenuation infrastructure, engineering operations. Development shall be in accordance with the approved Development Parameters Schedule and Plans ( out of borough)",Chandos Road Trading Estate Chandos Road Park Royal NW10 6NF,,,https://www.planit.org.uk/planapplic/Ealing/252884OPDCOB/,,PlanIt,2026-10-09,2026-10-09,manual-review-2026-10-09,"OPDC 21/0013/OUTOPDC (up to 52,000 sqm GEA)",
UK:Hillingdon/1331/APP/2025/1968,UK,Hillingdon,1331/APP/2025/1968,2025-07-21,2025-09-16,Permitted,,,false,not data centre,,,,,,,,,,,,,,,,"Details pursuant to the partial discharge of Condition 24 (External lighting- Block F2 only) as attached to planning permission ref: 1331/APP/2021/751, dated 19-05-2021 (Section 73 application seeking a variation to Condition 61 (Approved Drawings) of planning permission ref: 1331/APP/2019/1666 dated 11-09-20 (Section 73 application to vary Condition 9 (Residential Condition - Approved Plans) of planning permission ref: 1331/APP/2017/1883 dated 28/06/2018 (Part demolition of existing factory buildings and associated structures, and redevelopment to provide residential dwellings (Use Class C3), office, retail, community and leisure uses (Use Class A1/A3/A4/B1/B8/D1/D2), commercial floorspace (Use Classes B1c/B2/B8) and Data Centre (Sui Generis), amenity and playspace, landscaping, allotments, access, service yards, associated car parking and other engineering works) (as amended by application ref: 1331/APP/2020/50 dated 06/02/20)).",FORMER NESTLE FACTORY NESTLES AVENUE HAYES,,,https://www.planit.org.uk/planapplic/Hillingdon/1331/APP/2025/1968/,Mixed-use factory redevelopment (DC one of many uses); Block F2 conditions,PlanIt,2026-10-09,2026-10-09,manual-review-2026-10-09,,
UK:Hillingdon/1331/APP/2025/1966,UK,Hillingdon,1331/APP/2025/1966,2025-07-21,2025-09-15,Permitted,,,false,not data centre,,,,,,,,,,,,,,,,"Details pursuant to the partial discharge of Condition 30 (Ground and Finished Floor Levels - Block F2 only) as attached to planning permission ref: 1331/APP/2021/751, dated 19-05-2021 (Section 73 application seeking a variation to Condition 61 (Approved Drawings) of planning permission ref: 1331/APP/2019/1666 dated 11-09-20 (Section 73 application to vary Condition 9 (Residential Condition - Approved Plans) of planning permission ref: 1331/APP/2017/1883 dated 28/06/2018 (Part demolition of existing factory buildings and associated structures, and redevelopment to provide residential dwellings (Use Class C3), office, retail, community and leisure uses (Use Class A1/A3/A4/B1/B8/D1/D2), commercial floorspace (Use Classes B1c/B2/B8) and Data Centre (Sui Generis), amenity and playspace, landscaping, allotments, access, service yards, associated car parking and other engineering works) (as amended by application ref: 1331/APP/2020/50 dated 06/02/20)).",FORMER NESTLE FACTORY NESTLES AVENUE HAYES,,,https://www.planit.org.uk/planapplic/Hillingdon/1331/APP/2025/1966/,Mixed-use factory redevelopment (DC one of many uses); Block F2 conditions,PlanIt,2026-10-09,2026-10-09,manual-review-2026-10-09,,
UK:Hillingdon/1331/APP/2025/1969,UK,Hillingdon,1331/APP/2025/1969,2025-07-21,2025-09-15,Permitted,,,false,not data centre,,,,,,,,,,,,,,,,"Details pursuant to the partial discharge of Conditions 20 (Bird Hazard Management), 33 (Landscaping) and 51 (Landscaping) (Block F2 Only) as attached to planning permission ref. 1331/APP/2021/751 dated 28-06-2021 (Section 73 application seeking a variation to Condition 61 (Approved Drawings) of planning permission ref: 1331/APP/2019/1666 dated 11-09-20 (Section 73 application to vary Condition 9 (Residential Condition - Approved Plans) of planning permission ref: 1331/APP/2017/1883 dated 28/06/2018 (Part demolition of existing factory buildings and associated structures, and redevelopment to provide residential dwellings (Use Class C3), office, retail, community and leisure uses (Use Class A1/A3/A4/B1/B8/D1/D2), commercial floorspace (Use Classes B1c/B2/B8) and Data Centre (Sui Generis), amenity and playspace, landscaping, allotments, access, service yards, associated car parking and other engineering works) (as amended by application ref: 1331/APP/2020/50 dated 06/02/20)).",FORMER NESTLE FACTORY NESTLES AVENUE HAYES,,,https://www.planit.org.uk/planapplic/Hillingdon/1331/APP/2025/1969/,Mixed-use factory redevelopment (DC one of many uses); Block F2 conditions,PlanIt,2026-10-09,2026-10-09,manual-review-2026-10-09,,
UK:Hillingdon/18399/APP/2025/1908,UK,Hillingdon,18399/APP/2025/1908,2025-07-15,2025-09-23,Permitted,,conditions discharge,true,data centre (type not stated),,,,,VIRTUS HOLDCO LIMITED,high,evidence chain: named as Leasehold Owner in legal agreement; Companies House PSC chain,,,12698361,VIRTUS LONDON 14 LIMITED (12698361) > VIRTUS SAUNDERTON CAMPUS LIMITED (15421619) > VIRTUS DATA CENTRES PROPERTIES 2 LIMITED (15421451) > VIRTUS DATA CENTRES PROPERTIES LIMITED (09840065) > VIRTUS HOLDCO LIMITED (07670473),AGL190531; AGL594704; AGL433914 (low),PROLOGIS UK 79 LIMITED (14321098) [high]; VIRTUS LONDON 14 LIMITED (12698361) [high]; VIRTUS LONDON 5 LIMITED (10675163) [low],"Crédit Agricole Corporate and Investment Bank, Broadwalk House, 5 Appold Street, London EC2A 2DA, as Security Agent (As Security Trustee for Each of the Secured Parties)",,"Details pursuant to the discharge of Condition 12 (Operating Regime for Emergency Generator) as attached to planning permission reference 18399/APP/2022/411 dated 03-05-2023 (Installation of plant and equipment to unit DC6 including external plant equipment, external louvres and associated security fencing and landscaping, to facilitate use of the building as a data centre).",UNIT D Prologis Park STOCKLEY ROAD WEST DRAYTON UB7 9FN,,,https://www.planit.org.uk/planapplic/Hillingdon/18399/APP/2025/1908/,,PlanIt,2026-10-09,2026-10-09,manual-review-2026-10-09,Hillingdon unit DC6 (18399),"[high] named as Leasehold Owner in legal agreement: https://planning.hillingdon.gov.uk/OcellaWeb/viewDocument?file=dv_pl_files%5C18399_APP_2025_16%5CDeed+of+Variation+Section+106A+UB7+9FN.pdf&module=pl | ""e Freehold Owner'); VIRTUS LONDON 14 LIMITED incorporated and registered in England and Wales with company number 12698361 whose registered of"" || https://find-and-update.company-information.service.gov.uk/company/12698361 | VIRTUS LONDON 14 LIMITED PSC: Virtus Saunderton Campus Limited (15421619 England) notified 2026-09-22 || https://find-and-update.company-information.service.gov.uk/company/15421619 | VIRTUS SAUNDERTON CAMPUS LIMITED PSC: Virtus Data Centres Properties 2 Limited (15421451 England) notified 2024-01-17 || https://find-and-update.company-information.service.gov.uk/company/15421451 | VIRTUS DATA CENTRES PROPERTIES 2 LIMITED PSC: Virtus Data Centres Properties Limited (09840065 United Kingdom) notified 2026-09-22 || https://find-and-update.company-information.service.gov.uk/company/09840065 | VIRTUS DATA CENTRES PROPERTIES LIMITED PSC: Virtus Holdco Limited (07670473 England) notified 2016-04-06 || https://find-and-update.company-information.service.gov.uk/company/12698361/charges/SlGN5xXY4EyWaJtZrEeSXFw8JVE | charge 2026-09-22 (outstanding) to Crédit Agricole Corporate and Investment Bank, Broadwalk House, 5 Appold Street, London EC2A 2DA, as Security Agent (As Security Trustee for Each of the Secured Parties); titles AGL594704 || https://find-and-update.company-information.service.gov.uk/company/12698361/charges/7pLX0a1KL0xqfbD1Fe8Y2e7miNA | charge 2023-08-11 (fully-satisfied) to Standard Chartered Bank (Hong Kong) Limited as Security Agent and Security Trustee for the Secured Parties; titles AGL190531, MR01 || https://find-and-update.company-information.service.gov.uk/company/12698361/charges/TjVKsfvln28_CTMiRPEZCLNIoIg | charge 2023-08-11 (fully-satisfied) to Standard Chartered Bank (Hong Kong) Limited as Security Agent and Security Trustee for the Secured Parties || [high] named as Freehold Owner in legal agreement PROLOGIS UK 79 LIMITED (14321098): https://planning.hillingdon.gov.uk/OcellaWeb/viewDocument?file=dv_pl_files%5C18399_APP_2025_16%5CDeed+of+Variation+Section+106A+UB7+9FN.pdf&module=pl | ""UW ('the Council'); PROLOGIS UK 79 LIMITED incorporated and registered in England and Wales with company number 14321098 whose registered of"" || [high] registered proprietor (HM Land Registry) PROLOGIS UK 79 LIMITED (14321098): HM Land Registry CCOD/OCOD Oct 2026: title AGL190531 (Freehold, 'Plot C, Prologis Park, Stockley Road, Hayes') proprietor PROLOGIS UK 79 LIMITED 14321098; title cited at https://planning.hillingdon.gov.uk/OcellaWeb/viewDocument?file=dv_pl_files%5C18399_APP_2025_16%5CDeed+of+Variation+Section+106A+UB7+9FN.pdf&module=pl | ""bligations in this Deed are enforceable B The Freehold Owner has a freehold legal interest in the Land registered under Title Number AGL190531 at the Land Registry and the Leasehold Owner has a leasehold interest in the Land registered under Title Number AGL59470"" || [high] registered proprietor (HM Land Registry) VIRTUS LONDON 14 LIMITED (12698361): HM Land Registry CCOD/OCOD Oct 2026: title AGL594704 (Leasehold, 'Dc6, Prologis Park, Stockley Road, Hayes') proprietor VIRTUS LONDON 14 LIMITED 12698361; title cited at https://planning.hillingdon.gov.uk/OcellaWeb/viewDocument?file=dv_pl_files%5C18399_APP_2025_16%5CDeed+of+Variation+Section+106A+UB7+9FN.pdf&module=pl | ""tle Number AGL190531 at the Land Registry and the Leasehold Owner has a leasehold interest in the Land registered under Title Number AGL594704 at the Land Registry subject to a legal charge entered into between the Leaseholder and the Mortgagee dated 11' August 2"" || [low] registered proprietor (HM Land Registry) VIRTUS LONDON 5 LIMITED (10675163): HM Land Registry CCOD/OCOD Oct 2026 address match: title AGL433914 ('DC2 Prologis Park West London, Horton Road, West Drayton') proprietor VIRTUS LONDON 5 LIMITED 10675163"
UK:OldOakParkRoyal/25/0122/AODOPDC,UK,Old Oak Park Royal,25/0122/AODOPDC,2025-07-11,2025-10-16,Permitted,Approve,conditions discharge,true,data centre (type not stated),,,52000,,,,,,,,,,,,,"Details of Conditions 40 (PRIOR TO USE: Site Waste Management Plan) & 43 (PRIOR TO USE: Delivery & Servicing Plan) for Phase 1b (work units building) pursuant to planning permission 21/0013/OUTOPDC dated 07/09/2021 for 'Outline planning permission with the details of access, appearance, landscaping, layout and scale reserved for later determination for demolition and redevelopment to comprise a data centre (Use Class B8) of up to 52,000 sqm gross external, including ancillary offices, internal plant and equipment (including flues), and substation. In addition to the above the Development may include up to 2,500 sqm of work units (Use Class E(g)(ii) & E(g)(iii), B2); car parking; provision of external plant and equipment (including flues); creation of servicing areas and provision of associated services, including waste, refuse, cycle storage, and lighting; and for the laying out of the buildings; routes and open spaces within the development; and all associated works and operations including but not limited to: demolition; earthworks; provision of attenuation infrastructure, engineering operations. Development shall be in accordance with the approved Development Parameters Schedule and Plans'.","Chandos Road Trading Estate, Chandos Road, Park Royal, NW10 6NF",,,https://www.planit.org.uk/planapplic/OldOakParkRoyal/25/0122/AODOPDC/,,PlanIt,2026-10-09,2026-10-09,manual-review-2026-10-09,"OPDC 21/0013/OUTOPDC (up to 52,000 sqm GEA)",
UK:OldOakParkRoyal/25/0121/NMAOPDC,UK,Old Oak Park Royal,25/0121/NMAOPDC,2025-07-11,2026-06-26,Permitted,Granted NMA,amendment/variation,true,data centre (type not stated),,,,,,,,,,,,,,,,"Application for non-material amendment to vary the wording of Condition 4 (Noise) of planning permission 22/0142/REMOPDC dated 25/01/2023 for reserved matters application with full details of access, layout, scale, appearance and landscaping pursuant to outline planning permission reference 20/0122/OUTOPDC dated 27/09/2022 for a data centre (Use Class B8), generator building, plant, sub-station, hard and soft landscaping and associated works.","37-39, North Acton Road, LONDON, NW10 6PF",,,https://www.planit.org.uk/planapplic/OldOakParkRoyal/25/0121/NMAOPDC/,NMA to noise condition,PlanIt,2026-10-09,2026-10-09,manual-review-2026-10-09,OPDC 20/0122/OUTOPDC,
UK:Reading/PL/25/0995,UK,Reading,PL/25/0995,2025-07-11,2025-07-24,Permitted,No Objection,consultation (neighbouring authority),true,data centre (type not stated),,,,,,,,,,,,,,,,Request for observations by Reading Borough Council to West Berkshire District Council on WBDC application 25/01423/COND: Application for Approval of Details Reserved by Conditions 33 (Contaminated Land) and 38 (Pollution Prevention Plan) of planning permission 20/02029/COMIND - Development of an Energy Recovery Centre and adjacent Data Centre and associated infrastructure.,"READING QUARRY, BERRYS LANE, BURGHFIELD, READING, RG30 3EY",,,https://www.planit.org.uk/planapplic/Reading/PL/25/0995/,Reading observations,PlanIt,2026-10-09,2026-10-09,manual-review-2026-10-09,West Berks energy recovery centre + DC (20/02029/COMIND),
UK:Hillingdon/18399/APP/2025/1881,UK,Hillingdon,18399/APP/2025/1881,2025-07-10,2025-09-23,Permitted,,conditions discharge,true,data centre (type not stated),,,,,VIRTUS HOLDCO LIMITED,high,evidence chain: named as Leasehold Owner in legal agreement; Companies House PSC chain,,,12698361,VIRTUS LONDON 14 LIMITED (12698361) > VIRTUS SAUNDERTON CAMPUS LIMITED (15421619) > VIRTUS DATA CENTRES PROPERTIES 2 LIMITED (15421451) > VIRTUS DATA CENTRES PROPERTIES LIMITED (09840065) > VIRTUS HOLDCO LIMITED (07670473),AGL190531; AGL594704; AGL433914 (low),PROLOGIS UK 79 LIMITED (14321098) [high]; VIRTUS LONDON 14 LIMITED (12698361) [high]; VIRTUS LONDON 5 LIMITED (10675163) [low],"Crédit Agricole Corporate and Investment Bank, Broadwalk House, 5 Appold Street, London EC2A 2DA, as Security Agent (As Security Trustee for Each of the Secured Parties)",,"Details pursuant to the discharge of Condition 13 (Emission Reductions and Management Plan) as attached to planning permission reference 18399/APP/2022/411 dated 03-05-2023 (Installation of plant and equipment to unit DC6 including external plant equipment, external louvres and associated security fencing and landscaping, to facilitate use of the building as a data centre).",UNIT D Prologis Park STOCKLEY ROAD WEST DRAYTON UB7 9FN,,,https://www.planit.org.uk/planapplic/Hillingdon/18399/APP/2025/1881/,,PlanIt,2026-10-09,2026-10-09,manual-review-2026-10-09,Hillingdon unit DC6 (18399),"[high] named as Leasehold Owner in legal agreement: https://planning.hillingdon.gov.uk/OcellaWeb/viewDocument?file=dv_pl_files%5C18399_APP_2025_16%5CDeed+of+Variation+Section+106A+UB7+9FN.pdf&module=pl | ""e Freehold Owner'); VIRTUS LONDON 14 LIMITED incorporated and registered in England and Wales with company number 12698361 whose registered of"" || https://find-and-update.company-information.service.gov.uk/company/12698361 | VIRTUS LONDON 14 LIMITED PSC: Virtus Saunderton Campus Limited (15421619 England) notified 2026-09-22 || https://find-and-update.company-information.service.gov.uk/company/15421619 | VIRTUS SAUNDERTON CAMPUS LIMITED PSC: Virtus Data Centres Properties 2 Limited (15421451 England) notified 2024-01-17 || https://find-and-update.company-information.service.gov.uk/company/15421451 | VIRTUS DATA CENTRES PROPERTIES 2 LIMITED PSC: Virtus Data Centres Properties Limited (09840065 United Kingdom) notified 2026-09-22 || https://find-and-update.company-information.service.gov.uk/company/09840065 | VIRTUS DATA CENTRES PROPERTIES LIMITED PSC: Virtus Holdco Limited (07670473 England) notified 2016-04-06 || https://find-and-update.company-information.service.gov.uk/company/12698361/charges/SlGN5xXY4EyWaJtZrEeSXFw8JVE | charge 2026-09-22 (outstanding) to Crédit Agricole Corporate and Investment Bank, Broadwalk House, 5 Appold Street, London EC2A 2DA, as Security Agent (As Security Trustee for Each of the Secured Parties); titles AGL594704 || https://find-and-update.company-information.service.gov.uk/company/12698361/charges/7pLX0a1KL0xqfbD1Fe8Y2e7miNA | charge 2023-08-11 (fully-satisfied) to Standard Chartered Bank (Hong Kong) Limited as Security Agent and Security Trustee for the Secured Parties; titles AGL190531, MR01 || https://find-and-update.company-information.service.gov.uk/company/12698361/charges/TjVKsfvln28_CTMiRPEZCLNIoIg | charge 2023-08-11 (fully-satisfied) to Standard Chartered Bank (Hong Kong) Limited as Security Agent and Security Trustee for the Secured Parties || [high] named as Freehold Owner in legal agreement PROLOGIS UK 79 LIMITED (14321098): https://planning.hillingdon.gov.uk/OcellaWeb/viewDocument?file=dv_pl_files%5C18399_APP_2025_16%5CDeed+of+Variation+Section+106A+UB7+9FN.pdf&module=pl | ""UW ('the Council'); PROLOGIS UK 79 LIMITED incorporated and registered in England and Wales with company number 14321098 whose registered of"" || [high] registered proprietor (HM Land Registry) PROLOGIS UK 79 LIMITED (14321098): HM Land Registry CCOD/OCOD Oct 2026: title AGL190531 (Freehold, 'Plot C, Prologis Park, Stockley Road, Hayes') proprietor PROLOGIS UK 79 LIMITED 14321098; title cited at https://planning.hillingdon.gov.uk/OcellaWeb/viewDocument?file=dv_pl_files%5C18399_APP_2025_16%5CDeed+of+Variation+Section+106A+UB7+9FN.pdf&module=pl | ""bligations in this Deed are enforceable B The Freehold Owner has a freehold legal interest in the Land registered under Title Number AGL190531 at the Land Registry and the Leasehold Owner has a leasehold interest in the Land registered under Title Number AGL59470"" || [high] registered proprietor (HM Land Registry) VIRTUS LONDON 14 LIMITED (12698361): HM Land Registry CCOD/OCOD Oct 2026: title AGL594704 (Leasehold, 'Dc6, Prologis Park, Stockley Road, Hayes') proprietor VIRTUS LONDON 14 LIMITED 12698361; title cited at https://planning.hillingdon.gov.uk/OcellaWeb/viewDocument?file=dv_pl_files%5C18399_APP_2025_16%5CDeed+of+Variation+Section+106A+UB7+9FN.pdf&module=pl | ""tle Number AGL190531 at the Land Registry and the Leasehold Owner has a leasehold interest in the Land registered under Title Number AGL594704 at the Land Registry subject to a legal charge entered into between the Leaseholder and the Mortgagee dated 11' August 2"" || [low] registered proprietor (HM Land Registry) VIRTUS LONDON 5 LIMITED (10675163): HM Land Registry CCOD/OCOD Oct 2026 address match: title AGL433914 ('DC2 Prologis Park West London, Horton Road, West Drayton') proprietor VIRTUS LONDON 5 LIMITED 10675163"
UK:Hillingdon/18399/APP/2025/1873,UK,Hillingdon,18399/APP/2025/1873,2025-07-10,2025-09-24,Permitted,,conditions discharge,true,data centre (type not stated),,,,,VIRTUS HOLDCO LIMITED,high,evidence chain: named as Leasehold Owner in legal agreement; Companies House PSC chain,,,12698361,VIRTUS LONDON 14 LIMITED (12698361) > VIRTUS SAUNDERTON CAMPUS LIMITED (15421619) > VIRTUS DATA CENTRES PROPERTIES 2 LIMITED (15421451) > VIRTUS DATA CENTRES PROPERTIES LIMITED (09840065) > VIRTUS HOLDCO LIMITED (07670473),AGL190531; AGL594704; AGL433914 (low),PROLOGIS UK 79 LIMITED (14321098) [high]; VIRTUS LONDON 14 LIMITED (12698361) [high]; VIRTUS LONDON 5 LIMITED (10675163) [low],"Crédit Agricole Corporate and Investment Bank, Broadwalk House, 5 Appold Street, London EC2A 2DA, as Security Agent (As Security Trustee for Each of the Secured Parties)",,"Details pursuant to the discharge of Condition 15 (Implementation of SCR Equipment) as attached to planning permission reference 18399/APP/2022/411 dated 03-05-2023 (Installation of plant and equipment to unit DC6 including external plant equipment, external louvres and associated security fencing and landscaping, to facilitate use of the building as a data centre).",UNIT D Prologis Park STOCKLEY ROAD WEST DRAYTON UB7 9FN,,,https://www.planit.org.uk/planapplic/Hillingdon/18399/APP/2025/1873/,,PlanIt,2026-10-09,2026-10-09,manual-review-2026-10-09,Hillingdon unit DC6 (18399),"[high] named as Leasehold Owner in legal agreement: https://planning.hillingdon.gov.uk/OcellaWeb/viewDocument?file=dv_pl_files%5C18399_APP_2025_16%5CDeed+of+Variation+Section+106A+UB7+9FN.pdf&module=pl | ""e Freehold Owner'); VIRTUS LONDON 14 LIMITED incorporated and registered in England and Wales with company number 12698361 whose registered of"" || https://find-and-update.company-information.service.gov.uk/company/12698361 | VIRTUS LONDON 14 LIMITED PSC: Virtus Saunderton Campus Limited (15421619 England) notified 2026-09-22 || https://find-and-update.company-information.service.gov.uk/company/15421619 | VIRTUS SAUNDERTON CAMPUS LIMITED PSC: Virtus Data Centres Properties 2 Limited (15421451 England) notified 2024-01-17 || https://find-and-update.company-information.service.gov.uk/company/15421451 | VIRTUS DATA CENTRES PROPERTIES 2 LIMITED PSC: Virtus Data Centres Properties Limited (09840065 United Kingdom) notified 2026-09-22 || https://find-and-update.company-information.service.gov.uk/company/09840065 | VIRTUS DATA CENTRES PROPERTIES LIMITED PSC: Virtus Holdco Limited (07670473 England) notified 2016-04-06 || https://find-and-update.company-information.service.gov.uk/company/12698361/charges/SlGN5xXY4EyWaJtZrEeSXFw8JVE | charge 2026-09-22 (outstanding) to Crédit Agricole Corporate and Investment Bank, Broadwalk House, 5 Appold Street, London EC2A 2DA, as Security Agent (As Security Trustee for Each of the Secured Parties); titles AGL594704 || https://find-and-update.company-information.service.gov.uk/company/12698361/charges/7pLX0a1KL0xqfbD1Fe8Y2e7miNA | charge 2023-08-11 (fully-satisfied) to Standard Chartered Bank (Hong Kong) Limited as Security Agent and Security Trustee for the Secured Parties; titles AGL190531, MR01 || https://find-and-update.company-information.service.gov.uk/company/12698361/charges/TjVKsfvln28_CTMiRPEZCLNIoIg | charge 2023-08-11 (fully-satisfied) to Standard Chartered Bank (Hong Kong) Limited as Security Agent and Security Trustee for the Secured Parties || [high] named as Freehold Owner in legal agreement PROLOGIS UK 79 LIMITED (14321098): https://planning.hillingdon.gov.uk/OcellaWeb/viewDocument?file=dv_pl_files%5C18399_APP_2025_16%5CDeed+of+Variation+Section+106A+UB7+9FN.pdf&module=pl | ""UW ('the Council'); PROLOGIS UK 79 LIMITED incorporated and registered in England and Wales with company number 14321098 whose registered of"" || [high] registered proprietor (HM Land Registry) PROLOGIS UK 79 LIMITED (14321098): HM Land Registry CCOD/OCOD Oct 2026: title AGL190531 (Freehold, 'Plot C, Prologis Park, Stockley Road, Hayes') proprietor PROLOGIS UK 79 LIMITED 14321098; title cited at https://planning.hillingdon.gov.uk/OcellaWeb/viewDocument?file=dv_pl_files%5C18399_APP_2025_16%5CDeed+of+Variation+Section+106A+UB7+9FN.pdf&module=pl | ""bligations in this Deed are enforceable B The Freehold Owner has a freehold legal interest in the Land registered under Title Number AGL190531 at the Land Registry and the Leasehold Owner has a leasehold interest in the Land registered under Title Number AGL59470"" || [high] registered proprietor (HM Land Registry) VIRTUS LONDON 14 LIMITED (12698361): HM Land Registry CCOD/OCOD Oct 2026: title AGL594704 (Leasehold, 'Dc6, Prologis Park, Stockley Road, Hayes') proprietor VIRTUS LONDON 14 LIMITED 12698361; title cited at https://planning.hillingdon.gov.uk/OcellaWeb/viewDocument?file=dv_pl_files%5C18399_APP_2025_16%5CDeed+of+Variation+Section+106A+UB7+9FN.pdf&module=pl | ""tle Number AGL190531 at the Land Registry and the Leasehold Owner has a leasehold interest in the Land registered under Title Number AGL594704 at the Land Registry subject to a legal charge entered into between the Leaseholder and the Mortgagee dated 11' August 2"" || [low] registered proprietor (HM Land Registry) VIRTUS LONDON 5 LIMITED (10675163): HM Land Registry CCOD/OCOD Oct 2026 address match: title AGL433914 ('DC2 Prologis Park West London, Horton Road, West Drayton') proprietor VIRTUS LONDON 5 LIMITED 10675163"
UK:Sefton/DC/2025/01117,UK,Sefton,DC/2025/01117,2025-07-09,2025-08-06,Permitted,EIA Not Required,EIA screening/scoping,true,data centre (type not stated),,,,,,,,,Turley,,,,,,,"Environmental Impact Assessment (EIA) Screening Opinion for the demolition of the existing buildings on site and construction and operation of a data centre at 51 Bridle Road, Netherton",51 Bridle Road Netherton L30 4XE,,,https://www.planit.org.uk/planapplic/Sefton/DC/2025/01117/,EIA not required,PlanIt,2026-10-09,2026-10-09,manual-review-2026-10-09,"51 Bridle Road, Netherton, Sefton",
IE:South Dublin County Council:ED25/0053,IE,South Dublin County Council,ED25/0053,2025-07-09,2025-08-05,Decision,Declared Exempt,exemption declaration,true,ancillary to data centre,,,,,,,,,,,,,,,,The erection of 3. no platforms at the DB03 and DB04 data centres for the purpose of monitoring flue emissions.,"Unit 74, DB03 & DB04, Grange Castle Business Park, Nangor Road, Dublin 22, D22 A259",53.32494156030133,-6.453723736700587,https://planning.agileapplications.ie/southdublin/application-details/68566,Flue-emission monitoring platforms; declared exempt,IE National Planning Applications,2026-10-09,2026-10-09,manual-review-2026-10-09,South Dublin DB03/DB04 data centres,
UK:OldOakParkRoyal/25/0120/SCROPDC,UK,Old Oak Park Royal,25/0120/SCROPDC,2025-07-08,2025-07-28,Permitted,Screening,EIA screening/scoping,true,data centre (type not stated),,,,,,,,,,,,,,,,"Request for an Environmental Impact Assessment Screening Opinion in accordance with Regulation 6 of the Town and Country Planning (Environmental Impact Assessment) Regulations 2017 (as amended), in association with the redevelopment of the site to provide a data centre building with associated structures.","Unit F, 6 Premier Park Road, LONDON, NW10 7NZ",,,https://www.planit.org.uk/planapplic/OldOakParkRoyal/25/0120/SCROPDC/,,PlanIt,2026-10-09,2026-10-09,manual-review-2026-10-09,OPDC 25/0120/SCROPDC,
IE:Westmeath County Council:2560344,IE,Westmeath County Council,2560344,2025-07-08,2026-06-02,APPEALED,CONDITIONAL,appeal,true,hyperscale/campus,,,,6,,,,,,,,,,,,"the development of a Data Centre Facility and Decentralised Energy Resource within an overall development boundary area of 243 hectares comprising: 
•	1 No. Security control building (floor area 23.5m2).
•	6 No. new data buildings including administration blocks (each 228m x 62m x 18m high), 6 No. MV switch room buildings, within a secure campus having an area of 39 hectares, 1 No. fire water tank (Volume: 2000m3), pump house and proprietary modular water treatment plant.
•	6 No. fuel cell towers (each 89m x 29m x 20m high), 2 No. chilled water tanks (Volume: 1000m3 each), pump house, ancillary water tank (Volume: 2000m3), carbon dioxide process building (30.7m x 15.7m x 11.3m high) and 16 No. carbon dioxide storage tanks (100 tonnes each).
•	Ancillary equipment compound including a storage building (30.7m x 10.7m x 9.7m high), 2 No. diesel generators, fire water tank (Volume: 2000m3) and pump house and proprietary modular water treatment plant.
•	Above ground gas installation (AGI) compound including a boiler/instrument kiosk, regulator/metal skid kiosk and connection to the existing gas network within the site.
•	33kV IPP building (60.9m x 18.4m x 16.8m high), 1 No. telecoms tower 36m high and compound.
•	Fuel cell IPP building (40m x 9.8m x 7.1m high) and compound.
•	Solar farm IPP building (30m x 9.8m x 7.1m high) and compound.
•	Battery compound including 138 No. battery enclosures & 138 No. medium voltage power stations (MVPS), IPP building (40m x 9.8m x 7.1m high) and fire water tank (Volume: 500m3).
•	Proprietary modular water treatment plant serving the solar farm IPP building and battery compound IPP building.
•	Solar farm (168 hectares) to the east of the data campus facility including solar arrays measuring (10.2m x 6.9m), (20.4m x 6.9m) & (30.6 x 6.9m), 45 No. medium voltage power stations (MVPS), 5 No. weather stations, river crossings, internal gravel access roads, security fencing and gates, 3 No. temporary construction compounds, cable crossings in the R446, L11272 & L51251 public roads, and cable crossing under the M6 using horizontal directional drilling.
•	Connection to public sewer under the R446 public road.
•	New emergency only access/egress from the R446 public road.
•	Access/egress to the data centre campus facility through the existing Castlelost Flexgen and GIS substation access to the R446.
•	Demolition of the existing derelict dwelling and agricultural sheds.
•	All associated site works including","Gneevebane Oldtown Farthingstown Castlelost and Kiltotan and Collinstown , Rochfortbridge , County Westmeath",53.40059537820152,-7.317335990049185,http://www.eplanning.ie/WestmeathCC/AppFileRefDetails/2560344/0,"Six data buildings (228m x 62m each), six fuel cell towers, 168 ha solar farm, battery compound; granted with conditions then appealed",IE National Planning Applications,2026-10-09,2026-10-09,manual-review-2026-10-09,Westmeath 2560344 data campus + energy (243 ha),
UK:Bucks/PL/25/2076/OA,UK,Buckinghamshire,PL/25/2076/OA,2025-07-03,2026-02-25,Permitted,Approved,approved,true,hyperscale/campus,,,55030,,,,,,Turley,,,,,,,"Outline planning application with all matters reserved, except for the principal points of access from Pinewood Road and Uxbridge Road, to comprise data centre (Use Class B8) of up to 55,030 sq m (592,338 sq ft) GIA of data hall building floorspace, with additional power sub stations, associated plant, emergency back-up generators and associated fuel storage, vehicular and pedestrian access, car and cycle parking, landscaping, sustainable drainage system, other associated works, community garden (including growing space, orchard, informal recreation, learning space and multi-use site hub building of up to 500 sq m GIA) all to be delivered in phases (each phase being a separate and severable part of the development).",Land To The West Of Pinewood Road Iver Heath Buckinghamshire,,,https://www.planit.org.uk/planapplic/Bucks/PL/25/2076/OA/,"Outline application. Up to 55,030 sq m GIA data hall floorspace; outline approved",PlanIt,2026-10-09,2026-10-09,manual-review-2026-10-09,"West of Pinewood Road, Iver Heath (PL/25/2076/OA)",
UK:Ealing/252552OPDCOB,UK,Ealing,252552OPDCOB,2025-06-30,2026-05-07,Withdrawn,Not Proceeded With,conditions discharge,true,data centre (type not stated),,,,,,,,,,,,,,,,"Details of condition 2 (Lighting Strategy - Substation) for Phase 1a pursuant to planning permission 21/0150/REMOPDC dated 18/11/2021 for phase 1a Reserved Matters Application with full details of access, layout, scale, appearance and landscaping pursuant to outline planning permission reference 21/0013/OUTOPDC dated 07/09/2021 for a data centre (Use Class B8), generator building, plant, sub-station, hard and soft landscaping and associated works ( out of borough)",Chandos Road Trading Estate Chandos Road Park Royal NW10 6NF,,,https://www.planit.org.uk/planapplic/Ealing/252552OPDCOB/,Not proceeded with,PlanIt,2026-10-09,2026-10-09,manual-review-2026-10-09,"OPDC 21/0013/OUTOPDC (up to 52,000 sqm GEA)",
UK:Bucks/PL/25/2080/OA,UK,Buckinghamshire,PL/25/2080/OA,2025-06-30,2026-07-24,Permitted,Approved,approved,true,data centre (type not stated),,,,,,,,,Union4 Planning,,,,,,,"Outline planning application for proposed development of data centre building (Use Class B8), ancillary offices, plant and equipment, substation, new access/egress, internal road and bridge, landscaping, biodiversity and drainage features, upgrade works to the public right of way, and associated works (matter to be considered at this stage: access)",Land South Of Slough Road (A4007) and East Of M25 Iver Buckinghamshire SL0 0EB,,,https://www.planit.org.uk/planapplic/Bucks/PL/25/2080/OA/,Outline application. Outline (access only) approved,PlanIt,2026-10-09,2026-10-09,manual-review-2026-10-09,"Woodlands Park landfill, south of Slough Road, Iver (PL/25/2080/OA)",
UK:SouthGloucestershire/P25/01542/RVC,UK,South Gloucestershire,P25/01542/RVC,2025-06-25,2025-09-05,Conditions,Approve with Conditions,,false,not data centre,,,,,,,,,,,,,,,,"Removal of condition 3 attached to permission P24/02501/F. Change of use from (Data Centre) Sui Generis, to a flexible use of (Class E(giii)) Industrial processes, (Class B2) General Industry (Class B8 ) Storage or distribution, as defined in the Town and Country Planning (Use Classes) Order 1987 (as amended).",Units 1 And 2 Abbey Wood Business Park Emma-chris Way Filton South Gloucestershire BS34 7JU,,,https://www.planit.org.uk/planapplic/SouthGloucestershire/P25/01542/RVC/,Removes DC use: change from DC to flexible industrial,PlanIt,2026-10-09,2026-10-09,manual-review-2026-10-09,,
UK:OldOakParkRoyal/25/0104/AODOPDC,UK,Old Oak Park Royal,25/0104/AODOPDC,2025-06-25,2025-08-28,Permitted,Approve,conditions discharge,true,data centre (type not stated),,,52000,,,,,,,,,,,,,"Details of conditions 26 (Dust Management Plan), 30 (Site Waste Management Plan) & 33 (Power Use & Water Use) for Phase 2, pursuant to planning permission 21/0013/OUTOPDC dated 07/09/2021 for outline planning permission with the details of access, appearance, landscaping, layout and scale reserved for later determination for demolition and redevelopment to comprise a data centre (Use Class B8) of up to 52,000 sqm gross external, including ancillary offices, internal plant and equipment (including flues), and substation. In addition to the above the Development may include up to 2,500 sqm of work units (Use Class E(g)(ii) & E(g)(iii), B2); car parking; provision of external plant and equipment (including flues); creation of servicing areas and provision of associated services, including waste, refuse, cycle storage, and lighting; and for the laying out of the buildings; routes and open spaces within the development; and all associated works and operations including but not limited to: demolition; earthworks; provision of attenuation infrastructure, engineering operations. Development shall be in accordance with the approved Development Parameters Schedule and Plans","Chandos Road Trading Estate, Chandos Road, Park Royal, NW10 6NF",,,https://www.planit.org.uk/planapplic/OldOakParkRoyal/25/0104/AODOPDC/,,PlanIt,2026-10-09,2026-10-09,manual-review-2026-10-09,"OPDC 21/0013/OUTOPDC (up to 52,000 sqm GEA)",
UK:OldOakParkRoyal/25/0105/AODOPDC,UK,Old Oak Park Royal,25/0105/AODOPDC,2025-06-25,2025-08-19,Withdrawn,Withdrawn,conditions discharge,true,data centre (type not stated),,,,,,,,,,,,,,,,"Details of condition 2 (Lighting Strategy - Substation) for Phase 1a pursuant to planning permission 21/0150/REMOPDC dated 18/11/2021 for phase 1a Reserved Matters Application with full details of access, layout, scale, appearance and landscaping pursuant to outline planning permission reference 21/0013/OUTOPDC dated 07/09/2021 for a data centre (Use Class B8), generator building, plant, sub-station, hard and soft landscaping and associated works.","Chandos Road Trading Estate, Chandos Road, Park Royal, NW10 6NF",,,https://www.planit.org.uk/planapplic/OldOakParkRoyal/25/0105/AODOPDC/,Withdrawn,PlanIt,2026-10-09,2026-10-09,manual-review-2026-10-09,"OPDC 21/0013/OUTOPDC (up to 52,000 sqm GEA)",
UK:Ealing/252511OPDCOB,UK,Ealing,252511OPDCOB,2025-06-24,2025-07-17,Permitted,No Objection,conditions discharge,true,data centre (type not stated),,,25000,,,,,,,,,,,,,"Details of condition 34 (Car Parking/Blue Badge/EVCP) pursuant to planning permission 20/0122/OUTOPDC dated 27/09/2022 for outline planning permission with the details of access, appearance, landscaping, layout and scale reserved for later determination for demolition and redevelopment to comprise a data centre (Use Class B8) of up to 25, 000 sqm gross external, including ancillary offices, internal plant and equipment (including flues), and substation. In addition to the above the Development may also include: car parking; provision of external plant and equipment (including flues) and fuel storage; creation of servicing areas and provision of associated services, including waste, refuse, cycle storage, and lighting; and for the laying out of the buildings; routes and open spaces within the development; and all associated and ancillary works and operations including but not limited to: demolition; earthworks; provision of attenuation infrastructure, engineering operations. Development shall be in accordance with the approved Development Parameters Schedule and Plans.",37 - 39 North Acton Road Park Royal NW10 6PF,,,https://www.planit.org.uk/planapplic/Ealing/252511OPDCOB/,"Outline up to 25,000 sqm GEA",PlanIt,2026-10-09,2026-10-09,manual-review-2026-10-09,OPDC 20/0122/OUTOPDC,
UK:OldOakParkRoyal/25/0100/AODOPDC,UK,Old Oak Park Royal,25/0100/AODOPDC,2025-06-20,2025-08-14,Permitted,Approve,conditions discharge,true,data centre (type not stated),,,25000,,,,,,,,,,,,,"Details of condition 34 (Car Parking/Blue Badge/EVCP) pursuant to planning permission 20/0122/OUTOPDC dated 27/09/2022 for outline planning permission with the details of access, appearance, landscaping, layout and scale reserved for later determination for demolition and redevelopment to comprise a data centre (Use Class B8) of up to 25,000 sqm gross external, including ancillary offices, internal plant and equipment (including flues), and substation.","37-39, North Acton Road, LONDON, NW10 6PF",,,https://www.planit.org.uk/planapplic/OldOakParkRoyal/25/0100/AODOPDC/,"Outline up to 25,000 sqm GEA",PlanIt,2026-10-09,2026-10-09,manual-review-2026-10-09,OPDC 20/0122/OUTOPDC,
UK:CentralBedfordshire/CB/25/02009/NMA,UK,Central Bedfordshire,CB/25/02009/NMA,2025-06-19,2025-07-09,Rejected,Non-Material Amendment - Refused,,false,not data centre,,,,,,,,,,,,,,,,"Non-material amendment to planning permission CB/22/03616/FULL (Hybrid Planning Application: Development of film and TV studio campus (Use Class E (g) (i-iii) and B8) comprising film studios, sound stages, workshops, offices, warehouses, overnight accommodation, community hub, canteen/ restaurant, ancillary floorspace, new access arrangements including bus interchange, car and cycle parking, landscaping, infrastructure and associated works. Comprising (i) Full application for phase 1, 1a and 1b which includes 54,334sqm of stages and workshops (E(g) (i-iii), 50sqm education hub (F.1(a)), 384sqm transport hub, (F.2(b)), 384sqm community floorspace (F.2(b)), 8,701sqm of ancillary floorspace (E(g)(i-iii) and B8) and site wide enabling works (ii) An Outline application: Phases 2 3 and substation phase up to a maximum floor area of 75,000 sqm; which includes up to 38,000sqm of stages and workshops (E(g)(i-iii), up to 25,000sqm backlot, 2000sqm substation facility, 4,100sqm of ancillary overnight accommodation, a 1,200 space multi storey car park, 5900sqm of associated ancillary floorspace (E (g) (i-iii) and B8) and a 2,000 sqm substation facility. The associated backlot area will be no more than 25,000sqm. All matters reserved except access. EIA development accompanied by an Environmental Statement.) Amendment sought: The applicant is seeking to amend the existing planning permission to allow for an element of data centre use in the part of the site that benefits from outline planning permission, by amending the description of development to include data storage (Use Class B8) within the phase 2 buildings.","Quest Pit, Ampthill Road, Houghton Conquest",,,https://www.planit.org.uk/planapplic/CentralBedfordshire/CB/25/02009/NMA/,Film/TV studio campus; refused NMA to add data storage within studio buildings,PlanIt,2026-10-09,2026-10-09,manual-review-2026-10-09,,
UK:WestBerkshire/25/01423/COND,UK,West Berkshire,25/01423/COND,2025-06-19,,Undecided,,conditions discharge,true,data centre (type not stated),,,,,,,,,Enzygo,,,,,,,"Application for approval of details reserved by Condition 33 - Contaminated land and Condition 38 - Pollution prevention plan, of approved application 20/02029/COMIND (Development of an Energy Recovery Centre and adjacent Data Centre and associated infrastructure).",Reading Quarry Berrys Lane Burghfield Reading RG30 3EY,,,https://www.planit.org.uk/planapplic/WestBerkshire/25/01423/COND/,,PlanIt,2026-10-09,2026-10-09,manual-review-2026-10-09,West Berks energy recovery centre + DC (20/02029/COMIND),
UK:Bucks/PL/25/1899/EIASR,UK,Buckinghamshire,PL/25/1899/EIASR,2025-06-16,2025-09-08,Permitted,Letter-Replied/Responded to,EIA screening/scoping,true,data centre (type not stated),,,,,,,,,AECOM Limited,,,,,,,Request for an EIA Screening Opinion under Regulation 5(6) of the Town and Country Planning (Environmental Impact Assessment) Regulations 2017 (as amended) in relation to a proposed data centre development within Thorney Business Park,Thorney Business Park Thorney Lane North Iver Buckinghamshire,,,https://www.planit.org.uk/planapplic/Bucks/PL/25/1899/EIASR/,EIA screening,PlanIt,2026-10-09,2026-10-09,manual-review-2026-10-09,"Thorney Business Park, Iver (PL/25/4316/FA)",
UK:Rushmoor/25/00328/SCOPE,UK,Rushmoor,25/00328/SCOPE,2025-06-16,2025-07-22,Permitted,Scoping Report Issued,EIA screening/scoping,possible,data centre (type not stated),,,,,,,,,,,,,,,,"Request for an EIA Scoping Opinion : Proposed development comprising the partial demolition and partial retention of existing structures and phased construction of a new commercial development to provide the following uses over several development plots with a total maximum floorspace of 143,000m2 GEA: Up to approximately 46,000m2 GEA of flexible commercial floorspace (Class E(g)(ii), E(g)(iii), B2 and B8); Up to approximately 35,000m2 GEA of B8 storage or distribution (including Data Centres); Up to approximately 32,000m2 GEA of flexible commercial floorspace (Class E(g)(i), E(g)(ii), E(g)(iii), and B8); and Up to approximately 30,000m2 GEA of flexible commercial floorspace (Class E(g)(iii), B2 and B8 (including Data Centres); with public realm and associated works",Cody Technology Park Ively Road Farnborough Hampshire GU14 0LX,,,https://www.planit.org.uk/planapplic/Rushmoor/25/00328/SCOPE/,"Up to 35,000 m2 GEA B8 ""including data centres"" within 143,000 m2; DC not certain",PlanIt,2026-10-09,2026-10-09,manual-review-2026-10-09,Rushmoor 25/00328/SCOPE commercial plots,
UK:WestBerkshire/25/01397/COND,UK,West Berkshire,25/01397/COND,2025-06-16,,Undecided,,conditions discharge,true,data centre (type not stated),,,,,,,,,Enzygo,,,,,,,"Approval of details reserved by Conditions (6) CMS, (36) Surface Water Management Strategy, (42) LEMP, (43) CEMP, (48) Emergency Planning (i) and (52) Water Provision (i) of planning permission 20/02029/COMIND: Development of an Energy Recovery Centre and adjacent Data Centre and associated infrastructure",Reading Quarry Berrys Lane Burghfield Reading RG30 3EY,,,https://www.planit.org.uk/planapplic/WestBerkshire/25/01397/COND/,,PlanIt,2026-10-09,2026-10-09,manual-review-2026-10-09,West Berks energy recovery centre + DC (20/02029/COMIND),
UK:Glasgow/25/01338/MSC,UK,Glasgow,25/01338/MSC,2025-06-13,2025-11-24,Conditions,Grant Subject to Condition(s),,false,not data centre,,,,,,,,,,,,,,,,"Mixed-use University campus development including: (1) teaching and learning buildings (Class 10) (up to 65,000 sq m); (2) University research buildings (Class 4) (up to 17,000 sq m); (3) commercial research & development/offices (Class 4) (up to 18,000 sq m); (4) retail shops (Class 1) (up to 4,000 sq m); (5) financial, professional and other services (Class 2) (up to 500 sq m; (6) food and drink (Class 3) (up to 2,500 sq m); (7) hotels (Class 7) (up to 12,500 sq m); (8) sports and recreation facilities (Class 11) (up to 500 sq m); (9) day nursery (Class 10) (up to 500 sq m); (10) crèche (Class 10) (up to 100 sq m) (11) residential flats (mainstream or student) (sui generis) (up to 14,500.sq m); (12) Data Centre (Class 4) (up to 3,000 sq m); (13) energy centre (sui generis); (14) means of access, servicing and parking arrangements: (15) related infrastructure; (16) related landscaping and (17) related public realm and demolition of existing buildings - Approval of matters specified in conditions 02 (1-5, 7-10, 12-15), 03, 09 - 15, 22, 23, 25 - 29, 35, 36, 38, and 41 of Planning Permission in Principle 19/00363/PPP, for the erection of an Innovation Hub (Class 4), with ancillary facilities, food and drink (Class 3), open space, and incorporating and altering the listed Pathology Building, related infrastructure, landscaping and public realm (in so far as these relate to the development of Plot J)",Site At University Avenue Glasgow,,,https://www.planit.org.uk/planapplic/Glasgow/25/01338/MSC/,"University campus masterplan (data centre up to 3,000 sq m is one of 17 uses)",PlanIt,2026-10-09,2026-10-09,manual-review-2026-10-09,,
UK:Ealing/252336OPDCOB,UK,Ealing,252336OPDCOB,2025-06-11,2025-07-14,Permitted,No Objection,conditions discharge,true,data centre (type not stated),,,25000,,,,,,,,,,,,,"Details of condition 36 (Delivery & Servicing Plan) pursuant to planning permission 20/0122/OUOPDC dated 27/09/2022 for outline planning permission with the details of access, appearance, landscaping, layout and scale reserved for later determination for demolition and redevelopment to comprise a data centre (Use Class B8) of up to 25, 000 sqm gross external, including ancillary offices, internal plant and equipment (including flues), and substation. In addition to the above the Development may also include: car parking; provision of external plant and equipment (including flues) and fuel storage; creation of servicing areas and provision of associated services, including waste, refuse, cycle storage, and lighting; and for the laying out of the buildings; routes and open spaces within the development; and all associated and ancillary works and operations including but not limited to: demolition; earthworks; provision of attenuation infrastructure, engineering operations. Development shall be in accordance with the approved Development Parameters Schedule and Plans (out of borough)",37 - 39 North Acton Road Park Royal NW10 6PF,,,https://www.planit.org.uk/planapplic/Ealing/252336OPDCOB/,"Outline up to 25,000 sqm GEA",PlanIt,2026-10-09,2026-10-09,manual-review-2026-10-09,OPDC 20/0122/OUTOPDC,
UK:Ealing/252234OPDCOB,UK,Ealing,252234OPDCOB,2025-06-10,2025-07-11,Permitted,Approved,conditions discharge,true,data centre (type not stated),,,25000,,,,,,,,,,,,,"Details of condition 33 (Site Waste Management Plan) pursuant to planning permission 20/0122/OUTOPDC dated 27/09/2022 for outline planning permission with the details of access, appearance, landscaping, layout and scale reserved for later determination for demolition and redevelopment to comprise a data centre (Use Class B8) of up to 25, 000 sqm gross external, including ancillary offices, internal plant and equipment (including flues), and substation. In addition to the above the Development may also include: car parking; provision of external plant and equipment (including flues) and fuel storage; creation of servicing areas and provision of associated services, including waste, refuse, cycle storage, and lighting; and for the laying out of the buildings; routes and open spaces within the development; and all associated and ancillary works and operations including but not limited to: demolition; earthworks; provision of attenuation infrastructure, engineering operations. Development shall be in accordance with the approved Development Parameters Schedule and Plans. (Out of Borough)",37 - 39 North Acton Road Park Royal NW10 6PF,,,https://www.planit.org.uk/planapplic/Ealing/252234OPDCOB/,"Outline up to 25,000 sqm GEA",PlanIt,2026-10-09,2026-10-09,manual-review-2026-10-09,OPDC 20/0122/OUTOPDC,
UK:Ealing/252233OPDCOB,UK,Ealing,252233OPDCOB,2025-06-10,2025-07-11,Permitted,No Objection,conditions discharge,true,data centre (type not stated),,,,,,,,,,,,,,,,"Details of condition 5 (Noise Modelling) pursuant to planning permission 22/0075/VAROPDC dated 28/09/2022 for application for the variation of conditions 1, 2, 3, 4 and 11 of Reserved Matters Approval 21/0077/REMOPDC for full details of access, layout, scale, appearance and landscaping pursuant to outline planning permission reference 20/0037/FUMOPDC dated 7/9/2020 for a Class B8 Data Centre (data halls, plant rooms, below ground water storage tanks, temporary generators), administration building, sub-station, access, servicing, parking and landscaping. The proposed amendments comprise an increase in lift core heights; changes to plant/transformer gantries; reduction in roof plant screen height; changes to landscaping; changes to internal road layout; and a reduction in the screen height of the temporary generator compound. (Out of borough)",Land At Bashley Road Bashley Road Park Royal NW10 6SN,,,https://www.planit.org.uk/planapplic/Ealing/252233OPDCOB/,Noise modelling,PlanIt,2026-10-09,2026-10-09,manual-review-2026-10-09,OPDC 21/0077/REMOPDC,
UK:Bucks/25/06382/MINAMD,UK,Buckinghamshire,25/06382/MINAMD,2025-06-09,2025-07-07,Rejected,Refused,amendment/variation,true,hyperscale/campus,,,,4,Virtus Saunderton Campus Limited,low (address match; check title plan),evidence chain: registered proprietor (HM Land Registry); Companies House PSC chain,,,13618549,"VIRTUS SAUNDERTON LIMITED (13618549) > Virtus Saunderton Campus Limited (no number, Companies Act 2006)",BM153390 (low),VIRTUS SAUNDERTON LIMITED (13618549) [low],"Crédit Agricole Corporate and Investment Bank, Broadwalk House, 5 Appold Street, London EC2A 2DA, as Security Agent (As Security Trustee for Each of the Secured Parties)",,"Proposed non-material amendment to permission Erection of 4 no. Data centre buildings (sui generis use) together with associated groundworks, plant, electricity sub-station, security fence, gates and piers, landscaping, amendment to existing vehicular access(es), internal roads, service areas and provision of 150 car parking spaces with retention of the existing office building and ""Ballroom"" building fronting Haw Lane for ancillary operational uses and demolition of all other buildings and structures granted under planning ref: 22/06872/VCDN",Former Molins Site Haw Lane Saunderton Buckinghamshire,,,https://www.planit.org.uk/planapplic/Bucks/25/06382/MINAMD/,NMA refused,PlanIt,2026-10-09,2026-10-09,manual-review-2026-10-09,"Haw Lane, Saunderton (08/05740/FULEA)","[low] registered proprietor (HM Land Registry): HM Land Registry CCOD/OCOD Oct 2026 address match: title BM153390 ('land on the South East side of Haw Lane, Saunderton') proprietor VIRTUS SAUNDERTON LIMITED 13618549 || https://find-and-update.company-information.service.gov.uk/company/13618549 | VIRTUS SAUNDERTON LIMITED PSC: Virtus Saunderton Campus Limited ( Companies Act 2006) notified 2024-02-09 || https://find-and-update.company-information.service.gov.uk/company/13618549/charges/STB_52ctOcyXKefdlRzShg9BzkM | charge 2026-09-22 (outstanding) to Crédit Agricole Corporate and Investment Bank, Broadwalk House, 5 Appold Street, London EC2A 2DA, as Security Agent (As Security Trustee for Each of the Secured Parties); titles BM260149, BM260150 || https://find-and-update.company-information.service.gov.uk/company/13618549/charges/Avq7sSFB0Kc3p_9N-AsjVkmEeSA | charge 2025-08-06 (fully-satisfied) to Cimb Bank Berhad, Singapore Branch, 30 Raffles Place, #04-01, Singapore 048622 as Security Agent (As Security Trustee for Each of the Secured Parties) || https://find-and-update.company-information.service.gov.uk/company/13618549/charges/rMXHxD9FQc0eWp5kKuyyCRIIMZg | charge 2025-08-06 (fully-satisfied) to Cimb Bank Berhad, Singapore Branch, 30 Raffles Place, #04-01, Singapore 048622 as Security Agent (As Security Trustee for Each of the Secured Parties); titles BM260149, BM260150 || https://find-and-update.company-information.service.gov.uk/company/13618549/charges/-m7YUpwqU8cniBV3boSw6-mW4wI | charge 2023-01-11 (fully-satisfied) to Icg-Longbow Investment No. 5 S.a R.L.; titles BM260149, BM260150, BM35812 || https://find-and-update.company-information.service.gov.uk/company/13618549/charges/uYtHzSut-CELw5W5Ofx0jM2Ahoo | charge 2022-02-17 (fully-satisfied) to Icg-Longbow Investment No.5 S.À R.L."
UK:Glasgow/24/01681/NMV01,UK,Glasgow,24/01681/NMV01,2025-06-06,2025-09-15,Permitted,Grant,,false,not data centre,,,,,,,,,,,,,,,,"Mixed-use University campus development including: (1) teaching and learning buildings (Class 10) (up to 65,000 sq m); (2) University research buildings (Class 4) (up to 17,000 sq m); (3) commercial research & development/offices (Class 4) (up to 18,000 sq m); (4) retail shops (Class 1) (up to 4,000 sq m); (5) financial, professional and other services (Class 2) (up to 500 sq m; (6) food and drink (Class 3) (up to 2,500 sq m); (7) hotels (Class 7) (up to 12,500 sq m); (8) sports and recreation facilities (Class 11) (up to 500 sq m); (9) day nursery (Class 10) (up to 500 sq m); (10) crèche (Class 10) (up to 100 sq m) (11) residential flats (mainstream or student) (sui generis) (up to 14,500.sq m); (12) Data Centre (Class 4) (up to 3,000 sq m); (13) energy centre (sui generis); (14) means of access, servicing and parking arrangements: (15) related infrastructure; (16) related landscaping and (17) related public realm and demolition of existing buildings - approval of matters specified in conditions 2(1-10,12 & 13), 3, 4, 9-15, 22, 27-29, 33, 35-38, 41 & 42 of Planning Permission in Principle 19/00363/PPP, for the erection of a new University building (Class 10), cafe (Class 3), related infrastructure, landscaping and public realm (in so far as these relate to the development of Plot B) - Non Material Variation to planning application 24/01681/MSC.",Site At University Avenue Glasgow,,,https://www.planit.org.uk/planapplic/Glasgow/24/01681/NMV01/,"University campus masterplan (data centre up to 3,000 sq m is one of 17 uses)",PlanIt,2026-10-09,2026-10-09,manual-review-2026-10-09,,
UK:Middlesbrough/25/0319/RCON,UK,Middlesbrough,25/0319/RCON,2025-06-05,2025-07-01,Permitted,No Objections,consultation (neighbouring authority),true,hyperscale/campus,,,,,,,,,,,,,,,,"Application for the approval of reserved matters (appearance, landscaping, layout, access and scale) following Outline Planning Permission R/2020/0821/ESM in respect of a data centre campus comprising data halls (Use Class B8), office accommodation, substation; battery stores and new access arrangements, car and cycle parking, landscaping, infrastructure and associated works","LAND BOUNDED BY EDGE OF NWL BRAN SANDS TREATMENT PLANT AND FORMER ICI LANDFILL TO SOUTH WEST;, REDCAR BULK TERMINAL TO NORTH WEST LINE OF VEGETATION TOD POINT ROAD",,,https://www.planit.org.uk/planapplic/Middlesbrough/25/0319/RCON/,Middlesbrough consulted on RM,PlanIt,2026-10-09,2026-10-09,manual-review-2026-10-09,Redcar R/2020/0821/ESM data centre campus,
UK:Edinburgh/25/02924/SCR,UK,Edinburgh,25/02924/SCR,2025-06-05,2025-07-04,Permitted,EIA Not Required,EIA screening/scoping,true,hyperscale/campus,,,,,,,,,,,,,,,,Construction of a Data Centre Campus.,Land 300 Metres North Of 50 Research Avenue North Riccarton Currie,,,https://www.planit.org.uk/planapplic/Edinburgh/25/02924/SCR/,EIA not required,PlanIt,2026-10-09,2026-10-09,manual-review-2026-10-09,"Research Avenue North, Riccarton, Edinburgh",
UK:OldOakParkRoyal/25/0094/AODOPDC,UK,Old Oak Park Royal,25/0094/AODOPDC,2025-06-04,2025-08-06,Permitted,Approve,conditions discharge,true,data centre (type not stated),,,,,,,,,,,,,,,,"Details of condition 5 (Noise Modelling) pursuant to planning permission 22/0075/VAROPDC dated 28/09/2022 for application for the variation of conditions 1, 2, 3, 4 and 11 of Reserved Matters Approval 21/0077/REMOPDC for full details of access, layout, scale, appearance and landscaping pursuant to outline planning permission reference 20/0037/FUMOPDC dated 7/9/2020 for a Class B8 Data Centre (data halls, plant rooms, below ground water storage tanks, temporary generators), administration building, sub-station, access, servicing, parking and landscaping. The proposed amendments comprise an increase in lift core heights; changes to plant/transformer gantries; reduction in roof plant screen height; changes to landscaping; changes to internal road layout; and a reduction in the screen height of the temporary generator compound.","Land at Bashley Road, Park Royal, London, NW10 6SN",,,https://www.planit.org.uk/planapplic/OldOakParkRoyal/25/0094/AODOPDC/,,PlanIt,2026-10-09,2026-10-09,manual-review-2026-10-09,OPDC 21/0077/REMOPDC,
UK:OldOakParkRoyal/25/0093/AODOPDC,UK,Old Oak Park Royal,25/0093/AODOPDC,2025-06-04,2025-07-24,Permitted,Approve,conditions discharge,true,data centre (type not stated),,,25000,,,,,,,,,,,,,"Details of Condition 36 (Delivery & Servicing Plan) pursuant to planning application 20/0122/OUTOPDC dated 27/09/2022 for outline planning permission with the details of access, appearance, landscaping, layout and scale reserved for later determination for demolition and redevelopment to comprise a data centre (Use Class B8) of up to 25,000 sqm gross external, including ancillary offices, internal plant and equipment (including flues), and substation.","37-39, North Acton Road, LONDON, NW10 6PF",,,https://www.planit.org.uk/planapplic/OldOakParkRoyal/25/0093/AODOPDC/,"Outline up to 25,000 sqm GEA",PlanIt,2026-10-09,2026-10-09,manual-review-2026-10-09,OPDC 20/0122/OUTOPDC,
UK:OldOakParkRoyal/25/0092/AODOPDC,UK,Old Oak Park Royal,25/0092/AODOPDC,2025-06-04,2025-08-26,Permitted,Approve,conditions discharge,true,data centre (type not stated),,,25000,,,,,,,,,,,,,"Details of condition 33 (Site Waste Management Plan) pursuant to planning permission 20/0122/OUTOPDC dated 27/09/2022 for outline planning permission with the details of access, appearance, landscaping, layout and scale reserved for later determination for demolition and redevelopment to comprise a data centre (Use Class B8) of up to 25,000 sqm gross external, including ancillary offices, internal plant and equipment (including flues), and substation. In addition to the above the Development may also include: car parking; provision of external plant and equipment (including flues) and fuel storage; creation of servicing areas and provision of associated services, including waste, refuse, cycle storage, and lighting; and for the laying out of the buildings; routes and open spaces within the development; and all associated and ancillary works and operations including but not limited to: demolition; earthworks; provision of attenuation infrastructure, engineering operations. Development shall be in accordance with the approved Development Parameters Schedule and Plans.","37-39, North Acton Road, LONDON, NW10 6PF",,,https://www.planit.org.uk/planapplic/OldOakParkRoyal/25/0092/AODOPDC/,"Outline up to 25,000 sqm GEA",PlanIt,2026-10-09,2026-10-09,manual-review-2026-10-09,OPDC 20/0122/OUTOPDC,
UK:Windsor/25/30002/SMI,UK,Windsor,25/30002/SMI,2025-06-04,2025-06-24,Rejected,Objection,consultation (neighbouring authority),true,hyperscale/campus,,,90614,,EQUINIX (LD-A) LIMITED,low (address match; check title plan),evidence chain: registered proprietor (HM Land Registry),,,,EQUINIX (LD-A) LIMITED,BK512349 (low),EQUINIX (LD-A) LIMITED (no number) [low],,,"Outline planning permission for the erection of up to 90, 614sqm of GEA data centre development including ancillary offices and substation, together with associated additional plant facilities, enclosures and gantries, groundworks, utilities, engineering operations and temporary ancillary uses, and all other infrastructure works. Approval is sought for an emergency means of access on Wexham Road and access points on Technology Boulevard. The proposed development is a phased development with each phase being a separate and severable part of the development. Matters relating to layout, scale, appearance, landscaping, and additional access points along Technology Boulevard, are reserved for subsequent approval (AMENDED PLANS RECEIVED)",Land At Former Akzo Nobel Site Wexham Road Slough,,,https://www.planit.org.uk/planapplic/Windsor/25/30002/SMI/,"Windsor objected; outline up to 90,614 sqm GEA",PlanIt,2026-10-09,2026-10-09,manual-review-2026-10-09,"Former Akzo Nobel site, Wexham Road, Slough (P/00072/152)","[low] registered proprietor (HM Land Registry): HM Land Registry CCOD/OCOD Oct 2026 address match: title BK512349 ('Land on the South side of Imperial Chemical Industries Plc, Wexham Road, Slough (SL2 5DS)') proprietor EQUINIX (LD-A) LIMITED "
UK:Bucks/PL/25/1764/ADJ,UK,Buckinghamshire,PL/25/1764/ADJ,2025-06-04,2026-01-30,Permitted,No Objections,consultation (neighbouring authority),true,hyperscale/campus,,,90614,,EQUINIX (LD-A) LIMITED,low (address match; check title plan),evidence chain: registered proprietor (HM Land Registry),,,,EQUINIX (LD-A) LIMITED,BK512349 (low),EQUINIX (LD-A) LIMITED (no number) [low],,,"Consultation from Slough Borough Council on P/00072/152 - Outline planning permission for the erection of up to 90,614sqm of GEA data centre development including ancillary offices and substation, together with associated additional plant facilities, enclosures and gantries, groundworks, utilities, engineering operations and temporary ancillary uses, and all other infrastructure works. Approval is sought for an emergency means of access on Wexham Road and access points on Technology Boulevard. The proposed development is a phased development with each phase being a separate and severable part of the development. Matters relating to layout, scale, appearance, landscaping, and additional access points along Technology Boulevard, are reserved for subsequent approval (AMENDED PLANS RECEIVED).",Akzonobel Decorative Paints Wexham Road Slough Berkshire SL2 5DB,,,https://www.planit.org.uk/planapplic/Bucks/PL/25/1764/ADJ/,Bucks raised no objection,PlanIt,2026-10-09,2026-10-09,manual-review-2026-10-09,"Former Akzo Nobel site, Wexham Road, Slough (P/00072/152)","[low] registered proprietor (HM Land Registry): HM Land Registry CCOD/OCOD Oct 2026 address match: title BK512349 ('Land on the South side of Imperial Chemical Industries Plc, Wexham Road, Slough (SL2 5DS)') proprietor EQUINIX (LD-A) LIMITED "
UK:SouthGloucestershire/DOC25/00183/BNG,UK,South Gloucestershire,DOC25/00183/BNG,2025-06-03,2025-11-11,Conditions,Discharge of Conditions Decided,conditions discharge,true,data centre (type not stated),,,,,,,,,,,,,,,,Discharge of the Biodiversity Net Gain condition attached to planning permission P24/02011/F. Erection of a single storey extension to form enlarged data centre with associated external plant and enclosures.,10 Goodrich Close Yate South Gloucestershire BS37 5YT,,,https://www.planit.org.uk/planapplic/SouthGloucestershire/DOC25/00183/BNG/,,PlanIt,2026-10-09,2026-10-09,manual-review-2026-10-09,South Glos P24/02011/F DC extension,
UK:Redcar/R/2025/0382/ESM,UK,Redcar and Cleveland,R/2025/0382/ESM,2025-06-03,2025-08-01,Permitted,GRANT RESERVED MATTERS,approved,true,hyperscale/campus,,,,,,,,,,,,,,,,"Application for the approval of reserved matters (appearance, landscaping, layout, access and scale) following Outline Planning Permission R/2020/0821/ESM in respect of a data centre campus comprising data halls (Use Class B8), office accommodation, substation; battery stores and new access arrangem...",LAND BOUNDED BY EDGE OF NWL BRAN SANDS TREATMENT PLANT AND FORMER ICI LANDFILL TO SOUTH WEST; REDCAR BULK TERMINAL TO NORTH WEST LINE OF VEGETATION TOD POINT ROAD TO NORTH EAST AND EXISTING INTERNAL ROADS TO SOUTH EAST,,,https://www.planit.org.uk/planapplic/Redcar/R/2025/0382/ESM/,"Reserved matters. Reserved matters granted; data halls, substation, battery stores",PlanIt,2026-10-09,2026-10-09,manual-review-2026-10-09,Redcar R/2020/0821/ESM data centre campus,
UK:Harlow/HW/LDOC/25/00260,UK,Harlow,HW/LDOC/25/00260,2025-06-03,2025-07-07,Permitted,Confirmation of Compliance,lawful use / LDO certificate,true,data centre (type not stated),,,,2,Kao Data,medium (KLON building codes in records),known name (building codes),,Savills,,,,,,,"Application seeks approval of the details for the proposed development of two data centres (KLON-04 (with minor amendments to KLON-03) and substation with ancillary office accommodation and associated site infrastructure and facilities, including internal access roads, plant, landscaping works, drainage features, parking and engineering operations.",South Redevelopment Site Harlow Campus London Road Harlow Essex,,,https://www.planit.org.uk/planapplic/Harlow/HW/LDOC/25/00260/,"Two DCs (KLON-04, amends KLON-03) confirmed compliant with LDO",PlanIt,2026-10-09,2026-10-09,manual-review-2026-10-09,"Harlow Campus, London Road (Kao Data KLON)",
UK:EastAyrshire/25/0003/EIASCR,UK,East Ayrshire,25/0003/EIASCR,2025-06-03,2025-07-14,Permitted,EIA required,EIA screening/scoping,true,hyperscale/campus,,,,,,,,,AAH Consultants,,,,,,,Request EIA Screening Opinion for a proposed Data Centre Campus development,Land South Of Creoch Farm Ochiltree Cumnock KA18 2QH,,,https://www.planit.org.uk/planapplic/EastAyrshire/25/0003/EIASCR/,EIA required,PlanIt,2026-10-09,2026-10-09,manual-review-2026-10-09,"Creoch Farm, Ochiltree, East Ayrshire",
UK:OldOakParkRoyal/25/0089/NMAOPDC,UK,Old Oak Park Royal,25/0089/NMAOPDC,2025-06-02,2025-06-27,Rejected,Refusal of NMA,amendment/variation,true,data centre (type not stated),,,,,,,,,,,,,,,,"Non material amendment pursuant to planning permission 22/0142/REMOPDC dated 25/01/2023 for reserved matters application with full details of access, layout, scale, appearance and landscaping pursuant to outline planning permission reference 20/0122/OUTOPDC dated 27/09/2022 for a data centre (Use Class B8), generator building, plant, sub-station, hard and soft landscaping and associated works","37-39, North Acton Road, LONDON, NW10 6PF",,,https://www.planit.org.uk/planapplic/OldOakParkRoyal/25/0089/NMAOPDC/,NMA refused,PlanIt,2026-10-09,2026-10-09,manual-review-2026-10-09,OPDC 20/0122/OUTOPDC,
UK:Glamorgan/2025/00528/OBS,UK,Glamorgan,2025/00528/OBS,2025-05-29,2025-10-13,Permitted,No observations (OBS),consultation (neighbouring authority),true,hyperscale/campus,,,,,,,,,,,,,,,,"Hybrid planning application seeking: outline planning permission for the development of a data centre campus (Use Class B8) including site preparation, new buildings and electrical substations and the accesses, infrastructure, spaces, facilities, landscaping, surface water drainage features and other works that will be needed to construct and serve the campus; and full planning permission for the first data centre and all associated works (EIA Development) ~Affecting public right of way","Former Ford Engine Plant Waterton Industrial Estate, Bridgend",,,https://www.planit.org.uk/planapplic/Glamorgan/2025/00528/OBS/,Vale of Glamorgan: no observations,PlanIt,2026-10-09,2026-10-09,manual-review-2026-10-09,Bridgend P/25/247/HYB data centre campus,
UK:Stockton/25/1090/FUL,UK,Stockton-on-Tees,25/1090/FUL,2025-05-27,2025-09-19,Conditions,Approved with Conditions,approved,true,data centre (type not stated),,,,2,,,,,CREATE Architecture Ltd,,,,,,,"Erection of a new data centre comprising of 2no commercial units, external plants, substations to include fencing, landscaping highways access work and associated infrastructure works.",Land North Of George Stephenson Court Westland Way Preston Farm Industrial Estate Stockton-On-Tees TS18 3FB,,,https://www.planit.org.uk/planapplic/Stockton/25/1090/FUL/,Two-unit DC approved,PlanIt,2026-10-09,2026-10-09,manual-review-2026-10-09,Stockton 25/1090/FUL,
UK:CentralBedfordshire/CB/25/01728/RM,UK,Central Bedfordshire,CB/25/01728/RM,2025-05-27,2025-08-20,Permitted,Reserved Matters- Granted,,false,not data centre,,,,,,,,,,,,,,,,"Reserved Matters: following Outline Application CB/12/03613/OUT (Outline planning permission with the details of access, appearance, landscaping, layout and scale reserved for later determination. Development to comprise: up to 5,150 dwellings (Use Class C3); up to 202,500 sqm gross of additional development in Use Classes: A1, A2, A3 (retail), A4 (public house), A5 (take away); B1, B2, B8 (offices, industrial and storage and distribution); C1 (hotel), C2 (care home), D1 and D2 (community and leisure); car showroom; data centre; petrol filling station; car parking; primary substation; energy centre; and for the laying out of the buildings; routes and open spaces within the development; and all associated works and operations including but not limited to: demolition; earthworks; engineering operations. All development, works and operations to be in accordance with the Development Parameters Schedule and Plans.) Reserved matters sought for appearance only to bandstand","Land on the northern edge of Houghton Regis, Bedfordshire.",,,https://www.planit.org.uk/planapplic/CentralBedfordshire/CB/25/01728/RM/,"5,150-home mixed-use outline CB/12/03613/OUT lists data centre as one permitted use; not a DC application",PlanIt,2026-10-09,2026-10-09,manual-review-2026-10-09,,
UK:NorthLincs/PA/2025/643,UK,North Lincs,PA/2025/643,2025-05-27,,,,outline application,true,hyperscale/campus,,,,,,,,,,,,,,,,"Outline planning permission for the construction of a data centre park, including ancillary offices, internal plant and cooling equipment, emergency backup generators with associated fuel storage, district heating centre, flexible commercial/amenity building(s) (Use Classes E, F1 and F2) and construction of buildings for agricultural purposes; other works include means of access, internal roads and footpaths, cycle and car parking, hard and soft landscaping, security gatehouses and perimeter fencing, lighting, drainage, pumping station, electricity substation(s), energy generation/storage, undergrounding of overhead power lines and other associated works, infrastructure and ground remodelling including creation of landscaped bunds, with all matters reserved for subsequent consideration - each phase of the development to be a severable component","Land adjacent to Elsham Wolds Industrial Estate, North Lincolnshire",,,https://www.planit.org.uk/planapplic/NorthLincs/PA/2025/643/,Outline; district heating centre and backup generators,PlanIt,2026-10-09,2026-10-09,manual-review-2026-10-09,"Elsham Wolds, North Lincolnshire DC park",
UK:Hillingdon/75111/APP/2025/1440,UK,Hillingdon,75111/APP/2025/1440,2025-05-27,2025-10-21,Permitted,,conditions discharge,true,data centre (type not stated),,,,,REAL ESTATE VENTURE CAPITAL PARTNERS LLP (individual PSC: Mr Andrew John Pettit),high,evidence chain: named as First Owner in legal agreement; Companies House PSC chain,,,14585794,ARK UP4 LIMITED (14585794) > UP4 HOLDINGS LIMITED (14919643) > ARK ESTATES 2 LIMITED (12113969) > REVCAP PROPERTIES 25 LIMITED (05395063) > REVCAP UK HOLDINGS LIMITED (04995163) > LUMLEY PROPERTIES HOLDINGS LIMITED (13856087) > REAL ESTATE VENTURE CAPITAL PARTNERS 1 LLP (OC307140) > REAL ESTATE VENTURE CAPITAL PARTNERS LLP (OC307139),AGL603378; AGL63366; AGL73971; FW03; RE03; AGL32414 (low); AGL568647 (low); AGL568658 (low); AGL601577 (low),ARK ESTATES 2 LIMITED (12113969) [high]; ARK UP1 LIMITED (14111586) [low]; ARK UP2 LIMITED (14111543) [low]; ARK UP3 LIMITED (14551933) [low]; ARK UP4 LIMITED (14585794) [high]; SEGRO (HAYES) LIMITED (09732093) [low],,,"Details pursuant to the partial discharge of Conditions 31 (Contaminated Land), 34 (EA - Verification Report) and 38 (EA - Decommissioning of Boreholes) in relation to Data Centre Blocks 2 and 3 (UP2 and UP3) only as attached to planning permission ref. 75111/APP/2020/1955 dated 15-04-2021 (Site clearance and preparation, including the demolition of remaining buildings, and the redevelopment of the site to provide: a new data centre (Use Class B8), two MV Energy Centres (including stand-by generation plant and gas storage), a HV Sub-Station, a visitor reception centre, plant, the creation of a new footpath and cycleway link to the canal towpath, works to the highway, car parking, cycle parking, associated infrastructure, enclosures and necessary physical security systems, hard and soft landscaping (including works to the River Crane) and ancillary uses, as well as associated external works).",Land at Bulls Bridge Industrial Estate NORTH HYDE GARDENS HAYES UB3 4QQ,,,https://www.planit.org.uk/planapplic/Hillingdon/75111/APP/2025/1440/,,PlanIt,2026-10-09,2026-10-09,manual-review-2026-10-09,"Union Park, Hayes (Hillingdon 75111/APP/2020/1955)","[high] named as First Owner in legal agreement: https://planning.hillingdon.gov.uk/OcellaWeb/viewDocument?file=dv_pl_files%5C75111_APP_2025_739%5CUnion+Park+UP4+North+Hyde+Gardens+-+s106+-+10+August+26.pdf&module=pl | ""ef: 26310 E-Sign ID: f£223c26f-be10-41ea-a239-2fe8fdceedea THIS PLANNING OBLIGATION BY DEED is dated 10 August 2026 and is made BETWEEN: A. ARK UP4 LIMITED (Co Reg No.14585794) whose registered office is situated at Spring Park, Westwells Road, Corsham, Wiltshire, United Kingdom, SN13 9GB ('the Firs"" || https://find-and-update.company-information.service.gov.uk/company/14585794 | ARK UP4 LIMITED PSC: Up4 Holdings Limited (14919643 England) notified 2023-06-19 || https://find-and-update.company-information.service.gov.uk/company/14919643 | UP4 HOLDINGS LIMITED PSC: Ark Estates 2 Limited (12113969 United Kingdom) notified 2023-06-07 || https://find-and-update.company-information.service.gov.uk/company/12113969 | ARK ESTATES 2 LIMITED PSC: Revcap Properties 25 Limited (05395063 England) notified 2019-07-19 || https://find-and-update.company-information.service.gov.uk/company/05395063 | REVCAP PROPERTIES 25 LIMITED PSC: Revcap Uk Holdings Limited (04995163 England) notified 2016-04-18 || https://find-and-update.company-information.service.gov.uk/company/04995163 | REVCAP UK HOLDINGS LIMITED PSC: Lumley Properties Holdings Limited (13856087 England) notified 2022-03-14 || https://find-and-update.company-information.service.gov.uk/company/13856087 | LUMLEY PROPERTIES HOLDINGS LIMITED PSC: Real Estate Venture Capital Partners 1 Llp (OC307140 United Kingdom) notified 2022-01-18 || https://find-and-update.company-information.service.gov.uk/company/OC307140 | REAL ESTATE VENTURE CAPITAL PARTNERS 1 LLP PSC: Real Estate Venture Capital Partners Llp (OC307139 England) notified 2016-04-18 || [high] registered proprietor (HM Land Registry) ARK UP4 LIMITED (14585794): HM Land Registry CCOD/OCOD Oct 2026: title AGL603378 (Leasehold, 'Block 4, Union Park, North Hyde Gardens, Hayes') proprietor ARK UP4 LIMITED 14585794; title cited at https://planning.hillingdon.gov.uk/OcellaWeb/viewDocument?file=dv_pl_files%5C75111_APP_2025_739%5CUnion+Park+UP4+North+Hyde+Gardens+-+s106+-+10+August+26.pdf&module=pl | ""bligations in this Agreement are enforceable. 1.2 The First Owner has a leasehold interest in the Site registered under Title Number AGL603378 at the Land Registry. 1.3 The Second Owner has a freehold interest in the Site registered under Title Numbers AGL73971 a"" || [high] registered proprietor (HM Land Registry) ARK ESTATES 2 LIMITED (12113969): HM Land Registry CCOD/OCOD Oct 2026: title AGL73971 (Freehold, 'Land at Bulls Bridge, Hayes') proprietor ARK ESTATES 2 LIMITED 12113969; title cited at https://planning.hillingdon.gov.uk/OcellaWeb/viewDocument?file=dv_pl_files%5C75111_APP_2025_739%5CUnion+Park+UP4+North+Hyde+Gardens+-+s106+-+10+August+26.pdf&module=pl | ""Title Number AGL603378 at the Land Registry. 1.3 The Second Owner has a freehold interest in the Site registered under Title Numbers AGL73971 and AGL63366 at the Land Registry. 1.4 On 18 March 2025, the First Owner submitted the Planning Application to the Council for permis"" || [low] registered proprietor (HM Land Registry) SEGRO (HAYES) LIMITED (09732093): HM Land Registry CCOD/OCOD Oct 2026 address match: title AGL32414 ('land on the north side of Segro Industrial Park, North Hyde Gardens, Hayes (UB3 4FR)') proprietor SEGRO (HAYES) LIMITED 09732093 || [low] registered proprietor (HM Land Registry) ARK UP3 LIMITED (14551933): HM Land Registry CCOD/OCOD Oct 2026 address match: title AGL601577 ('Block 3, Union Park, North Hyde Gardens, Hayes') proprietor ARK UP3 LIMITED 14551933 || [low] registered proprietor (HM Land Registry) ARK UP1 LIMITED (14111586): HM Land Registry CCOD/OCOD Oct 2026 address match: title AGL568647 ('land on the north side of North Hyde Gardens, Hayes') proprietor ARK UP1 LIMITED 14111586"
UK:Sedgemoor/09/25/00014,UK,Sedgemoor,09/25/00014,2025-05-23,2025-07-23,Permitted,Granted Permission,,false,not data centre,,,,,,,,,,,,,,,,"Erection of palisade fencing around data centre at Bridgwater Community Hospital, Bower Lane, Bridgwater","Bridgwater Community Hospital, Bower Lane, East Bower, Bridgwater, TA6 4GU",,,https://www.planit.org.uk/planapplic/Sedgemoor/09/25/00014/,Fencing round a hospital server building,PlanIt,2026-10-09,2026-10-09,manual-review-2026-10-09,,
UK:Hillingdon/75111/APP/2025/1458,UK,Hillingdon,75111/APP/2025/1458,2025-05-23,2025-08-08,Permitted,,conditions discharge,true,data centre (type not stated),,,,,REAL ESTATE VENTURE CAPITAL PARTNERS LLP (individual PSC: Mr Andrew John Pettit),high,evidence chain: named as First Owner in legal agreement; Companies House PSC chain,,,14585794,ARK UP4 LIMITED (14585794) > UP4 HOLDINGS LIMITED (14919643) > ARK ESTATES 2 LIMITED (12113969) > REVCAP PROPERTIES 25 LIMITED (05395063) > REVCAP UK HOLDINGS LIMITED (04995163) > LUMLEY PROPERTIES HOLDINGS LIMITED (13856087) > REAL ESTATE VENTURE CAPITAL PARTNERS 1 LLP (OC307140) > REAL ESTATE VENTURE CAPITAL PARTNERS LLP (OC307139),AGL603378; AGL63366; AGL73971; FW03; RE03; AGL32414 (low); AGL568647 (low); AGL568658 (low); AGL601577 (low),ARK ESTATES 2 LIMITED (12113969) [high]; ARK UP1 LIMITED (14111586) [low]; ARK UP2 LIMITED (14111543) [low]; ARK UP3 LIMITED (14551933) [low]; ARK UP4 LIMITED (14585794) [high]; SEGRO (HAYES) LIMITED (09732093) [low],,,"Details pursuant to the partial discharge of Condition 12 (External Lighting) in relation to Data Centre Blocks 2 and 3 (UP2 and UP3) only as attached to planning permission ref. 75111/APP/2020/1955 dated 15-04-2021 (Site clearance and preparation, including the demolition of remaining buildings, and the redevelopment of the site to provide: a new data centre (Use Class B8), two MV Energy Centres (including stand-by generation plant and gas storage), a HV Sub-Station, a visitor reception centre, plant, the creation of a new footpath and cycleway link to the canal towpath, works to the highway, car parking, cycle parking, associated infrastructure, enclosures and necessary physical security systems, hard and soft landscaping (including works to the River Crane) and ancillary uses, as well as associated external works).",Land at Bulls Bridge Industrial Estate NORTH HYDE GARDENS HAYES UB3 4QQ,,,https://www.planit.org.uk/planapplic/Hillingdon/75111/APP/2025/1458/,,PlanIt,2026-10-09,2026-10-09,manual-review-2026-10-09,"Union Park, Hayes (Hillingdon 75111/APP/2020/1955)","[high] named as First Owner in legal agreement: https://planning.hillingdon.gov.uk/OcellaWeb/viewDocument?file=dv_pl_files%5C75111_APP_2025_739%5CUnion+Park+UP4+North+Hyde+Gardens+-+s106+-+10+August+26.pdf&module=pl | ""ef: 26310 E-Sign ID: f£223c26f-be10-41ea-a239-2fe8fdceedea THIS PLANNING OBLIGATION BY DEED is dated 10 August 2026 and is made BETWEEN: A. ARK UP4 LIMITED (Co Reg No.14585794) whose registered office is situated at Spring Park, Westwells Road, Corsham, Wiltshire, United Kingdom, SN13 9GB ('the Firs"" || https://find-and-update.company-information.service.gov.uk/company/14585794 | ARK UP4 LIMITED PSC: Up4 Holdings Limited (14919643 England) notified 2023-06-19 || https://find-and-update.company-information.service.gov.uk/company/14919643 | UP4 HOLDINGS LIMITED PSC: Ark Estates 2 Limited (12113969 United Kingdom) notified 2023-06-07 || https://find-and-update.company-information.service.gov.uk/company/12113969 | ARK ESTATES 2 LIMITED PSC: Revcap Properties 25 Limited (05395063 England) notified 2019-07-19 || https://find-and-update.company-information.service.gov.uk/company/05395063 | REVCAP PROPERTIES 25 LIMITED PSC: Revcap Uk Holdings Limited (04995163 England) notified 2016-04-18 || https://find-and-update.company-information.service.gov.uk/company/04995163 | REVCAP UK HOLDINGS LIMITED PSC: Lumley Properties Holdings Limited (13856087 England) notified 2022-03-14 || https://find-and-update.company-information.service.gov.uk/company/13856087 | LUMLEY PROPERTIES HOLDINGS LIMITED PSC: Real Estate Venture Capital Partners 1 Llp (OC307140 United Kingdom) notified 2022-01-18 || https://find-and-update.company-information.service.gov.uk/company/OC307140 | REAL ESTATE VENTURE CAPITAL PARTNERS 1 LLP PSC: Real Estate Venture Capital Partners Llp (OC307139 England) notified 2016-04-18 || [high] registered proprietor (HM Land Registry) ARK UP4 LIMITED (14585794): HM Land Registry CCOD/OCOD Oct 2026: title AGL603378 (Leasehold, 'Block 4, Union Park, North Hyde Gardens, Hayes') proprietor ARK UP4 LIMITED 14585794; title cited at https://planning.hillingdon.gov.uk/OcellaWeb/viewDocument?file=dv_pl_files%5C75111_APP_2025_739%5CUnion+Park+UP4+North+Hyde+Gardens+-+s106+-+10+August+26.pdf&module=pl | ""bligations in this Agreement are enforceable. 1.2 The First Owner has a leasehold interest in the Site registered under Title Number AGL603378 at the Land Registry. 1.3 The Second Owner has a freehold interest in the Site registered under Title Numbers AGL73971 a"" || [high] registered proprietor (HM Land Registry) ARK ESTATES 2 LIMITED (12113969): HM Land Registry CCOD/OCOD Oct 2026: title AGL73971 (Freehold, 'Land at Bulls Bridge, Hayes') proprietor ARK ESTATES 2 LIMITED 12113969; title cited at https://planning.hillingdon.gov.uk/OcellaWeb/viewDocument?file=dv_pl_files%5C75111_APP_2025_739%5CUnion+Park+UP4+North+Hyde+Gardens+-+s106+-+10+August+26.pdf&module=pl | ""Title Number AGL603378 at the Land Registry. 1.3 The Second Owner has a freehold interest in the Site registered under Title Numbers AGL73971 and AGL63366 at the Land Registry. 1.4 On 18 March 2025, the First Owner submitted the Planning Application to the Council for permis"" || [low] registered proprietor (HM Land Registry) SEGRO (HAYES) LIMITED (09732093): HM Land Registry CCOD/OCOD Oct 2026 address match: title AGL32414 ('land on the north side of Segro Industrial Park, North Hyde Gardens, Hayes (UB3 4FR)') proprietor SEGRO (HAYES) LIMITED 09732093 || [low] registered proprietor (HM Land Registry) ARK UP3 LIMITED (14551933): HM Land Registry CCOD/OCOD Oct 2026 address match: title AGL601577 ('Block 3, Union Park, North Hyde Gardens, Hayes') proprietor ARK UP3 LIMITED 14551933 || [low] registered proprietor (HM Land Registry) ARK UP1 LIMITED (14111586): HM Land Registry CCOD/OCOD Oct 2026 address match: title AGL568647 ('land on the north side of North Hyde Gardens, Hayes') proprietor ARK UP1 LIMITED 14111586"
UK:Newport/25/0390,UK,Newport,25/0390,2025-05-22,2025-07-10,Permitted,Approved,conditions discharge,true,data centre (type not stated),,,,2,MSFT MCIO LIMITED,low (address match; check title plan),evidence chain: registered proprietor (HM Land Registry); Companies House PSC chain,,Carter Jonas,09616816,MSFT MCIO LIMITED (09616816),CYM671910 (low); CYM770168 (low); CYM804925 (low),MSFT MCIO LIMITED (09616816) [low]; VANTAGE DATA CENTERS UK LIMITED (06132144) [low]; VANTAGE DATA CENTRES UK LIMITED (06132144) [low],,,PARTIAL DISCHARGE OF CONDITION 11(MATERIALS) OF 24/0006 DEMOLITION OF REMINDER OF EXISTING PRINCIPAL BUILDING AND REMAINING STRUCTURES OF NEW DATA CENTRE (USE CLASS B8) ACROSS TWO MAIN BUILDINGS PLUS ANCILLARY STRUCTURES AND OTHER ASSOCIATED WORKS,Quinn Radiators Celtic Way Celtic Lakes Newport South Wales NP10 8FS,,,https://www.planit.org.uk/planapplic/Newport/25/0390/,,PlanIt,2026-10-09,2026-10-09,manual-review-2026-10-09,Newport 24/0006,"[low] registered proprietor (HM Land Registry): HM Land Registry CCOD/OCOD Oct 2026 address match: title CYM770168 ('Data Hall GF20 and GF21, NGD Celtic Technology Centre, Celtic Way, Newport (NP10 8BE)') proprietor MSFT MCIO LIMITED 09616816 || [low] registered proprietor (HM Land Registry) VANTAGE DATA CENTERS UK LIMITED (06132144): HM Land Registry CCOD/OCOD Oct 2026 address match: title CYM804925 ('First Floor, Phase 1, Hynix Fab. Building, Celtic Way, Newport (NP10 8BE)') proprietor VANTAGE DATA CENTERS UK LIMITED 06132144 || [low] registered proprietor (HM Land Registry) VANTAGE DATA CENTRES UK LIMITED (06132144): HM Land Registry CCOD/OCOD Oct 2026 address match: title CYM671910 ('Ground Floor, Hynix Fab. Building, Celtic Way, Celtic Lakes, Newport (NP10 8BE)') proprietor VANTAGE DATA CENTRES UK LIMITED 06132144"
UK:NorthLanarkshire/25/00556/EIASCR,UK,North Lanarkshire,25/00556/EIASCR,2025-05-20,2025-07-03,Permitted,EIA Not Required,EIA screening/scoping,true,hyperscale/campus,,,,,,,,,,,,,,,,Construction of a Data Centre Campus,Land At Ravenscraig Regeneration Area (West) Wishaw Motherwell North Lanarkshire ML1 1NR,,,https://www.planit.org.uk/planapplic/NorthLanarkshire/25/00556/EIASCR/,EIA not required,PlanIt,2026-10-09,2026-10-09,manual-review-2026-10-09,North Lanarkshire 25/00556/EIASCR campus,
UK:Hillingdon/18399/APP/2025/1412,UK,Hillingdon,18399/APP/2025/1412,2025-05-20,2025-07-15,Permitted,,conditions discharge,true,data centre (type not stated),,,,,VIRTUS HOLDCO LIMITED,high,evidence chain: named as Leasehold Owner in legal agreement; Companies House PSC chain,,,12698361,VIRTUS LONDON 14 LIMITED (12698361) > VIRTUS SAUNDERTON CAMPUS LIMITED (15421619) > VIRTUS DATA CENTRES PROPERTIES 2 LIMITED (15421451) > VIRTUS DATA CENTRES PROPERTIES LIMITED (09840065) > VIRTUS HOLDCO LIMITED (07670473),AGL190531; AGL594704; AGL433914 (low),PROLOGIS UK 79 LIMITED (14321098) [high]; VIRTUS LONDON 14 LIMITED (12698361) [high]; VIRTUS LONDON 5 LIMITED (10675163) [low],"Crédit Agricole Corporate and Investment Bank, Broadwalk House, 5 Appold Street, London EC2A 2DA, as Security Agent (As Security Trustee for Each of the Secured Parties)",,"Details pursuant to the discharge of Condition 14 (Pollutant Emission Monitoring Plan) as attached to planning permission reference 18399/APP/2022/411 dated 03-05-2023 (Installation of plant and equipment to unit DC6 including external plant equipment, external louvres and associated security fencing and landscaping, to facilitate use of the building as a data centre).",UNIT D Prologis Park STOCKLEY ROAD WEST DRAYTON UB7 9FN,,,https://www.planit.org.uk/planapplic/Hillingdon/18399/APP/2025/1412/,,PlanIt,2026-10-09,2026-10-09,manual-review-2026-10-09,Hillingdon unit DC6 (18399),"[high] named as Leasehold Owner in legal agreement: https://planning.hillingdon.gov.uk/OcellaWeb/viewDocument?file=dv_pl_files%5C18399_APP_2025_16%5CDeed+of+Variation+Section+106A+UB7+9FN.pdf&module=pl | ""e Freehold Owner'); VIRTUS LONDON 14 LIMITED incorporated and registered in England and Wales with company number 12698361 whose registered of"" || https://find-and-update.company-information.service.gov.uk/company/12698361 | VIRTUS LONDON 14 LIMITED PSC: Virtus Saunderton Campus Limited (15421619 England) notified 2026-09-22 || https://find-and-update.company-information.service.gov.uk/company/15421619 | VIRTUS SAUNDERTON CAMPUS LIMITED PSC: Virtus Data Centres Properties 2 Limited (15421451 England) notified 2024-01-17 || https://find-and-update.company-information.service.gov.uk/company/15421451 | VIRTUS DATA CENTRES PROPERTIES 2 LIMITED PSC: Virtus Data Centres Properties Limited (09840065 United Kingdom) notified 2026-09-22 || https://find-and-update.company-information.service.gov.uk/company/09840065 | VIRTUS DATA CENTRES PROPERTIES LIMITED PSC: Virtus Holdco Limited (07670473 England) notified 2016-04-06 || https://find-and-update.company-information.service.gov.uk/company/12698361/charges/SlGN5xXY4EyWaJtZrEeSXFw8JVE | charge 2026-09-22 (outstanding) to Crédit Agricole Corporate and Investment Bank, Broadwalk House, 5 Appold Street, London EC2A 2DA, as Security Agent (As Security Trustee for Each of the Secured Parties); titles AGL594704 || https://find-and-update.company-information.service.gov.uk/company/12698361/charges/7pLX0a1KL0xqfbD1Fe8Y2e7miNA | charge 2023-08-11 (fully-satisfied) to Standard Chartered Bank (Hong Kong) Limited as Security Agent and Security Trustee for the Secured Parties; titles AGL190531, MR01 || https://find-and-update.company-information.service.gov.uk/company/12698361/charges/TjVKsfvln28_CTMiRPEZCLNIoIg | charge 2023-08-11 (fully-satisfied) to Standard Chartered Bank (Hong Kong) Limited as Security Agent and Security Trustee for the Secured Parties || [high] named as Freehold Owner in legal agreement PROLOGIS UK 79 LIMITED (14321098): https://planning.hillingdon.gov.uk/OcellaWeb/viewDocument?file=dv_pl_files%5C18399_APP_2025_16%5CDeed+of+Variation+Section+106A+UB7+9FN.pdf&module=pl | ""UW ('the Council'); PROLOGIS UK 79 LIMITED incorporated and registered in England and Wales with company number 14321098 whose registered of"" || [high] registered proprietor (HM Land Registry) PROLOGIS UK 79 LIMITED (14321098): HM Land Registry CCOD/OCOD Oct 2026: title AGL190531 (Freehold, 'Plot C, Prologis Park, Stockley Road, Hayes') proprietor PROLOGIS UK 79 LIMITED 14321098; title cited at https://planning.hillingdon.gov.uk/OcellaWeb/viewDocument?file=dv_pl_files%5C18399_APP_2025_16%5CDeed+of+Variation+Section+106A+UB7+9FN.pdf&module=pl | ""bligations in this Deed are enforceable B The Freehold Owner has a freehold legal interest in the Land registered under Title Number AGL190531 at the Land Registry and the Leasehold Owner has a leasehold interest in the Land registered under Title Number AGL59470"" || [high] registered proprietor (HM Land Registry) VIRTUS LONDON 14 LIMITED (12698361): HM Land Registry CCOD/OCOD Oct 2026: title AGL594704 (Leasehold, 'Dc6, Prologis Park, Stockley Road, Hayes') proprietor VIRTUS LONDON 14 LIMITED 12698361; title cited at https://planning.hillingdon.gov.uk/OcellaWeb/viewDocument?file=dv_pl_files%5C18399_APP_2025_16%5CDeed+of+Variation+Section+106A+UB7+9FN.pdf&module=pl | ""tle Number AGL190531 at the Land Registry and the Leasehold Owner has a leasehold interest in the Land registered under Title Number AGL594704 at the Land Registry subject to a legal charge entered into between the Leaseholder and the Mortgagee dated 11' August 2"" || [low] registered proprietor (HM Land Registry) VIRTUS LONDON 5 LIMITED (10675163): HM Land Registry CCOD/OCOD Oct 2026 address match: title AGL433914 ('DC2 Prologis Park West London, Horton Road, West Drayton') proprietor VIRTUS LONDON 5 LIMITED 10675163"
UK:Brent/25/1483,UK,Brent,25/1483,2025-05-19,2025-11-19,Permitted,Permission Granted,amendment/variation,true,data centre (type not stated),,,,,MSFT MCIO LIMITED,low (address match; check title plan),evidence chain: registered proprietor (HM Land Registry); Companies House PSC chain,,Maddox Planning,09616816,MSFT MCIO LIMITED (09616816),AGL608434 (low),MSFT MCIO LIMITED (09616816) [low],,,"Non-material amendment: South external emergency vehicle gate to site changed to suit tracking. Parking arrangement changed to north of generator building to suite load bank testing. Ground floor North Elevation - Roller shutter added and single door changed to a double door to suit ventilation strategy. As a result fuel inlet/dry riser location adjusted slightly. Ground Floor South Elevation - Roller shutters added to suit ventilation strategy. As a result fuel inlet/dry riser location adjusted slightly. North elevation, extract/intake louvres adjusted to suit internal ventilation requirements. External bin store with green roof added. West Elevation levels 1-4 mass reduced and changed from louvres to cladding panels. North core footprint and height reduced to just above mezzanine level, false core overruns to keep cladding going up to meet top of louvres. Louvres removed to expose cladding overrun behind. Middle core footprint and height reduced to just above mezzanine level. South core height reduced to just above mezzanine level, false core overrun to keep cladding going up to meet top of louvres. South west core reduced in height. North west core removed. Double door to east elevation of omitted. of Full Planning Permission reference 22/4185 dated 1 March, 2024, for Full planning application for the proposed development to extend the existing data centre on land to the north of the North Circular Road, incorporating 717 to 721 North Circular Road, including additional land to the rear, subject to Deed of Agreement dated 29th February 2024 under Section 106 of Town and Country Planning Act, 1990, as amended.","JVC Business Park & JVC House, Priestley Way and 717, 719 & 721 North Circular Road, Neasden, London, NW2",,,https://www.planit.org.uk/planapplic/Brent/25/1483/,NMA to elevations and cores,PlanIt,2026-10-09,2026-10-09,manual-review-2026-10-09,"North Circular Road extension, Brent (22/4185)","[low] registered proprietor (HM Land Registry): HM Land Registry CCOD/OCOD Oct 2026 address match: title AGL608434 ('Data Hall 2, Harp View Business Park, Priestley Way, London (NW2 7AP)') proprietor MSFT MCIO LIMITED 09616816"
UK:Newport/25/0379,UK,Newport,25/0379,2025-05-19,2025-10-16,Conditions,Granted with Conditions,amendment/variation,true,data centre (type not stated),,,,2,MSFT MCIO LIMITED,low (address match; check title plan),evidence chain: registered proprietor (HM Land Registry); Companies House PSC chain,,Carter Jonas,09616816,MSFT MCIO LIMITED (09616816),CYM671910 (low); CYM770168 (low); CYM804925 (low),MSFT MCIO LIMITED (09616816) [low]; VANTAGE DATA CENTERS UK LIMITED (06132144) [low]; VANTAGE DATA CENTRES UK LIMITED (06132144) [low],,,"S73 APPLICATION TO VARY CONDITIONS 1 (APPROVED PLANS), 3 (LANDSCAPING), 4 (LEMP), 15 (PARKING), 16 (CYCLE STORAGE DETAILS), 17 (FOUL DRAINAGE) AND TO REMOVE CONDITION 6 (DORMICE METHOD STATEMENT) OF 24/0006 DEMOLITION OF REMAINDER OF EXISTING PRINCIPAL BUILDING AND REMAINING STRUCTURES AND CONSTRUCTION OF NEW DATA CENTRE (USE CLASS B8) ACROSS TWO MAIN BUILDINGS PLUS ANCILLARY STRUCTURES ANDS OTHER ASSOCIATED WORKS. AMENDMENTS INCLUDE CHANGES TO LAYOUT AND LANDSCAPING TO ACCOMMODATE SAB REQUIREMENTS, AMENDMENTS AND ADDITIONS TO ADMIN AND DATA HALL BUILDINGS, DESIGN AND SPECIFICATION OF GENERATORS, REVISIONS TO EXTERNAL LIGHTING AND REVISED DETAILS OF ANCILLARY STRUCTURES INCLUDING NEW CONDITION FOR FUTURE PRIMARY SUBSTATION",Quinn Radiators Celtic Way Celtic Lakes Newport South Wales NP10 8FS,,,https://www.planit.org.uk/planapplic/Newport/25/0379/,S73 variation granted,PlanIt,2026-10-09,2026-10-09,manual-review-2026-10-09,Newport 24/0006,"[low] registered proprietor (HM Land Registry): HM Land Registry CCOD/OCOD Oct 2026 address match: title CYM770168 ('Data Hall GF20 and GF21, NGD Celtic Technology Centre, Celtic Way, Newport (NP10 8BE)') proprietor MSFT MCIO LIMITED 09616816 || [low] registered proprietor (HM Land Registry) VANTAGE DATA CENTERS UK LIMITED (06132144): HM Land Registry CCOD/OCOD Oct 2026 address match: title CYM804925 ('First Floor, Phase 1, Hynix Fab. Building, Celtic Way, Newport (NP10 8BE)') proprietor VANTAGE DATA CENTERS UK LIMITED 06132144 || [low] registered proprietor (HM Land Registry) VANTAGE DATA CENTRES UK LIMITED (06132144): HM Land Registry CCOD/OCOD Oct 2026 address match: title CYM671910 ('Ground Floor, Hynix Fab. Building, Celtic Way, Celtic Lakes, Newport (NP10 8BE)') proprietor VANTAGE DATA CENTRES UK LIMITED 06132144"
UK:OldOakParkRoyal/25/0083/NMAOPDC,UK,Old Oak Park Royal,25/0083/NMAOPDC,2025-05-14,2025-06-10,Permitted,Granted NMA,amendment/variation,true,data centre (type not stated),,,35000,,Iron Mountain Incorporated,low (address match; check title plan),evidence chain: registered proprietor (HM Land Registry); Companies House PSC chain,,,01478540,"IRON MOUNTAIN (UK) PLC (01478540) > IRON MOUNTAIN EUROPE (GROUP) LIMITED (05882719) > Iron Mountain Incorporated (05559325, United States)",AGL301292 (low); NGL423182 (low),ARK EUROPE LIMITED (05314128) [low]; IRON MOUNTAIN (UK) PLC (01478540) [low],Barclays Bank PLC; Barclays Bank PLC as Security Agent; Barclays Bank PLC as Security Agent (As Trustee for Each of the Secured Parties); Barclays Bank PLC as Security Agent (As Trustee for the Secured Parties); Prime Point One Limited; The Standard Life Assurance Company; Transport for London,,"Non-material amendment pursuant to planning permission 21/0182/OUTOPDC dated 13/10/2022 for ‘Outline planning application (all matters reserved) for demolition and redevelopment to provide a data centre (Use Class B8) of up to 35,000sqm including ancillary offices, internal plant and equipment (including flues), and substation. In addition, up to 1,000sqm of work units and café/coffee shop (Use Class E(a/b), E(g)(ii) & E(g)(iii), B2); car parking; provision of external plant and equipment (including flues); creation of servicing areas and provision of associated services, including waste, refuse, cycle storage, and lighting; and for the laying out of the buildings, routes and open spaces within the development; and all associated works and operations including but not limited to: demolition; earthworks; provision of attenuation infrastructure, engineering operations’, to allow changes to the approved parameter plan.","Frogmore Industrial Estate, Acton Lane, LONDON, NW10 7NQ",,,https://www.planit.org.uk/planapplic/OldOakParkRoyal/25/0083/NMAOPDC/,NMA granted,PlanIt,2026-10-09,2026-10-09,manual-review-2026-10-09,"Frogmore Industrial Estate, NW10 (OPDC 21/0182/OUTOPDC)","[low] registered proprietor (HM Land Registry): HM Land Registry CCOD/OCOD Oct 2026 address match: title AGL301292 ('Unit 7, Central Park, Acton Lane, London (NW10 7NS)') proprietor IRON MOUNTAIN (UK) PLC 01478540 || https://find-and-update.company-information.service.gov.uk/company/01478540 | IRON MOUNTAIN (UK) PLC PSC: Iron Mountain Europe (Group) Limited (05882719 United Kingdom) notified 2017-10-04 || https://find-and-update.company-information.service.gov.uk/company/05882719 | IRON MOUNTAIN EUROPE (GROUP) LIMITED PSC: Iron Mountain Incorporated (05559325 United States) notified 2016-11-18 || https://find-and-update.company-information.service.gov.uk/company/01478540/charges/hNqFwph0zFUadJmQGLC89K28rWc | charge 2025-08-05 (outstanding) to Barclays Bank PLC as Security Agent; titles ABN67451, EH54, WLN26523 || https://find-and-update.company-information.service.gov.uk/company/01478540/charges/TZvV3PvxpAFCrRPWK_WWKqF7ov0 | charge 2025-07-11 (outstanding) to Barclays Bank PLC || https://find-and-update.company-information.service.gov.uk/company/01478540/charges/-O_zPqBz-XCzCnIN7Jc6HPlF4DQ | charge 2025-07-11 (outstanding) to Barclays Bank PLC; titles BH23, HP467576, WM584264 || https://find-and-update.company-information.service.gov.uk/company/01478540/charges/cDzrn3gsap3UL9vwNa-_YgIT2go | charge 2024-09-10 (outstanding) to Barclays Bank PLC as Security Agent (As Trustee for Each of the Secured Parties); titles ABN67451, EH54, WLN26523 || https://find-and-update.company-information.service.gov.uk/company/01478540/charges/MHDUxy1fJ94A44bppSDPijjz7-k | charge 2023-09-19 (outstanding) to Barclays Bank PLC as Security Agent (As Trustee for Each of the Secured Parties); titles ABN67451, EH54, WLN26523 || [low] registered proprietor (HM Land Registry) ARK EUROPE LIMITED (05314128): HM Land Registry CCOD/OCOD Oct 2026 address match: title NGL423182 ('184 Acton Lane, London (NW10 7NH)') proprietor ARK EUROPE LIMITED 05314128"
UK:Thurrock/25/00573/OUT,UK,Thurrock,25/00573/OUT,2025-05-12,,Undecided,,outline application,true,hyperscale/campus,,,130500,4,,,,,Mallory Land Ltd,,,,,,,"Hybrid planning application for the comprehensive redevelopment of the Site to deliver a data centre campus comprising: 1. Full planning application for the demolition of existing buildings and structures, preparatory earthworks including remediation and levelling, and access works; and 2. Outline planning application (with all matters reserved except access) for the construction of up to four data centre buildings (Use Class B8) with a total gross external area (GEA) of up to 130,500 sqm (excluding external plant) and a separate office building of up to 4,000 sqm (GEA), together with ancillary equipment and associated works including security fencing, entrance and service yards, external plant, utility infrastructure (including sub-stations and emergency back-up power generators), energy storage (fuel tanks and/or battery storage), electric vehicle charging stations, internal road networks, car parking for up to 450 vehicles, cycle spaces, hard and soft landscaping, and habitat creation and open space enhancements including the provision of a mountain bike track, pedestrian and cycle linkages to the Mar Dyke Local Wildlife Site and Lakeside, as well as associated access and public realm works.",Arena Essex And Fishing Lake Arterial Road Purfleet-on-thames Essex,,,https://www.planit.org.uk/planapplic/Thurrock/25/00573/OUT/,"Hybrid; up to four DC buildings, 130,500 sqm GEA excl. plant, + 4,000 sqm office",PlanIt,2026-10-09,2026-10-09,manual-review-2026-10-09,Thurrock 25/00573/OUT campus (Mar Dyke/Lakeside),
UK:Hillingdon/38421/APP/2025/1315,UK,Hillingdon,38421/APP/2025/1315,2025-05-09,2025-12-09,Permitted,,conditions discharge,true,hyperscale/campus,,,,2,COLT DATA CENTRE SERVICES UK LIMITED,low (address match; check title plan),evidence chain: registered proprietor (HM Land Registry); Companies House PSC chain,,,13085639,HDCI HAYES LONDON LIMITED (13085639) > COLT DATA CENTRE SERVICES UK LIMITED (07306352),AGL3693 (low),HDCI HAYES LONDON LIMITED (13085639) [low],,,"Details pursuant to the partial discharge of Conditions 29 (Post-Construction Circular Economy Monitoring Report) and 30 (Post-Construction Whole Life-Cycle Carbon Assessment) in respect of Phase 1 only as attached to planning permission ref. 38421/APP/2021/4045 dated 25-11-2022 (Redevelopment of the site to deliver data centre campus including: two data centre buildings (Use Class B8); associated energy and electricity infrastructure, buildings, and plant; security gatehouse, systems and enclosures; works to the highway, car parking and cycle parking; hard and soft landscaping; as well as associated infrastructure, ancillary office use, and associated external works.)",LAND AT TUDOR WORKS BEACONSFIELD ROAD HAYES,,,https://www.planit.org.uk/planapplic/Hillingdon/38421/APP/2025/1315/,Two DC buildings; Phase 1 conditions,PlanIt,2026-10-09,2026-10-09,manual-review-2026-10-09,Hillingdon 38421/APP/2021/4045 campus,"[low] registered proprietor (HM Land Registry): HM Land Registry CCOD/OCOD Oct 2026 address match: title AGL3693 ('Unit 7, Tudor Works, Beaconsfield Road, Hayes UB4 0SL') proprietor HDCI HAYES LONDON LIMITED 13085639 || https://find-and-update.company-information.service.gov.uk/company/13085639 | HDCI HAYES LONDON LIMITED PSC: Colt Data Centre Services Uk Limited (07306352 United Kingdom) notified 2022-08-25"
UK:ScottishBorders/25/00556/SCR,UK,Scottish Borders,25/00556/SCR,2025-05-07,2025-07-04,Permitted,Screening/Scoping Opinion Issued,EIA screening/scoping,true,data centre (type not stated),,,,,,,,,"Bethany Scott BSc (Hons), MRTPI",,,,,,,Erection of data centre campus,The Laundry Field BESS Land North And East Of Stainrigg Mains Farm Coldstream Scottish Borders,,,https://www.planit.org.uk/planapplic/ScottishBorders/25/00556/SCR/,"""Erection of data centre campus""; may be a different site",PlanIt,2026-10-09,2026-10-09,manual-review-2026-10-09,"Scottish Borders DC (25/01835, 26/00809, 26/01031)",
UK:SouthGloucestershire/DOC25/00152,UK,South Gloucestershire,DOC25/00152,2025-05-07,2025-07-18,Conditions,Discharge of Conditions Decided,conditions discharge,true,data centre (type not stated),,,,,,,,,,,,,,,,Discharge of conditions 2 (LEMP) and 3 (Landscape Plan) attached to planning permission P24/02011/F. Erection of a single storey extension to form enlarged data centre with associated external plant and enclosures.,10 Goodrich Close Yate South Gloucestershire BS37 5YT,,,https://www.planit.org.uk/planapplic/SouthGloucestershire/DOC25/00152/,,PlanIt,2026-10-09,2026-10-09,manual-review-2026-10-09,South Glos P24/02011/F DC extension,
UK:Renfrewshire/25/0335/EIASCR,UK,Renfrewshire,25/0335/EIASCR,2025-05-07,2025-05-19,Withdrawn,Withdrawn,EIA screening/scoping,true,hyperscale/campus,,,,,,,,,AAH Consultants,,,,,,,"Request for an Environmental Impact Assessment Screening Opinion for a flexible data centre campus, including ancillary offices/employment floorspace, internal/external plant and equipment, on-site wastewater pumping station, and emergency back-up generators and associated fuel storage.",Site 400 Metres South West Of Bent Farm Gleniffer Road Paisley,,,https://www.planit.org.uk/planapplic/Renfrewshire/25/0335/EIASCR/,Withdrawn,PlanIt,2026-10-09,2026-10-09,manual-review-2026-10-09,Renfrewshire 25/0335 flexible DC campus,
UK:Hart/25/00865/AMCON,UK,Hart,25/00865/AMCON,2025-05-06,2025-09-10,Permitted,Grant,amendment/variation,true,data centre (type not stated),,,,,05396063,low (address match; check title plan),evidence chain: registered proprietor (HM Land Registry); Companies House PSC chain,,Union4 Planning,08630640,ARK ESTATES CODY PARK LIMITED (08630640) > ARK ESTATES HOLDINGS LIMITED (08676791) > ? (05396063),HP674736 (low); HP761464 (low); HP800864 (low); HP809209 (low),ARK A9 GP LIMITED (07683878) [low]; ARK DATA CENTRES LIMITED (05656968) [low]; ARK ESTATES CODY PARK LIMITED (08630640) [low]; DATUM DATACENTRES LIMITED (07954217) [low],Cbre Loan Services Limited (And Its Successors in Title and Permitted Transferees),,"Variation of Condition 2 (Approved Drawings), Condition 3 (Drainage Strategy), Condition 8 (Car Parking Facilities) and Condition 9 (Cycle Parking Facilities) attached to planning permission 22/01088/FUL dated 13/01/2023 - Erection of two storey data centre and plant enclosure on existing car park",Cody Technology Park Ively Road Farnborough,,,https://www.planit.org.uk/planapplic/Hart/25/00865/AMCON/,,PlanIt,2026-10-09,2026-10-09,manual-review-2026-10-09,Hart 22/01088/FUL,"[low] registered proprietor (HM Land Registry): HM Land Registry CCOD/OCOD Oct 2026 address match: title HP674736 ('Buildings A50 and A57, Cody Technology Park, Ively Road, Farnborough') proprietor ARK ESTATES CODY PARK LIMITED 08630640 || https://find-and-update.company-information.service.gov.uk/company/08630640 | ARK ESTATES CODY PARK LIMITED PSC: Ark Estates Holdings Limited (08676791 England) notified 2016-04-06 || https://find-and-update.company-information.service.gov.uk/company/08676791 | ARK ESTATES HOLDINGS LIMITED PSC: Revcap Properties 25 Limited (05396063 England) notified 2016-04-06 || https://find-and-update.company-information.service.gov.uk/company/08630640/charges/chND0eK05Hu9BbBwwZBb7GKmg4s | charge 2026-04-01 (outstanding) to Cbre Loan Services Limited (And Its Successors in Title and Permitted Transferees); titles HP634842 || https://find-and-update.company-information.service.gov.uk/company/08630640/charges/W-ZRMh4UAonk2p4VRPe4-AKo5iI | charge 2022-03-18 (fully-satisfied) to Lloyds Bank PLC (As Security Agent); titles HP634842 || https://find-and-update.company-information.service.gov.uk/company/08630640/charges/weow4BPTf0to7G6XZMIOe7MXUA4 | charge 2021-01-27 (fully-satisfied) to Lloyds Bank PLC; titles A50, A57 || https://find-and-update.company-information.service.gov.uk/company/08630640/charges/FLL3NMxkf7a1PVKD6n4HfdHvKYU | charge 2019-09-23 (fully-satisfied) to Lloyds Bank PLC; titles HP634842 || https://find-and-update.company-information.service.gov.uk/company/08630640/charges/ruJcxcNO2gUZt2P_dFvOrCueXSo | charge 2018-06-21 (fully-satisfied) to Lloyds Bank PLC (In Its Capacity as Security Agent); titles HP634842 || [low] registered proprietor (HM Land Registry) DATUM DATACENTRES LIMITED (07954217): HM Land Registry CCOD/OCOD Oct 2026 address match: title HP761464 ('Buildings A51, A52 And A53, Cody Technology Park, Ively Road, Farnborough') proprietor DATUM DATACENTRES LIMITED 07954217 || [low] registered proprietor (HM Land Registry) ARK A9 GP LIMITED (07683878): HM Land Registry CCOD/OCOD Oct 2026 address match: title HP809209 ('land adjoining Building A9, Ively Road, Farnborough') proprietor ARK A9 GP LIMITED 07683878 || [low] registered proprietor (HM Land Registry) ARK DATA CENTRES LIMITED (05656968): HM Land Registry CCOD/OCOD Oct 2026 address match: title HP800864 ('Building A103, Cody Park, Ively Road, Farnborough (GU14 0LH)') proprietor ARK DATA CENTRES LIMITED 05656968"
UK:Renfrewshire/25/0329/EIASCR,UK,Renfrewshire,25/0329/EIASCR,2025-05-06,2025-05-19,Withdrawn,Withdrawn,EIA screening/scoping,true,hyperscale/campus,,,,,,,,,AAH Consultants,,,,,,,Request for an Environmental Impact Assessment Screening Opinion for a data centre campus.,Site 400 Metres North East Of Glenview Caplaw Road Neilston,,,https://www.planit.org.uk/planapplic/Renfrewshire/25/0329/EIASCR/,Withdrawn,PlanIt,2026-10-09,2026-10-09,manual-review-2026-10-09,Renfrewshire 25/0329 DC campus,
UK:Birmingham/2025/02529/PA,UK,Birmingham,2025/02529/PA,2025-05-05,2026-01-16,Conditions,Approve subject to Conditions,approved,true,data centre (type not stated),,,,,,,,,,,,,,,,"Change of use of the existing building to a data centre (Sui Generis) together with the erection and installation of associated plant and equipment which will includes solar panels; generator compound (with screening), fuel store and bund, transformer station, cooling plant (with screening), turnstile gate in fencing, fencing, new fence gates, pump room, bin store together with associated fencing, landscaping and parking.","35 Aston Cross Business Park, 50 Rocky Lane, Aston, Birmingham B6 5RQ.",,,https://www.planit.org.uk/planapplic/Birmingham/2025/02529/PA/,"Full application. Change of use of existing building to DC; generators, solar",PlanIt,2026-10-09,2026-10-09,manual-review-2026-10-09,Birmingham 2025/02529/PA conversion,
UK:Bucks/25/06079/MINAMD,UK,Buckinghamshire,25/06079/MINAMD,2025-05-02,2025-05-23,Rejected,Application Refused,amendment/variation,true,hyperscale/campus,,,,4,Virtus Saunderton Campus Limited,low (address match; check title plan),evidence chain: registered proprietor (HM Land Registry); Companies House PSC chain,,,13618549,"VIRTUS SAUNDERTON LIMITED (13618549) > Virtus Saunderton Campus Limited (no number, Companies Act 2006)",BM153390 (low),VIRTUS SAUNDERTON LIMITED (13618549) [low],"Crédit Agricole Corporate and Investment Bank, Broadwalk House, 5 Appold Street, London EC2A 2DA, as Security Agent (As Security Trustee for Each of the Secured Parties)",,"Proposed non-material amendment to permission for Erection of 4 no. Data centre buildings (sui generis use) together with associated groundworks, plant, electricity sub-station, security fence, gates and piers, landscaping, amendment to existing vehicular access(es), internal roads, service areas and provision of 150 car parking spaces with retention of the existing office building and ""Ballroom"" building fronting Haw Lane for ancillary operational uses and demolition of all other buildings and structures granted under planning ref: 22/06872/VCDN",Former Molins Site Haw Lane Saunderton Buckinghamshire,,,https://www.planit.org.uk/planapplic/Bucks/25/06079/MINAMD/,NMA refused,PlanIt,2026-10-09,2026-10-09,manual-review-2026-10-09,"Haw Lane, Saunderton (08/05740/FULEA)","[low] registered proprietor (HM Land Registry): HM Land Registry CCOD/OCOD Oct 2026 address match: title BM153390 ('land on the South East side of Haw Lane, Saunderton') proprietor VIRTUS SAUNDERTON LIMITED 13618549 || https://find-and-update.company-information.service.gov.uk/company/13618549 | VIRTUS SAUNDERTON LIMITED PSC: Virtus Saunderton Campus Limited ( Companies Act 2006) notified 2024-02-09 || https://find-and-update.company-information.service.gov.uk/company/13618549/charges/STB_52ctOcyXKefdlRzShg9BzkM | charge 2026-09-22 (outstanding) to Crédit Agricole Corporate and Investment Bank, Broadwalk House, 5 Appold Street, London EC2A 2DA, as Security Agent (As Security Trustee for Each of the Secured Parties); titles BM260149, BM260150 || https://find-and-update.company-information.service.gov.uk/company/13618549/charges/Avq7sSFB0Kc3p_9N-AsjVkmEeSA | charge 2025-08-06 (fully-satisfied) to Cimb Bank Berhad, Singapore Branch, 30 Raffles Place, #04-01, Singapore 048622 as Security Agent (As Security Trustee for Each of the Secured Parties) || https://find-and-update.company-information.service.gov.uk/company/13618549/charges/rMXHxD9FQc0eWp5kKuyyCRIIMZg | charge 2025-08-06 (fully-satisfied) to Cimb Bank Berhad, Singapore Branch, 30 Raffles Place, #04-01, Singapore 048622 as Security Agent (As Security Trustee for Each of the Secured Parties); titles BM260149, BM260150 || https://find-and-update.company-information.service.gov.uk/company/13618549/charges/-m7YUpwqU8cniBV3boSw6-mW4wI | charge 2023-01-11 (fully-satisfied) to Icg-Longbow Investment No. 5 S.a R.L.; titles BM260149, BM260150, BM35812 || https://find-and-update.company-information.service.gov.uk/company/13618549/charges/uYtHzSut-CELw5W5Ofx0jM2Ahoo | charge 2022-02-17 (fully-satisfied) to Icg-Longbow Investment No.5 S.À R.L."
UK:WestLothian/0346/EIA/25,UK,West Lothian,0346/EIA/25,2025-05-02,2025-06-04,Permitted,Environmental Assessment Not Required,EIA screening/scoping,true,hyperscale/campus,,,,,,,,,AAH Consultants,,,,,,,EIA screening opinion for a data centre campus,Land At Former Freeport Shopping & Leisure Village Westwood West Calder West Lothian EH55 8PN,,,https://www.planit.org.uk/planapplic/WestLothian/0346/EIA/25/,EIA not required,PlanIt,2026-10-09,2026-10-09,manual-review-2026-10-09,"Former Freeport, West Calder, West Lothian",
UK:Hillingdon/79468/APP/2025/1250,UK,Hillingdon,79468/APP/2025/1250,2025-05-02,2025-09-10,Permitted,,consultation (neighbouring authority),true,hyperscale/campus,,,,,CyrusOne,high (named in EIA screening request),known name,,,,,,,,CyrusOne,"OUT OF BOROUGH CONSULTATION FROM EALING COUNCIL FOR: Request for a Screening Opinion under Regulation 6 of the Town and Country Planning (Environmental Impact Assessment) Regulations 2017 (as amended) in respect of proposals by Cyrus One for the development and use of the Site to provide a hyperscale data centre facility with ancillary office accommodation, flexible workspace with ancillary retail/ cafe/ community space, provision of a substation and gatehouse.","FORMER HONEY MONSTER FACTORY, BRIDGE ROAD OUTBOROUGH MIDDLESEX UB2 4AB",,,https://www.planit.org.uk/planapplic/Hillingdon/79468/APP/2025/1250/,Hillingdon consulted on CyrusOne screening,PlanIt,2026-10-09,2026-10-09,manual-review-2026-10-09,"Former Honey Monster factory, Southall (CyrusOne)",
UK:Ealing/251707SCE,UK,Ealing,251707SCE,2025-04-30,2025-06-13,Permitted,Environmental Statement Not required,EIA screening/scoping,true,hyperscale/campus,,,,,CyrusOne,high (named in EIA screening request),known name,,,,,,,,CyrusOne,"Request for a Screening Opinion under Regulation 6 of the Town and Country Planning (Environmental Impact Assessment) Regulations 2017 (as amended) in respect of proposals by Cyrus One for the development and use of the Site to provide a hyperscale data centre facility with ancillary office accommodation, flexible workspace with ancillary retail/ café/ community space, provision of a substation and gatehouse. (Please see report for full proposal)",Former Honey Monster Factory Bridge Road Southall UB2 4AB,,,https://www.planit.org.uk/planapplic/Ealing/251707SCE/,CyrusOne named; ES not required,PlanIt,2026-10-09,2026-10-09,manual-review-2026-10-09,"Former Honey Monster factory, Southall (CyrusOne)",
UK:Stirling/SCRN-25-002,UK,Stirling,SCRN-25-002,2025-04-29,2025-07-18,Withdrawn,Closed,EIA screening/scoping,true,hyperscale/campus,,,,,,,,,Bethany Scott,,,,,,,"Request for screening opinion under Regulation 8 of the Town and Country Planning (Environmental Impact Assessment) Regulations 2017 (as amended), with regard to the proposed development comprising for the construction of a Data Centre Campus on Land near A9, Old Plean, Plean, Stirling.",Land East Of Carbrook Steadings Plean,,,https://www.planit.org.uk/planapplic/Stirling/SCRN-25-002/,Withdrawn,PlanIt,2026-10-09,2026-10-09,manual-review-2026-10-09,"Old Plean, Stirling",
UK:EastDunbartonshire/TP/ED/25/0245,UK,East Dunbartonshire,TP/ED/25/0245,2025-04-29,2025-07-08,Permitted,EIA Required,EIA screening/scoping,true,hyperscale/campus,,,,,Apatura DC Project 6 Ltd,low (name only),portal applicant name (no company number),,AAH Consultants,,Apatura DC Project 6 Ltd,,,,,"EIA Screening Opinion for a proposed Data Centre Campus development on land South and West of Crosshill Road, Westerhill, Glasgow, G66 4SR.",Land Adjacent To Crosshill Road Bishopbriggs East Dunbartonshire,,,https://www.planit.org.uk/planapplic/EastDunbartonshire/TP/ED/25/0245/,EIA required,PlanIt,2026-10-09,2026-10-09,manual-review-2026-10-09,"Crosshill Road, Bishopbriggs, East Dunbartonshire","[low] https://planning.eastdunbarton.gov.uk/online-applications/applicationDetails.do?keyVal=T0B1NMGJ09L00&activeTab=details | Applicant Name: ""Apatura DC Project 6 Ltd"""
UK:Glasgow/24/01681/DOC02,UK,Glasgow,24/01681/DOC02,2025-04-29,,Undecided,,,false,not data centre,,,,,,,,,,,,,,,,"Mixed-use University campus development including: (1) teaching and learning buildings (Class 10) (up to 65,000 sq m); (2) University research buildings (Class 4) (up to 17,000 sq m); (3) commercial research & development/offices (Class 4) (up to 18,000 sq m); (4) retail shops (Class 1) (up to 4,000 sq m); (5) financial, professional and other services (Class 2) (up to 500 sq m; (6) food and drink (Class 3) (up to 2,500 sq m); (7) hotels (Class 7) (up to 12,500 sq m); (8) sports and recreation facilities (Class 11) (up to 500 sq m); (9) day nursery (Class 10) (up to 500 sq m); (10) crèche (Class 10) (up to 100 sq m) (11) residential flats (mainstream or student) (sui generis) (up to 14,500.sq m); (12) Data Centre (Class 4) (up to 3,000 sq m); (13) energy centre (sui generis); (14) means of access, servicing and parking arrangements: (15) related infrastructure; (16) related landscaping and (17) related public realm and demolition of existing buildings - approval of matters specified in conditions 2(1-10,12 & 13), 3, 4, 9-15, 22, 27-29, 33, 35-38, 41 & 42 of Planning Permission in Principle 19/00363/PPP, for the erection of a new University building (Class 10), cafe (Class 3), related infrastructure, landscaping and public realm (in so far as these relate to the development of Plot B) - Discharge of condition 11 of planning permission 24/01681/MSC.",Site At University Avenue Glasgow,,,https://www.planit.org.uk/planapplic/Glasgow/24/01681/DOC02/,"University campus masterplan (data centre up to 3,000 sq m is one of 17 uses)",PlanIt,2026-10-09,2026-10-09,manual-review-2026-10-09,,
UK:SouthLanarkshire/P/25/0490,UK,South Lanarkshire,P/25/0490,2025-04-29,2025-06-25,Permitted,Screening opinion - EIA required,EIA screening/scoping,true,hyperscale/campus,,,,,,,,,,,,,,,,"Proposed data centre campus including ancillary offices/employment floorspace,internal/external plant and equipment, emergency back up generators, associated fuel storage, a Battery Energy Storage System (BESS) along with internal roads and parking, hard and soft landscaping, security perimeter fencing, lighting and electricity sub station (Screening Opinion request)",Land At Haspielaw Farm Muttonhole Road Hamilton ML3 8RX,,,https://www.planit.org.uk/planapplic/SouthLanarkshire/P/25/0490/,With BESS; EIA required,PlanIt,2026-10-09,2026-10-09,manual-review-2026-10-09,South Lanarkshire P/25/0490 campus,
UK:Newport/25/0311,UK,Newport,25/0311,2025-04-25,2025-06-19,Permitted,Approved,conditions discharge,true,data centre (type not stated),,,,2,MSFT MCIO LIMITED,low (address match; check title plan),evidence chain: registered proprietor (HM Land Registry); Companies House PSC chain,,Carter Jonas,09616816,MSFT MCIO LIMITED (09616816),CYM671910 (low); CYM770168 (low); CYM804925 (low),MSFT MCIO LIMITED (09616816) [low]; VANTAGE DATA CENTERS UK LIMITED (06132144) [low]; VANTAGE DATA CENTRES UK LIMITED (06132144) [low],,,PARTIAL DISCHARGE OF CONDITION 11 (EXTERNAL MATERIALS) OF 24/0006 DEMOLITION OF REMAINDER OF EXISTING PRINCIPAL BUILDING AND REMAINING STRUCTURES AND CONSTRUCTION OF NEW DATA CENTRE (USE CLASS B8) ACROSS TWO MAIN BUILDINGS PLUS ANCILLARY STRUCTURES ANDS OTHER ASSOCIATED WORKS,Quinn Radiators Celtic Way Celtic Lakes Newport South Wales NP10 8FS,,,https://www.planit.org.uk/planapplic/Newport/25/0311/,,PlanIt,2026-10-09,2026-10-09,manual-review-2026-10-09,Newport 24/0006,"[low] registered proprietor (HM Land Registry): HM Land Registry CCOD/OCOD Oct 2026 address match: title CYM770168 ('Data Hall GF20 and GF21, NGD Celtic Technology Centre, Celtic Way, Newport (NP10 8BE)') proprietor MSFT MCIO LIMITED 09616816 || [low] registered proprietor (HM Land Registry) VANTAGE DATA CENTERS UK LIMITED (06132144): HM Land Registry CCOD/OCOD Oct 2026 address match: title CYM804925 ('First Floor, Phase 1, Hynix Fab. Building, Celtic Way, Newport (NP10 8BE)') proprietor VANTAGE DATA CENTERS UK LIMITED 06132144 || [low] registered proprietor (HM Land Registry) VANTAGE DATA CENTRES UK LIMITED (06132144): HM Land Registry CCOD/OCOD Oct 2026 address match: title CYM671910 ('Ground Floor, Hynix Fab. Building, Celtic Way, Celtic Lakes, Newport (NP10 8BE)') proprietor VANTAGE DATA CENTRES UK LIMITED 06132144"
UK:Basildon/25/00550/OUT,UK,Basildon,25/00550/OUT,2025-04-24,,Undecided,,outline application,true,data centre (type not stated),,,,1,,,,,Lawson Planning Partnership Ltd,,,,,,,"Outline planning application with all matters reserved except for access, for the erection of a building to be used as a data centre (Use Class B8) (containing data halls, associated plant rooms, loading bay, office and administrative areas, maintenance and storage areas and plant at roof and ground level), emergency generators, chillers/coolers, fuel storage, substation compound, gate house/security building, site access and emergency access, internal access roads and service yard, car parking, cycle parking and EV charging, drainage infrastructure, hard and soft landscaping, biodiversity enhancements, fencing, lighting and associated works and ancillary infrastructure.",Land Junction With Old Nevendon Road Wickford Essex,,,https://www.planit.org.uk/planapplic/Basildon/25/00550/OUT/,"Single DC building, outline",PlanIt,2026-10-09,2026-10-09,manual-review-2026-10-09,Basildon 25/00550/OUT,
UK:Rochdale/25/00418/OUT,UK,Rochdale,25/00418/OUT,2025-04-22,,Undecided,,outline application,possible,data centre (type not stated),,,,,,,,,Turley,,,,,,,"Application for outline planning permission (all matters reserved) for a national-scale employment development, comprising Storage & Distribution (Use Class B8) and Industrial (Use Classes B2, E(g)(ii) and E (g)(iii)) uses (including, but not limited to, Logistics, Manufacturing Processes and Data Centres), with supporting ancillary uses including Hotel (Use Class C1), Commercial, Business & Service (Uses Class E (a-g)), Education (Use Class F1(a)), Local Community (Use Class F2(a-c) uses, Sui Generis uses (in accordance with the Uses Schedule), and associated demolition works, landscaping, drainage, ecological enhancements, highway works, cycleway and footpath linkages and other ancillary infrastructure.","Land Bound To The North By Brightley Brook, Pilsworth Fisheries, Pilsworth Road & Heywood Distribution Park; The West By Whittle Brook; The East By Birch Industrial Park & Agricultural Fields; And The South By The M62 Corridor",,,https://www.planit.org.uk/planapplic/Rochdale/25/00418/OUT/,"Logistics/industrial incl. ""data centres"" as possible use; DC not certain",PlanIt,2026-10-09,2026-10-09,manual-review-2026-10-09,Rochdale/Bury national-scale employment (Atom Valley area),
UK:Bury/71867,UK,Bury,71867,2025-04-17,,Undecided,,outline application,possible,data centre (type not stated),,,,,,,,,Turley Associates,,,,,,,"Application for outline planning permission (all matters reserved) for a national-scale employment development, comprising Storage & Distribution (Use Class B8) and Industrial (Use Classes B2, E(g)(ii) and E(g)(iii)) uses (including, but not limited to, Logistics, Manufacturing Processes and Data Centres), with supporting ancillary uses including Hotel (Use Class C1), Commercial & Business & Service (Uses Class E(a - g)), Education (Use Class F1(a)), Local Community (Use Class F2(a - c) uses, Sui Generis uses (in accordance with the Uses Schedule), and associated demolition works, landscaping, drainage, ecological enhancements, highway works, cycleway and footpath linkages and other ancillary infrastructure.","Land bound to the north by Brightley Brook,Pilsworth Fisheries, Pilsworth Road & Heywood Distribution Park; to the west by Whittle Brook; to the east by Birch Industrial Park & fields; and to the south by the M62 corridor",,,https://www.planit.org.uk/planapplic/Bury/71867/,Bury record of same cross-boundary application,PlanIt,2026-10-09,2026-10-09,manual-review-2026-10-09,Rochdale/Bury national-scale employment (Atom Valley area),
UK:Bridgend/P/25/247/HYB,UK,Bridgend,P/25/247/HYB,2025-04-17,2025-10-02,Conditions,Conditional Consent,approved,true,hyperscale/campus,,,,,,,,,,,,,,,,"Hybrid planning application seeking: outline planning permission for the development of a data centre campus (Use Class B8) including site preparation, new buildings and electrical substations and the accesses, infrastructure, spaces, facilities, landscaping, surface water drainage features and othe...",Former Ford Engine Plant Waterton Industrial Estate Bridgend CF31 3PJ,,,https://www.planit.org.uk/planapplic/Bridgend/P/25/247/HYB/,"Outline application. Hybrid, outline campus; conditional consent",PlanIt,2026-10-09,2026-10-09,manual-review-2026-10-09,Bridgend P/25/247/HYB data centre campus,
UK:Hillingdon/38421/APP/2025/1118,UK,Hillingdon,38421/APP/2025/1118,2025-04-16,2025-12-15,Permitted,,conditions discharge,true,hyperscale/campus,,,,2,COLT DATA CENTRE SERVICES UK LIMITED,low (address match; check title plan),evidence chain: registered proprietor (HM Land Registry); Companies House PSC chain,,,13085639,HDCI HAYES LONDON LIMITED (13085639) > COLT DATA CENTRE SERVICES UK LIMITED (07306352),AGL3693 (low),HDCI HAYES LONDON LIMITED (13085639) [low],,,"Details pursuant to the partial discharge of Condition 17 (iii) and (iv) (Contaminated Land) in respect of Phase 1 only as attached to planning permission ref. 38421/APP/2021/4045 dated 25-11-2022 (Redevelopment of the site to deliver data centre campus including: two data centre buildings (Use Class B8); associated energy and electricity infrastructure, buildings, and plant; security gatehouse, systems and enclosures; works to the highway, car parking and cycle parking; hard and soft landscaping; as well as associated infrastructure, ancillary office use, and associated external works).",LAND AT TUDOR WORKS BEACONSFIELD ROAD HAYES,,,https://www.planit.org.uk/planapplic/Hillingdon/38421/APP/2025/1118/,Two DC buildings; Phase 1 conditions,PlanIt,2026-10-09,2026-10-09,manual-review-2026-10-09,Hillingdon 38421/APP/2021/4045 campus,"[low] registered proprietor (HM Land Registry): HM Land Registry CCOD/OCOD Oct 2026 address match: title AGL3693 ('Unit 7, Tudor Works, Beaconsfield Road, Hayes UB4 0SL') proprietor HDCI HAYES LONDON LIMITED 13085639 || https://find-and-update.company-information.service.gov.uk/company/13085639 | HDCI HAYES LONDON LIMITED PSC: Colt Data Centre Services Uk Limited (07306352 United Kingdom) notified 2022-08-25"
UK:Glasgow/24/01681/DOC01,UK,Glasgow,24/01681/DOC01,2025-04-16,,Undecided,,,false,not data centre,,,,,,,,,,,,,,,,"Mixed-use University campus development including: (1) teaching and learning buildings (Class 10) (up to 65,000 sq m); (2) University research buildings (Class 4) (up to 17,000 sq m); (3) commercial research & development/offices (Class 4) (up to 18,000 sq m); (4) retail shops (Class 1) (up to 4,000 sq m); (5) financial, professional and other services (Class 2) (up to 500 sq m; (6) food and drink (Class 3) (up to 2,500 sq m); (7) hotels (Class 7) (up to 12,500 sq m); (8) sports and recreation facilities (Class 11) (up to 500 sq m); (9) day nursery (Class 10) (up to 500 sq m); (10) crèche (Class 10) (up to 100 sq m) (11) residential flats (mainstream or student) (sui generis) (up to 14,500.sq m); (12) Data Centre (Class 4) (up to 3,000 sq m); (13) energy centre (sui generis); (14) means of access, servicing and parking arrangements: (15) related infrastructure; (16) related landscaping and (17) related public realm and demolition of existing buildings - approval of matters specified in conditions 2(1-10,12 & 13), 3, 4, 9-15, 22, 27-29, 33, 35-38, 41 & 42 of Planning Permission in Principle 19/00363/PPP, for the erection of a new University building (Class 10), cafe (Class 3), related infrastructure, landscaping and public realm (in so far as these relate to the development of Plot B - Discharge of condition 03 of planning permission 24/01681/MSC.",Site At University Avenue Glasgow,,,https://www.planit.org.uk/planapplic/Glasgow/24/01681/DOC01/,"University campus masterplan (data centre up to 3,000 sq m is one of 17 uses)",PlanIt,2026-10-09,2026-10-09,manual-review-2026-10-09,,
UK:EppingForest/EPF/0849/25,UK,Epping Forest,EPF/0849/25,2025-04-16,,Undecided,Approved with Conditions (Subject to s106 Legal Agreement),approved subject to legal agreement,true,hyperscale/campus,,,77148,2,,,,,,,,,,,,"Outline planning application, with all matters reserved except access, for the demolition of the existing gate security and fire station buildings and redevelopment of the Site to deliver a data centre campus, with up to 2 no. data centre buildings and separate offices, delivering up to 77,148m² gross external area (GEA) of floorspace (Use Class B8), including emergency back-up generators, energy storage (fuel tanks and/or battery storage), a new security entrance, electricity substations, internal roads, car parking, hard a soft landscaping including an airfield safety bund, secure perimeter fencing, media and utility infrastructure and other ancillary development.","Land West of Merlin Way, North Weald Airfield, North Weald Bassett, CM16 6AA",,,https://www.planit.org.uk/planapplic/EppingForest/EPF/0849/25/,"Outline application. Up to 2 DC buildings, 77,148 m2 GEA; approved with conditions subject to legal agreement; airfield safety bund",PlanIt,2026-10-09,2026-10-09,manual-review-2026-10-09,Epping Forest EPF/0849/25 campus,
UK:CentralBedfordshire/CB/25/01324/DOC,UK,Central Bedfordshire,CB/25/01324/DOC,2025-04-15,2025-08-22,Conditions,Discharge of Condition Decision Released,,false,not data centre,,,,,,,,,,,,,,,,"Discharge of Conditions 22 and 23 against planning permission ref. CB/12/03613/OUT (Outline planning permission with the details of access, appearance, landscaping, layout and scale reserved for later determination. Development to comprise: up to 5,150 dwellings (Use Class C3); up to 202,500 sqm gross of additional development in Use Classes: A1, A2, A3 (retail), A4 (public house), A5 (take away); B1, B2, B8 (offices, industrial and storage and distribution); C1 (hotel), C2 (care home), D1 and D2 (community and leisure); car showroom; data centre; petrol filling station; car parking; primary substation; energy centre; and for the laying out of the buildings; routes and open spaces within the development; and all associated works and operations including but not limited to: demolition; earthworks; engineering operations. All development, works and operations to be in accordance with the Development Parameters Schedule and Plans)","Land on the northern edge of Houghton Regis, Bedfordshire",,,https://www.planit.org.uk/planapplic/CentralBedfordshire/CB/25/01324/DOC/,"5,150-home mixed-use outline CB/12/03613/OUT lists data centre as one permitted use; not a DC application",PlanIt,2026-10-09,2026-10-09,manual-review-2026-10-09,,
UK:Edinburgh/25/01968/PAN,UK,Edinburgh,25/01968/PAN,2025-04-11,,Undecided,,pre-application notice,true,data centre (type not stated),,,,,,,,,,,,,,,,Green data centre development and relocation of green space.,1 Redheughs Avenue South Gyle Edinburgh EH12 9RH,,,https://www.planit.org.uk/planapplic/Edinburgh/25/01968/PAN/,Green DC and relocation of green space,PlanIt,2026-10-09,2026-10-09,manual-review-2026-10-09,"1 Redheughs Avenue, South Gyle, Edinburgh",
UK:Gloucester/25/00332/COU,UK,Gloucester,25/00332/COU,2025-04-11,2025-10-03,Permitted,Grant for 3 years,,false,not data centre,,,,,,,,,WWA,,,,,,,Change of use from a data centre (Class B8/Sui Generis) to Class E with associated internal and external alterations to facilitate the proposed use.,12 Llanthony Road Gloucester GL2 5QX,,,https://www.planit.org.uk/planapplic/Gloucester/25/00332/COU/,Change of use FROM data centre to Class E,PlanIt,2026-10-09,2026-10-09,manual-review-2026-10-09,,
UK:OldOakParkRoyal/25/0067/AODOPDC,UK,Old Oak Park Royal,25/0067/AODOPDC,2025-04-10,2025-09-04,Permitted,Approve,conditions discharge,true,data centre (type not stated),,,25000,,,,,,,,,,,,,"Discharge of Condition 27 (ii) (Land Contamination) pursuant to planning application 20/0122/OUTOPDC dated 27/09/2022 for outline planning permission with the details of access, appearance, landscaping, layout and scale reserved for later determination for demolition and redevelopment to comprise a data centre (Use Class B8) of up to 25,000 sqm gross external, including ancillary offices, internal plant and equipment (including flues), and substation.","37-39, North Acton Road, LONDON, NW10 6PF",,,https://www.planit.org.uk/planapplic/OldOakParkRoyal/25/0067/AODOPDC/,"Outline up to 25,000 sqm GEA",PlanIt,2026-10-09,2026-10-09,manual-review-2026-10-09,OPDC 20/0122/OUTOPDC,
UK:NorthLincs/PA/SCR/2025/5,UK,North Lincs,PA/SCR/2025/5,2025-04-10,2025-05-16,Permitted,Opinion Given,EIA screening/scoping,true,hyperscale/campus,,,,,,,,,,,,,,,,Request for a EIA Screening Opinion for proposed data centre park,"Land Adjacent to Elsham Wolds Industrial Estate, North Lincolnshire.",,,https://www.planit.org.uk/planapplic/NorthLincs/PA/SCR/2025/5/,,PlanIt,2026-10-09,2026-10-09,manual-review-2026-10-09,"Elsham Wolds, North Lincolnshire DC park",
UK:Bucks/PL/25/1157/EIASR,UK,Buckinghamshire,PL/25/1157/EIASR,2025-04-08,,Undecided,,EIA screening/scoping,true,hyperscale/campus,,,,,,,,,Turley,,,,,,,Request for Screening Opinion in accordance with Regulation 6 of the Town and Country Planning (Environmental Impact Assessment) Regulations 2017 (as amended) to establish whether a proposed Data Centre would constitute Environmental Impact Assessment development,Land To The North Of A412 and West Of Pinewood Road Iver Heath Buckinghamshire,,,https://www.planit.org.uk/planapplic/Bucks/PL/25/1157/EIASR/,,PlanIt,2026-10-09,2026-10-09,manual-review-2026-10-09,"West of Pinewood Road, Iver Heath (PL/25/2076/OA)",
UK:Bucks/PL/25/1155/EIASR,UK,Buckinghamshire,PL/25/1155/EIASR,2025-04-08,2025-05-28,Permitted,Letter-Replied/Responded to,EIA screening/scoping,true,data centre (type not stated),,,,,,,,,,,,,,,,"Request for Screening Opinion in accordance with Regulation 6 of the Town and Country Planning (Environmental Impact Assessment) Regulations 2017 (as amended) to establish whether the proposed redevelopment of a former landfill site comprising a Data Centre building (Use Class B8), ancillary offices, internal plant and equipment, substation, landscaping, biodiversity and drainage features, upgrade works to the Public Right of Way and associated works would constitute Environmental Impact Assessment development",Land South Of Slough Road (A4007) and East Of M25 Iver Buckinghamshire SL0 0EB,,,https://www.planit.org.uk/planapplic/Bucks/PL/25/1155/EIASR/,Former landfill,PlanIt,2026-10-09,2026-10-09,manual-review-2026-10-09,"Woodlands Park landfill, south of Slough Road, Iver (PL/25/2080/OA)",
UK:Ealing/251491CONS,UK,Ealing,251491CONS,2025-04-07,2026-02-02,Withdrawn,Not Proceeded With,consultation (neighbouring authority),true,hyperscale/campus,,,,,REAL ESTATE VENTURE CAPITAL PARTNERS LLP (individual PSC: Mr Andrew John Pettit),high,evidence chain: named as First Owner in legal agreement; Companies House PSC chain,,,14585794,ARK UP4 LIMITED (14585794) > UP4 HOLDINGS LIMITED (14919643) > ARK ESTATES 2 LIMITED (12113969) > REVCAP PROPERTIES 25 LIMITED (05395063) > REVCAP UK HOLDINGS LIMITED (04995163) > LUMLEY PROPERTIES HOLDINGS LIMITED (13856087) > REAL ESTATE VENTURE CAPITAL PARTNERS 1 LLP (OC307140) > REAL ESTATE VENTURE CAPITAL PARTNERS LLP (OC307139),AGL603378; AGL63366; AGL73971; FW03; RE03; AGL32414 (low); AGL568647 (low); AGL568658 (low); AGL601577 (low),ARK ESTATES 2 LIMITED (12113969) [high]; ARK UP1 LIMITED (14111586) [low]; ARK UP2 LIMITED (14111543) [low]; ARK UP3 LIMITED (14551933) [low]; ARK UP4 LIMITED (14585794) [high]; SEGRO (HAYES) LIMITED (09732093) [low],,,"Redevelopment of site to deliver extension to existing Union Park data centre campus consisting of (a) free standing data centre building (b) energy, power, and water infrastructure (c) site access and internal roads (d) site security arrangements (e) hard and soft, green landscaping and (f) other ancillary and auxiliary forms of development. (Out of borough)",Union Park UP4 North Hyde Gardens Hayes UB3 4QQ,,,https://www.planit.org.uk/planapplic/Ealing/251491CONS/,Ealing consulted on Union Park extension (same (a)-(f) wording as LON6); not proceeded with,PlanIt,2026-10-09,2026-10-09,manual-review-2026-10-09,"Union Park, Hayes (Hillingdon 75111/APP/2020/1955)","[high] named as First Owner in legal agreement: https://planning.hillingdon.gov.uk/OcellaWeb/viewDocument?file=dv_pl_files%5C75111_APP_2025_739%5CUnion+Park+UP4+North+Hyde+Gardens+-+s106+-+10+August+26.pdf&module=pl | ""ef: 26310 E-Sign ID: f£223c26f-be10-41ea-a239-2fe8fdceedea THIS PLANNING OBLIGATION BY DEED is dated 10 August 2026 and is made BETWEEN: A. ARK UP4 LIMITED (Co Reg No.14585794) whose registered office is situated at Spring Park, Westwells Road, Corsham, Wiltshire, United Kingdom, SN13 9GB ('the Firs"" || https://find-and-update.company-information.service.gov.uk/company/14585794 | ARK UP4 LIMITED PSC: Up4 Holdings Limited (14919643 England) notified 2023-06-19 || https://find-and-update.company-information.service.gov.uk/company/14919643 | UP4 HOLDINGS LIMITED PSC: Ark Estates 2 Limited (12113969 United Kingdom) notified 2023-06-07 || https://find-and-update.company-information.service.gov.uk/company/12113969 | ARK ESTATES 2 LIMITED PSC: Revcap Properties 25 Limited (05395063 England) notified 2019-07-19 || https://find-and-update.company-information.service.gov.uk/company/05395063 | REVCAP PROPERTIES 25 LIMITED PSC: Revcap Uk Holdings Limited (04995163 England) notified 2016-04-18 || https://find-and-update.company-information.service.gov.uk/company/04995163 | REVCAP UK HOLDINGS LIMITED PSC: Lumley Properties Holdings Limited (13856087 England) notified 2022-03-14 || https://find-and-update.company-information.service.gov.uk/company/13856087 | LUMLEY PROPERTIES HOLDINGS LIMITED PSC: Real Estate Venture Capital Partners 1 Llp (OC307140 United Kingdom) notified 2022-01-18 || https://find-and-update.company-information.service.gov.uk/company/OC307140 | REAL ESTATE VENTURE CAPITAL PARTNERS 1 LLP PSC: Real Estate Venture Capital Partners Llp (OC307139 England) notified 2016-04-18 || [high] registered proprietor (HM Land Registry) ARK UP4 LIMITED (14585794): HM Land Registry CCOD/OCOD Oct 2026: title AGL603378 (Leasehold, 'Block 4, Union Park, North Hyde Gardens, Hayes') proprietor ARK UP4 LIMITED 14585794; title cited at https://planning.hillingdon.gov.uk/OcellaWeb/viewDocument?file=dv_pl_files%5C75111_APP_2025_739%5CUnion+Park+UP4+North+Hyde+Gardens+-+s106+-+10+August+26.pdf&module=pl | ""bligations in this Agreement are enforceable. 1.2 The First Owner has a leasehold interest in the Site registered under Title Number AGL603378 at the Land Registry. 1.3 The Second Owner has a freehold interest in the Site registered under Title Numbers AGL73971 a"" || [high] registered proprietor (HM Land Registry) ARK ESTATES 2 LIMITED (12113969): HM Land Registry CCOD/OCOD Oct 2026: title AGL73971 (Freehold, 'Land at Bulls Bridge, Hayes') proprietor ARK ESTATES 2 LIMITED 12113969; title cited at https://planning.hillingdon.gov.uk/OcellaWeb/viewDocument?file=dv_pl_files%5C75111_APP_2025_739%5CUnion+Park+UP4+North+Hyde+Gardens+-+s106+-+10+August+26.pdf&module=pl | ""Title Number AGL603378 at the Land Registry. 1.3 The Second Owner has a freehold interest in the Site registered under Title Numbers AGL73971 and AGL63366 at the Land Registry. 1.4 On 18 March 2025, the First Owner submitted the Planning Application to the Council for permis"" || [low] registered proprietor (HM Land Registry) SEGRO (HAYES) LIMITED (09732093): HM Land Registry CCOD/OCOD Oct 2026 address match: title AGL32414 ('land on the north side of Segro Industrial Park, North Hyde Gardens, Hayes (UB3 4FR)') proprietor SEGRO (HAYES) LIMITED 09732093 || [low] registered proprietor (HM Land Registry) ARK UP3 LIMITED (14551933): HM Land Registry CCOD/OCOD Oct 2026 address match: title AGL601577 ('Block 3, Union Park, North Hyde Gardens, Hayes') proprietor ARK UP3 LIMITED 14551933 || [low] registered proprietor (HM Land Registry) ARK UP1 LIMITED (14111586): HM Land Registry CCOD/OCOD Oct 2026 address match: title AGL568647 ('land on the north side of North Hyde Gardens, Hayes') proprietor ARK UP1 LIMITED 14111586"
UK:Hillingdon/38421/APP/2025/1019,UK,Hillingdon,38421/APP/2025/1019,2025-04-07,2025-06-12,Permitted,,conditions discharge,true,hyperscale/campus,,,,2,COLT DATA CENTRE SERVICES UK LIMITED,low (address match; check title plan),evidence chain: registered proprietor (HM Land Registry); Companies House PSC chain,,,13085639,HDCI HAYES LONDON LIMITED (13085639) > COLT DATA CENTRE SERVICES UK LIMITED (07306352),AGL3693 (low),HDCI HAYES LONDON LIMITED (13085639) [low],,,"Details pursuant to the partial discharge of Conditions 25 (Standby Generator Testing), 33 (Back-Up Generator Fuel), 34 (Selective Catalytic Reduction), 35 (Testing Regime) and 36 (Emission Reduction Plan) in respect of Phase 1 only as attached to planning permission ref. 38421/APP/2021/4045 dated 25-11-2022 (Redevelopment of the site to deliver data centre campus including: two data centre buildings (Use Class B8); associated energy and electricity infrastructure, buildings, and plant; security gatehouse, systems and enclosures; works to the highway, car parking and cycle parking; hard and soft landscaping; as well as associated infrastructure, ancillary office use, and associated external works).",LAND AT TUDOR WORKS BEACONSFIELD ROAD HAYES UB4 0SL,,,https://www.planit.org.uk/planapplic/Hillingdon/38421/APP/2025/1019/,Two DC buildings; Phase 1 conditions,PlanIt,2026-10-09,2026-10-09,manual-review-2026-10-09,Hillingdon 38421/APP/2021/4045 campus,"[low] registered proprietor (HM Land Registry): HM Land Registry CCOD/OCOD Oct 2026 address match: title AGL3693 ('Unit 7, Tudor Works, Beaconsfield Road, Hayes UB4 0SL') proprietor HDCI HAYES LONDON LIMITED 13085639 || https://find-and-update.company-information.service.gov.uk/company/13085639 | HDCI HAYES LONDON LIMITED PSC: Colt Data Centre Services Uk Limited (07306352 United Kingdom) notified 2022-08-25"
UK:Hillingdon/38421/APP/2025/978,UK,Hillingdon,38421/APP/2025/978,2025-04-03,2025-07-21,Permitted,,conditions discharge,true,hyperscale/campus,,,,2,COLT DATA CENTRE SERVICES UK LIMITED,low (address match; check title plan),evidence chain: registered proprietor (HM Land Registry); Companies House PSC chain,,,13085639,HDCI HAYES LONDON LIMITED (13085639) > COLT DATA CENTRE SERVICES UK LIMITED (07306352),AGL3693 (low),HDCI HAYES LONDON LIMITED (13085639) [low],,,"Details pursuant to the partial discharge of Condition 26 (Energy Monitoring, Recording and Reporting) in respect of Phase 1 only as attached to planning permission ref. 38421/APP/2021/4045 dated 25-11-2022 (Redevelopment of the site to deliver data centre campus including: two data centre buildings (Use Class B8); associated energy and electricity infrastructure, buildings, and plant; security gatehouse, systems and enclosures; works to the highway, car parking and cycle parking; hard and soft landscaping; as well as associated infrastructure, ancillary office use, and associated external works).",LAND AT TUDOR WORKS BEACONSFIELD ROAD HAYES,,,https://www.planit.org.uk/planapplic/Hillingdon/38421/APP/2025/978/,Two DC buildings; Phase 1 conditions,PlanIt,2026-10-09,2026-10-09,manual-review-2026-10-09,Hillingdon 38421/APP/2021/4045 campus,"[low] registered proprietor (HM Land Registry): HM Land Registry CCOD/OCOD Oct 2026 address match: title AGL3693 ('Unit 7, Tudor Works, Beaconsfield Road, Hayes UB4 0SL') proprietor HDCI HAYES LONDON LIMITED 13085639 || https://find-and-update.company-information.service.gov.uk/company/13085639 | HDCI HAYES LONDON LIMITED PSC: Colt Data Centre Services Uk Limited (07306352 United Kingdom) notified 2022-08-25"
UK:Rhondda/25/0382/LDO,UK,Rhondda,25/0382/LDO,2025-04-02,2025-04-15,Permitted,Permission required,lawful use / LDO certificate,true,data centre (type not stated),,,,,,,,,,,,,,,,Change of use from office building (Use Class B1) to Data Centre (Use Class B8),Unit 5 And 7 Cadw Cefn Coed Nantgarw Taff's Well Rhondda Cynon Taf CF15 7QQ,,,https://www.planit.org.uk/planapplic/Rhondda/25/0382/LDO/,Ruled that permission is required,PlanIt,2026-10-09,2026-10-09,manual-review-2026-10-09,Rhondda office-to-DC conversion,
UK:OldOakParkRoyal/25/0055/NMAOPDC,UK,Old Oak Park Royal,25/0055/NMAOPDC,2025-04-02,,Undecided,,amendment/variation,true,data centre (type not stated),,,25000,,,,,,,,,,,,,"Non material amendment to 21/0122/OUTOPDC dated 27/09/2022 for Outline planning permission with the details of access, appearance, landscaping, layout and scale reserved for later determination for demolition and redevelopment to comprise a data centre (Use Class B8) of up to 25,000 sqm gross external, including ancillary offices, internal plant and equipment (including flues), and substation. In addition to the above the Development may also include: car parking; provision of external plant and equipment (including flues) and fuel storage; creation of servicing areas and provision of associated services, including waste, refuse, cycle storage, and lighting; and for the laying out of the buildings; routes and open spaces within the development; and all associated and ancillary works and operations including but not limited to: demolition; earthworks; provision of attenuation infrastructure, engineering operations. Development shall be in accordance with the approved Development Parameters Schedule and Plans.","37-39, North Acton Road, LONDON, NW10 6PF",,,https://www.planit.org.uk/planapplic/OldOakParkRoyal/25/0055/NMAOPDC/,NMA; record cites 21/0122 (typo),PlanIt,2026-10-09,2026-10-09,manual-review-2026-10-09,OPDC 20/0122/OUTOPDC,
UK:Ealing/251348CONS,UK,Ealing,251348CONS,2025-03-31,2026-06-02,Withdrawn,Not Proceeded With,consultation (neighbouring authority),true,hyperscale/campus,,,,3,COLT DATA CENTRE SERVICES UK LIMITED,high,evidence chain: registered proprietor (HM Land Registry); Companies House PSC chain,,,15330854,HDCI HAYES BRIDGE LIMITED (15330854) > COLT DATA CENTRE SERVICES UK LIMITED (07306352),AGL146580; AGL3721; AGL403960; AGL53769; AGL577892; MX79683; S106,HDCI HAYES BRIDGE LIMITED (15330854) [high]; INACE LIMITED (05852058) [high]; METRO BANK PLC (06419578) [high],,,"Hybrid planning application for a four-phased redevelopment to deliver a data centre campus comprising of: Phase 1 - Full planning permission for (a) a data centre building (b) energy, power, and water infrastructure (c) site access and internal roads including a vehicular and pedestrian link between Uxbridge Road and Bullsbrook Road (d) site security arrangements and security fencing (e) hard and soft, green and blue, infrastructure and (f) other ancillary and auxiliary forms of development; Phase 2 - Outline planning permission for (a) an Innovation Hub (b) hard and soft, green and blue, infrastructure and (c) other ancillary and auxiliary forms of development (all matters reserved); Phase 3 - Outline planning permission for (a) a data centre building (b) energy, power, and water infrastructure (c) internal roads (d) site security arrangements and security fencing (e) hard and soft, green and blue, infrastructure and (f) other ancillary and auxiliary forms of development (all matters reserved); and Phase 4 - Outline planning permission for (a) a data centre building (b) energy, power, and water infrastructure (c) internal roads (d) site security arrangements and security fencing (e) hard and soft, green and blue, infrastructure and (f) other ancillary and auxiliary forms of development (all matters reserved). (Out of Borough)",Hayes Bridge Retail Park And Heathrow Interchange Uxbridge Road Hayes UB4 0RH,,,https://www.planit.org.uk/planapplic/Ealing/251348CONS/,Ealing consulted; not proceeded with,PlanIt,2026-10-09,2026-10-09,manual-review-2026-10-09,"LON6 campus, Uxbridge Rd/Bullsbrook Rd, Hillingdon (78343/APP/2025/719)","[high] registered proprietor (HM Land Registry): HM Land Registry CCOD/OCOD Oct 2026: title MX79683 (Freehold, 'Hayes Bridge Retail Park, Uxbridge Road, Hayes (UB4 0RH)') proprietor HDCI HAYES BRIDGE LIMITED 15330854; title cited at https://planning.hillingdon.gov.uk/OcellaWeb/viewDocument?file=dv_pl_files%5C78343_APP_2026_1746%5CApplicationFormRedacted.pdf&module=pl | ""itle number(s) for the existing building(s) on the site. If the site has no title numbers, please enter 'Unregistered'. Title Number: MX79683 Title Number: AGL3721 Title Number: AGL146580 Energy Performance Certificate Number Do any of the buildings on the appli"" || [high] registered proprietor (HM Land Registry): HM Land Registry CCOD/OCOD Oct 2026: title AGL3721 (Freehold, 'Units 3 And 4, Heathrow Interchange, Bullsbrook Road, Hayes (UB4 0JR)') proprietor HDCI HAYES BRIDGE LIMITED 15330854; title cited at https://planning.hillingdon.gov.uk/OcellaWeb/viewDocument?file=dv_pl_files%5C78343_APP_2026_1746%5CApplicationFormRedacted.pdf&module=pl | ""existing building(s) on the site. If the site has no title numbers, please enter 'Unregistered'. Title Number: MX79683 Title Number: AGL3721 Title Number: AGL146580 Energy Performance Certificate Number Do any of the buildings on the application site have an En"" || [high] registered proprietor (HM Land Registry): HM Land Registry CCOD/OCOD Oct 2026: title AGL146580 (Freehold, 'Unit 1 Heathrow Interchange Park, Bullsbrook Road, Hayes (UB4 0UJ)') proprietor HDCI HAYES BRIDGE LIMITED 15330854; title cited at https://planning.hillingdon.gov.uk/OcellaWeb/viewDocument?file=dv_pl_files%5C78343_APP_2026_1746%5CApplicationFormRedacted.pdf&module=pl | ""on the site. If the site has no title numbers, please enter 'Unregistered'. Title Number: MX79683 Title Number: AGL3721 Title Number: AGL146580 Energy Performance Certificate Number Do any of the buildings on the application site have an Energy Performance Certifi"" || [high] registered proprietor (HM Land Registry): HM Land Registry CCOD/OCOD Oct 2026: title AGL53769 (Freehold, 'Land at Hayes Bridge Retail Park, Uxbridge Road, Hayes (UB4 0RH)') proprietor HDCI HAYES BRIDGE LIMITED 15330854; title cited at https://planning.hillingdon.gov.uk/OcellaWeb/viewDocument?file=dv_pl_files%5C78343_APP_2025_719%5CCompleted+-+Hayes_Bridge_S106_Agreement_-_engrossment_version.pdf20260515-588851-2im0j5.pdf&module=pl | ""the obligations in this Agreement are enforceable. 1.2. The Owner has a freehold interest in the Land registered under Title Numbers AGL3721, AGL53769, AGL146580 at the Land Registry. 1.3. On 17 March 2025, the Owner submitted the Planning Application to the Council for permission"" || https://find-and-update.company-information.service.gov.uk/company/15330854 | HDCI HAYES BRIDGE LIMITED PSC: Colt Data Centre Services Uk Limited (07306352 United Kingdom) notified 2023-12-06 || [high] registered proprietor (HM Land Registry) INACE LIMITED (05852058): HM Land Registry CCOD/OCOD Oct 2026: title AGL577892 (Freehold, 'Land on the south west side of Unit 1, Heathrow Interchange, Bullsbrook Road, Hayes (UB4 0JR)') proprietor INACE LIMITED 05852058; title cited at https://planning.hillingdon.gov.uk/OcellaWeb/viewDocument?file=dv_pl_files%5C78343_APP_2025_719%5CCompleted+-+Hayes_Bridge_S106_Agreement_-_engrossment_version.pdf20260515-588851-2im0j5.pdf&module=pl | ""as Hayes Bridge Retail Park Uxbridge Road and Heathrow Interchange Bullsbrook Road registered at HM Land Registry under title numbers AGL3721, AGL53769, AGL146580, AGL577892, and AGL403960 and shown for identification purposes only edged red on Plan 1; “Monitoring” means a survey of employees/reside"" || [high] registered proprietor (HM Land Registry) METRO BANK PLC (06419578): HM Land Registry CCOD/OCOD Oct 2026: title AGL403960 (Leasehold, 'Unit 8, Hayes Bridge Retail Park, Uxbridge Road, Hayes (UB4 0RH)') proprietor METRO BANK PLC 06419578; title cited at https://planning.hillingdon.gov.uk/OcellaWeb/viewDocument?file=dv_pl_files%5C78343_APP_2025_719%5CCompleted+-+Hayes_Bridge_S106_Agreement_-_engrossment_version.pdf20260515-588851-2im0j5.pdf&module=pl | ""as Hayes Bridge Retail Park Uxbridge Road and Heathrow Interchange Bullsbrook Road registered at HM Land Registry under title numbers AGL3721, AGL53769, AGL146580, AGL577892, and AGL403960 and shown for identification purposes only edged red on Plan 1; “Monitoring” means a survey of employees/reside"" || [high] named as party in legal agreement A. HDCI HAYES BRIDGE LIMITED (15330854): https://planning.hillingdon.gov.uk/OcellaWeb/viewDocument?file=dv_pl_files%5C78343_APP_2025_719%5CCompleted+-+Hayes_Bridge_S106_Agreement_-_engrossment_version.pdf20260515-588851-2im0j5.pdf&module=pl | ""nd is made BETWEEN: A. HDCI HAYES BRIDGE LIMITED (company registration number 15330854) a company incorpor"""
UK:Hillingdon/38421/APP/2025/920,UK,Hillingdon,38421/APP/2025/920,2025-03-31,2025-05-22,Permitted,,conditions discharge,true,hyperscale/campus,,,,2,COLT DATA CENTRE SERVICES UK LIMITED,low (address match; check title plan),evidence chain: registered proprietor (HM Land Registry); Companies House PSC chain,,,13085639,HDCI HAYES LONDON LIMITED (13085639) > COLT DATA CENTRE SERVICES UK LIMITED (07306352),AGL3693 (low),HDCI HAYES LONDON LIMITED (13085639) [low],,,"Details pursuant to the partial discharge of Conditions 23 (Noise Control of Chiller Plant) and 24 (Noise Control of Standby Generator Plant) in respect of Phase 1 only as attached to planning permission ref. 38421/APP/2021/4045 dated 25/11/2022 (Redevelopment of the site to deliver data centre campus including: two data centre buildings (Use Class B8); associated energy and electricity infrastructure, buildings, and plant; security gatehouse, systems and enclosures; works to the highway, car parking and cycle parking; hard and soft landscaping; as well as associated infrastructure, ancillary office use, and associated external works).",LAND AT TUDOR WORKS BEACONSFIELD ROAD HAYES,,,https://www.planit.org.uk/planapplic/Hillingdon/38421/APP/2025/920/,Two DC buildings; Phase 1 conditions,PlanIt,2026-10-09,2026-10-09,manual-review-2026-10-09,Hillingdon 38421/APP/2021/4045 campus,"[low] registered proprietor (HM Land Registry): HM Land Registry CCOD/OCOD Oct 2026 address match: title AGL3693 ('Unit 7, Tudor Works, Beaconsfield Road, Hayes UB4 0SL') proprietor HDCI HAYES LONDON LIMITED 13085639 || https://find-and-update.company-information.service.gov.uk/company/13085639 | HDCI HAYES LONDON LIMITED PSC: Colt Data Centre Services Uk Limited (07306352 United Kingdom) notified 2022-08-25"
UK:Ealing/251165OPDCOB,UK,Ealing,251165OPDCOB,2025-03-24,2025-03-31,Permitted,No Objection,conditions discharge,true,data centre (type not stated),,,25000,,,,,,,,,,,,,"Details of Condition 35 (Cycle Storage and Facilities) pursuant to planning application 20/0122/OUTOPDC dated 27/09/2022 for outline planning permission with the details of access, appearance, landscaping, layout and scale reserved for later determination for demolition and redevelopment to comprise a data centre (Use Class B8) of up to 25, 000 sqm gross external, including ancillary offices, internal plant and equipment (including flues), and substation. In addition to the above the Development may also include: car parking; provision of external plant and equipment (including flues) and fuel storage; creation of servicing areas and provision of associated services, including waste, refuse, cycle storage, and lighting; and for the laying out of the buildings; routes and open spaces within the development; and all associated and ancillary works and operations including but not limited to: demolition; earthworks; provision of attenuation infrastructure, engineering operations. Development shall be in accordance with the approved Development Parameters Schedule and Plans. (Out of Borough)",37 - 39 North Acton Road Park Royal NW10 6PF,,,https://www.planit.org.uk/planapplic/Ealing/251165OPDCOB/,"Outline up to 25,000 sqm GEA",PlanIt,2026-10-09,2026-10-09,manual-review-2026-10-09,OPDC 20/0122/OUTOPDC,
UK:Hillingdon/39704/APP/2025/812,UK,Hillingdon,39704/APP/2025/812,2025-03-24,2025-11-06,Permitted,,consultation (neighbouring authority),true,hyperscale/campus,,,158702,3,Kkr & Co. Inc,high,evidence chain: named as Owner in legal agreement; Companies House PSC chain,,,OE032462,"GTR LONDON 2 S.A R.L. (OE032462) > Kkr & Co. Inc (06284582, State Of Delaware - Department Of State: Division Of Corporations, Usa)",AGL16660; AGL397306; MX320233; NGL132484; NGL163938; NGL164938; NGL272255; NGL272256; NGL615197,GTR LONDON 2 S.A R.L. (no number) [high],"U.S. BANK TRUSTEES LIMITED (02379632, Mortgagee in legal agreement)",,"OUT OF BOROUGH CONSULTATION FROM EALING COUNCIL FOR: Site clearance and preparation, including demolition of all existing buildings on site and redevelopment of the site to provide: Construction of four data centre units within three buildings of approximately 67.9m AOD in height (Use Class B8, approximately 158,702sq.m GEA), four industrial buildings ranging from approximately 41.3m to 46.2m AOD in height (Use Classes B8, B2 and E(g)(iii), approximately 23,389sq.m GEA), central pavilion building of approximately 35m AOD in height (Use Class E(b), approximately 223sq.m GEA), two substations (38.05m AOD in height), associated plant, enclosures and necessary physical security systems, internal roads, servicing, circulation, car and cycle parking and hard and soft landscaping works. This application is accompanied by an Environmental Statement for the purposes of Environmental Impact Assessment under The Town and Country Planning (Environmental Impact Assessment) Regulations 2017 (as amended). PLEASE REFER TO THE INFORMATION FOUND ON THE EALING COUNCIL WEBSITE","INTERNATIONAL TRADING ESTATE, TRIDENT WAY SOUTHALL, EALING COUNCIL MIDDLESEX UB2 5LF",,,https://www.planit.org.uk/planapplic/Hillingdon/39704/APP/2025/812/,Hillingdon consulted,PlanIt,2026-10-09,2026-10-09,manual-review-2026-10-09,"Ealing 250949FUL (four DC units, 67.9m AOD)","[high] named as Owner in legal agreement: https://pam.ealing.gov.uk/online-applications/files/293A00BAD51EB640386EF2C88973003C/pdf/250949FUL-LEGAL_AGREEMENT-4474017.pdf | ""the “Council”); (2) GTR LONDON 2 S.A R.L. (incorporated in Luxembourg) (OE ID: OE032462) of 2 Rue Edward St"" || https://find-and-update.company-information.service.gov.uk/company/OE032462 | GTR LONDON 2 S.A R.L. PSC: Kkr & Co. Inc (06284582 State Of Delaware - Department Of State: Division Of Corporations, Usa) notified 2024-02-16 || [high] registered proprietor (HM Land Registry) GTR LONDON 2 S.A R.L. (): HM Land Registry CCOD/OCOD Oct 2026: title AGL16660 (Freehold, 'land on the south west side of Unit 10, Boeing Way, Southall (UB2 5LB)') proprietor GTR LONDON 2 S.A R.L. ; title cited at https://pam.ealing.gov.uk/online-applications/files/293A00BAD51EB640386EF2C88973003C/pdf/250949FUL-LEGAL_AGREEMENT-4474017.pdf | ""is Deed are enforceable. B. The Owner is the freehold owner of the Property and is registered at HM Land Registry under title numbers AGL16660; AGL397306; MX320233; NGL132484; NGL163938; NGL164938; NGL272255; NGL272256; NGL615197 as the proprietor of the Property. C. The Mortgagee is the proprietor """
UK:Reading/PL/25/0437,UK,Reading,PL/25/0437,2025-03-21,2025-04-09,Permitted,Advice Given,consultation (neighbouring authority),true,data centre (type not stated),,,,,,,,,,,,,,,,"Request for observations by Reading Borough Council to West Berkshire District Council on WBDC application 25/00529/COND: Application for Approval of Details Reserved by Conditions 27 (Landfill Gas Risk Assessment), 29 (Construction Traffic Management Plan), 33 (Contaminated Land), 38 (Pollution Prevention Plan), 39 (Landscaping (Including Hard Surfaces)), 47 (Schedule of Materials), 48 (Emergency Planning i) and 49 (Emergency Planning ii) of planning permission 20/02029/COMIND - Development of an Energy Recovery Centre and adjacent Data Centre and associated infrastructure.","READING QUARRY, BERRYS LANE, BURGHFIELD, READING, RG30 3EY",,,https://www.planit.org.uk/planapplic/Reading/PL/25/0437/,Reading advice,PlanIt,2026-10-09,2026-10-09,manual-review-2026-10-09,West Berks energy recovery centre + DC (20/02029/COMIND),
UK:Glamorgan/2023/00780/4/CD,UK,Glamorgan,2023/00780/4/CD,2025-03-21,2025-05-07,Permitted,Approved,conditions discharge,true,data centre (type not stated),,,,,,,,,,,,,,,,"Discharge of Conditions 24 (CTMP), Planning permission ref: 2023/00780/FUL - Demolition of existing buildings/structures and erection of a Class B8 data centre with all associated back-up generators, plant, equipment, sub-stations, accesses, parking and servicing areas, drainage and engineering works including services diversion/connection and regrading works.","Land North of Ffordd Bro Tathan, St Athan",,,https://www.planit.org.uk/planapplic/Glamorgan/2023/00780/4/CD/,,PlanIt,2026-10-09,2026-10-09,manual-review-2026-10-09,Vale of Glamorgan 2023/00780/FUL,
UK:CentralBedfordshire/CB/25/00956/NMA,UK,Central Bedfordshire,CB/25/00956/NMA,2025-03-21,2025-05-20,Permitted,Non-Material Amendment - Granted,,false,not data centre,,,,,,,,,,,,,,,,"Non-material amendment to planning permission CB/12/03613/OUT (Outline planning permission with the details of access, appearance, landscaping, layout and scale reserved for later determination. Development to comprise: up to 5,150 dwellings (Use Class C3); up to 202,500 sqm gross of additional development in Use Classes: A1, A2, A3 (retail), A4 (public house), A5 (take away); B1, B2, B8 (offices, industrial and storage and distribution); C1 (hotel), C2 (care home), D1 and D2 (community and leisure); car showroom; data centre; petrol filling station; car parking; primary substation; energy centre; and for the laying out of the buildings; routes and open spaces within the development; and all associated works and operations including but not limited to: demolition; earthworks; engineering operations. All development, works and operations to be in accordance with the Development Parameters Schedule and Plans.) Amendment sought: To the proposal, for an extra care residential home and 32 senior living units, proposed in place of the consented C1 hotel use.","Land to the northern edge of Houghton Regis, Beds",,,https://www.planit.org.uk/planapplic/CentralBedfordshire/CB/25/00956/NMA/,"5,150-home mixed-use outline CB/12/03613/OUT lists data centre as one permitted use; not a DC application",PlanIt,2026-10-09,2026-10-09,manual-review-2026-10-09,,
UK:Neath/P2025/0187,UK,Neath,P2025/0187,2025-03-20,2026-05-26,Permitted,Approved,approved,true,data centre (type not stated),,,,,,,,,The Urbanists,,,,,,,"Erection of a data centre (use class B8) and supporting infrastructure, parking, alteration to access, drainage, landscaping and associated works. Including demolition of existing annex and retention of the existing building for ancillary use, substation and power connection to the existing Western Wood Biomass Plant.",Land At Tyn-Y-Caeau Margam Port Talbot SA13 2NR,,,https://www.planit.org.uk/planapplic/Neath/P2025/0187/,Full application. Power connection to existing biomass plant; approved,PlanIt,2026-10-09,2026-10-09,manual-review-2026-10-09,Neath DC at Western Wood Biomass Plant,
UK:Hart/25/00522/NMMA,UK,Hart,25/00522/NMMA,2025-03-20,2025-04-22,Rejected,Refuse,amendment/variation,true,data centre (type not stated),,,,,05396063,low (address match; check title plan),evidence chain: registered proprietor (HM Land Registry); Companies House PSC chain,,Union4 Planning,08630640,ARK ESTATES CODY PARK LIMITED (08630640) > ARK ESTATES HOLDINGS LIMITED (08676791) > ? (05396063),HP674736 (low); HP761464 (low); HP800864 (low); HP809209 (low),ARK A9 GP LIMITED (07683878) [low]; ARK DATA CENTRES LIMITED (05656968) [low]; ARK ESTATES CODY PARK LIMITED (08630640) [low]; DATUM DATACENTRES LIMITED (07954217) [low],Cbre Loan Services Limited (And Its Successors in Title and Permitted Transferees),,"Non Material Minor Amendment to approved plans pursuant to 22/01088/FUL (Erection of two storey data centre and plant enclosure on existing car park) dated 13.01.2023 to amend the drawings to show the following changes: reduce the building footprint, remove rooftop plant and relocate to the interior, change to a curved, reduce the number of generators, alter the attenuation tanks, create an additional 21 car parking spaces and alterations to openings/access on the elevations",Cody Technology Park Ively Road Farnborough,,,https://www.planit.org.uk/planapplic/Hart/25/00522/NMMA/,"NMA refused (smaller footprint, fewer generators)",PlanIt,2026-10-09,2026-10-09,manual-review-2026-10-09,Hart 22/01088/FUL,"[low] registered proprietor (HM Land Registry): HM Land Registry CCOD/OCOD Oct 2026 address match: title HP674736 ('Buildings A50 and A57, Cody Technology Park, Ively Road, Farnborough') proprietor ARK ESTATES CODY PARK LIMITED 08630640 || https://find-and-update.company-information.service.gov.uk/company/08630640 | ARK ESTATES CODY PARK LIMITED PSC: Ark Estates Holdings Limited (08676791 England) notified 2016-04-06 || https://find-and-update.company-information.service.gov.uk/company/08676791 | ARK ESTATES HOLDINGS LIMITED PSC: Revcap Properties 25 Limited (05396063 England) notified 2016-04-06 || https://find-and-update.company-information.service.gov.uk/company/08630640/charges/chND0eK05Hu9BbBwwZBb7GKmg4s | charge 2026-04-01 (outstanding) to Cbre Loan Services Limited (And Its Successors in Title and Permitted Transferees); titles HP634842 || https://find-and-update.company-information.service.gov.uk/company/08630640/charges/W-ZRMh4UAonk2p4VRPe4-AKo5iI | charge 2022-03-18 (fully-satisfied) to Lloyds Bank PLC (As Security Agent); titles HP634842 || https://find-and-update.company-information.service.gov.uk/company/08630640/charges/weow4BPTf0to7G6XZMIOe7MXUA4 | charge 2021-01-27 (fully-satisfied) to Lloyds Bank PLC; titles A50, A57 || https://find-and-update.company-information.service.gov.uk/company/08630640/charges/FLL3NMxkf7a1PVKD6n4HfdHvKYU | charge 2019-09-23 (fully-satisfied) to Lloyds Bank PLC; titles HP634842 || https://find-and-update.company-information.service.gov.uk/company/08630640/charges/ruJcxcNO2gUZt2P_dFvOrCueXSo | charge 2018-06-21 (fully-satisfied) to Lloyds Bank PLC (In Its Capacity as Security Agent); titles HP634842 || [low] registered proprietor (HM Land Registry) DATUM DATACENTRES LIMITED (07954217): HM Land Registry CCOD/OCOD Oct 2026 address match: title HP761464 ('Buildings A51, A52 And A53, Cody Technology Park, Ively Road, Farnborough') proprietor DATUM DATACENTRES LIMITED 07954217 || [low] registered proprietor (HM Land Registry) ARK A9 GP LIMITED (07683878): HM Land Registry CCOD/OCOD Oct 2026 address match: title HP809209 ('land adjoining Building A9, Ively Road, Farnborough') proprietor ARK A9 GP LIMITED 07683878 || [low] registered proprietor (HM Land Registry) ARK DATA CENTRES LIMITED (05656968): HM Land Registry CCOD/OCOD Oct 2026 address match: title HP800864 ('Building A103, Cody Park, Ively Road, Farnborough (GU14 0LH)') proprietor ARK DATA CENTRES LIMITED 05656968"
UK:Harlow/HW/LDOC/25/00111,UK,Harlow,HW/LDOC/25/00111,2025-03-20,2025-04-24,Permitted,Confirmation of Compliance,lawful use / LDO certificate,true,hyperscale/campus,,,,2,,,,,Savills,,,,,,,Confirmation of compliance application for extending of existing data centre campus to the north and develop two further data centre buildings on land referred to as 'Plot F' within the London Road (North) LDO area (the LDO).,Site Of Former Social Club Harlow Innovation Park London Road Harlow Essex,,,https://www.planit.org.uk/planapplic/Harlow/HW/LDOC/25/00111/,Two further DC buildings extending existing campus; LDO compliance confirmed,PlanIt,2026-10-09,2026-10-09,manual-review-2026-10-09,Harlow Innovation Park Plot F (London Road North LDO),
UK:OldOakParkRoyal/25/0041/AODOPDC,UK,Old Oak Park Royal,25/0041/AODOPDC,2025-03-19,2025-05-13,Permitted,Approve,conditions discharge,true,data centre (type not stated),,,25000,,,,,,,,,,,,,"Details of Condition 35 (Cycle Storage and Facilities) pursuant to planning application 20/0122/OUTOPDC dated 27/09/2022 for outline planning permission with the details of access, appearance, landscaping, layout and scale reserved for later determination for demolition and redevelopment to comprise a data centre (Use Class B8) of up to 25,000 sqm gross external, including ancillary offices, internal plant and equipment (including flues), and substation. In addition to the above the Development may also include: car parking; provision of external plant and equipment (including flues) and fuel storage; creation of servicing areas and provision of associated services, including waste, refuse, cycle storage, and lighting; and for the laying out of the buildings; routes and open spaces within the development; and all associated and ancillary works and operations including but not limited to: demolition; earthworks; provision of attenuation infrastructure, engineering operations. Development shall be in accordance with the approved Development Parameters Schedule and Plans.","37-39, North Acton Road, LONDON, NW10 6PF",,,https://www.planit.org.uk/planapplic/OldOakParkRoyal/25/0041/AODOPDC/,"Outline up to 25,000 sqm GEA",PlanIt,2026-10-09,2026-10-09,manual-review-2026-10-09,OPDC 20/0122/OUTOPDC,
UK:WestNorthamptonshire/2025/1329/FULL,UK,West Northamptonshire,2025/1329/FULL,2025-03-19,2025-05-13,Permitted,Approval,approved,true,data centre (type not stated),,,,,,,,,,,,,,,,Internal and external alterations to existing building to facilitate use as a B8 data centre,Unit 9 Boundary Park Brackley NN13 7ES,,,https://www.planit.org.uk/planapplic/WestNorthamptonshire/2025/1329/FULL/,Full application. Existing building converted to B8 DC,PlanIt,2026-10-09,2026-10-09,manual-review-2026-10-09,West Northants 2025/1329 building conversion,
UK:Hillingdon/75111/APP/2025/739,UK,Hillingdon,75111/APP/2025/739,2025-03-18,2025-09-09,Permitted,,approved,true,data centre (type not stated),,,,1,REAL ESTATE VENTURE CAPITAL PARTNERS LLP (individual PSC: Mr Andrew John Pettit),high,evidence chain: named as First Owner in legal agreement; Companies House PSC chain,,,14585794,ARK UP4 LIMITED (14585794) > UP4 HOLDINGS LIMITED (14919643) > ARK ESTATES 2 LIMITED (12113969) > REVCAP PROPERTIES 25 LIMITED (05395063) > REVCAP UK HOLDINGS LIMITED (04995163) > LUMLEY PROPERTIES HOLDINGS LIMITED (13856087) > REAL ESTATE VENTURE CAPITAL PARTNERS 1 LLP (OC307140) > REAL ESTATE VENTURE CAPITAL PARTNERS LLP (OC307139),AGL603378; AGL63366; AGL73971; FW03; RE03; AGL32414 (low); AGL568647 (low); AGL568658 (low); AGL601577 (low),ARK ESTATES 2 LIMITED (12113969) [high]; ARK UP1 LIMITED (14111586) [low]; ARK UP2 LIMITED (14111543) [low]; ARK UP3 LIMITED (14551933) [low]; ARK UP4 LIMITED (14585794) [high]; SEGRO (HAYES) LIMITED (09732093) [low],,,"Redevelopment of site to deliver extension to existing Union Park data centre campus consisting of (a) free standing data centre building; (b) energy, power, and water infrastructure; (c) site access and internal roads; (d) site security arrangements; (e) hard and soft, green landscaping; and (f) other ancillary and auxiliary forms of development.",Union Park UP4 NORTH HYDE GARDENS HAYES UB3 4QQ,,,https://www.planit.org.uk/planapplic/Hillingdon/75111/APP/2025/739/,Full application. Extension: one free-standing DC building plus energy infrastructure; permitted,PlanIt,2026-10-09,2026-10-09,manual-review-2026-10-09,"Union Park, Hayes (Hillingdon 75111/APP/2020/1955)","[high] named as First Owner in legal agreement: https://planning.hillingdon.gov.uk/OcellaWeb/viewDocument?file=dv_pl_files%5C75111_APP_2025_739%5CUnion+Park+UP4+North+Hyde+Gardens+-+s106+-+10+August+26.pdf&module=pl | ""ef: 26310 E-Sign ID: f£223c26f-be10-41ea-a239-2fe8fdceedea THIS PLANNING OBLIGATION BY DEED is dated 10 August 2026 and is made BETWEEN: A. ARK UP4 LIMITED (Co Reg No.14585794) whose registered office is situated at Spring Park, Westwells Road, Corsham, Wiltshire, United Kingdom, SN13 9GB ('the Firs"" || https://find-and-update.company-information.service.gov.uk/company/14585794 | ARK UP4 LIMITED PSC: Up4 Holdings Limited (14919643 England) notified 2023-06-19 || https://find-and-update.company-information.service.gov.uk/company/14919643 | UP4 HOLDINGS LIMITED PSC: Ark Estates 2 Limited (12113969 United Kingdom) notified 2023-06-07 || https://find-and-update.company-information.service.gov.uk/company/12113969 | ARK ESTATES 2 LIMITED PSC: Revcap Properties 25 Limited (05395063 England) notified 2019-07-19 || https://find-and-update.company-information.service.gov.uk/company/05395063 | REVCAP PROPERTIES 25 LIMITED PSC: Revcap Uk Holdings Limited (04995163 England) notified 2016-04-18 || https://find-and-update.company-information.service.gov.uk/company/04995163 | REVCAP UK HOLDINGS LIMITED PSC: Lumley Properties Holdings Limited (13856087 England) notified 2022-03-14 || https://find-and-update.company-information.service.gov.uk/company/13856087 | LUMLEY PROPERTIES HOLDINGS LIMITED PSC: Real Estate Venture Capital Partners 1 Llp (OC307140 United Kingdom) notified 2022-01-18 || https://find-and-update.company-information.service.gov.uk/company/OC307140 | REAL ESTATE VENTURE CAPITAL PARTNERS 1 LLP PSC: Real Estate Venture Capital Partners Llp (OC307139 England) notified 2016-04-18 || [high] registered proprietor (HM Land Registry) ARK UP4 LIMITED (14585794): HM Land Registry CCOD/OCOD Oct 2026: title AGL603378 (Leasehold, 'Block 4, Union Park, North Hyde Gardens, Hayes') proprietor ARK UP4 LIMITED 14585794; title cited at https://planning.hillingdon.gov.uk/OcellaWeb/viewDocument?file=dv_pl_files%5C75111_APP_2025_739%5CUnion+Park+UP4+North+Hyde+Gardens+-+s106+-+10+August+26.pdf&module=pl | ""bligations in this Agreement are enforceable. 1.2 The First Owner has a leasehold interest in the Site registered under Title Number AGL603378 at the Land Registry. 1.3 The Second Owner has a freehold interest in the Site registered under Title Numbers AGL73971 a"" || [high] registered proprietor (HM Land Registry) ARK ESTATES 2 LIMITED (12113969): HM Land Registry CCOD/OCOD Oct 2026: title AGL73971 (Freehold, 'Land at Bulls Bridge, Hayes') proprietor ARK ESTATES 2 LIMITED 12113969; title cited at https://planning.hillingdon.gov.uk/OcellaWeb/viewDocument?file=dv_pl_files%5C75111_APP_2025_739%5CUnion+Park+UP4+North+Hyde+Gardens+-+s106+-+10+August+26.pdf&module=pl | ""Title Number AGL603378 at the Land Registry. 1.3 The Second Owner has a freehold interest in the Site registered under Title Numbers AGL73971 and AGL63366 at the Land Registry. 1.4 On 18 March 2025, the First Owner submitted the Planning Application to the Council for permis"" || [low] registered proprietor (HM Land Registry) SEGRO (HAYES) LIMITED (09732093): HM Land Registry CCOD/OCOD Oct 2026 address match: title AGL32414 ('land on the north side of Segro Industrial Park, North Hyde Gardens, Hayes (UB3 4FR)') proprietor SEGRO (HAYES) LIMITED 09732093 || [low] registered proprietor (HM Land Registry) ARK UP3 LIMITED (14551933): HM Land Registry CCOD/OCOD Oct 2026 address match: title AGL601577 ('Block 3, Union Park, North Hyde Gardens, Hayes') proprietor ARK UP3 LIMITED 14551933 || [low] registered proprietor (HM Land Registry) ARK UP1 LIMITED (14111586): HM Land Registry CCOD/OCOD Oct 2026 address match: title AGL568647 ('land on the north side of North Hyde Gardens, Hayes') proprietor ARK UP1 LIMITED 14111586"
UK:Newham/25/00542/REM,UK,Newham,25/00542/REM,2025-03-18,,,,reserved matters,true,data centre (type not stated),,,,1,,,,,DP9,,,,,,,"Reserved Matters Application to approve details of layout, scale, access, appearance and landscaping pursuant to Condition 2 attached to hybrid planning permission 23/01697/OUT dated 20 December 2024; comprising development within Zone 3 for a Data Centre Building (Class B8) with associated works.",Land At Former Paint Factory And Central Thameside West North Woolwich Road Silvertown London E16 2AB,,,https://www.planit.org.uk/planapplic/Newham/25/00542/REM/,Zone 3 DC building,PlanIt,2026-10-09,2026-10-09,manual-review-2026-10-09,"Thameside West, Silvertown (Newham 23/01697/OUT)",
UK:Newham/25/00541/REM,UK,Newham,25/00541/REM,2025-03-18,2025-07-23,Permitted,Approve,approved,true,data centre (type not stated),,,,1,,,,,DP9,,,,,,,"Reserved Matters Application to approve details of layout, scale, access, appearance and landscaping pursuant to Condition 2 attached to hybrid planning permission 23/01697/OUT dated 20 December 2024; comprising development within Zone 2 for a Data Centre Building (Class B8) with associated works.",Land At Former Paint Factory And Central Thameside West North Woolwich Road Silvertown London E16 2AB,,,https://www.planit.org.uk/planapplic/Newham/25/00541/REM/,Reserved matters. Zone 2 DC building; approved,PlanIt,2026-10-09,2026-10-09,manual-review-2026-10-09,"Thameside West, Silvertown (Newham 23/01697/OUT)",
UK:Hillingdon/78343/APP/2025/719,UK,Hillingdon,78343/APP/2025/719,2025-03-17,2025-10-29,Permitted,,approved,true,hyperscale/campus,,,,3,COLT DATA CENTRE SERVICES UK LIMITED,high,evidence chain: registered proprietor (HM Land Registry); Companies House PSC chain,,,15330854,HDCI HAYES BRIDGE LIMITED (15330854) > COLT DATA CENTRE SERVICES UK LIMITED (07306352),AGL146580; AGL3721; AGL403960; AGL53769; AGL577892; MX79683; S106,HDCI HAYES BRIDGE LIMITED (15330854) [high]; INACE LIMITED (05852058) [high]; METRO BANK PLC (06419578) [high],,,"Hybrid planning application for a four-phased redevelopment to deliver a data centre campus comprising of: Phase 1 - Full planning permission for (a) a data centre building; (b) energy, power, and water infrastructure; (c) site access and internal roads including a vehicular and pedestrian link between Uxbridge Road and Bullsbrook Road; (d) site security arrangements and security fencing; (e) hard and soft, green and blue, infrastructure; and (f) other ancillary and auxiliary forms of development; Phase 2 - Outline planning permission for (a) an Innovation Hub; (b) hard and soft, green and blue, infrastructure; and (c) other ancillary and auxiliary forms of development (all matters reserved); Phase 3 - Outline planning permission for (a) a data centre building; (b) energy, power, and water infrastructure; (c) internal roads; (d) site security arrangements and security fencing; (e) hard and soft, green and blue, infrastructure; and (f) other ancillary and auxiliary forms of development (all matters reserved); and Phase 4 - Outline planning permission for (a) a data centre building; (b) energy, power, and water infrastructure; (c) internal roads; (d) site security arrangements and security fencing; (e) hard and soft, green and blue, infrastructure; and (f) other ancillary and auxiliary forms of development (all matters reserved).",Hayes Bridge Retail Park and Heathrow Interchange UXBRIDGE ROAD HAYES UB4 0RH,,,https://www.planit.org.uk/planapplic/Hillingdon/78343/APP/2025/719/,Full application. Hybrid four-phase campus (three DC buildings + innovation hub); permission dated 20/05/2026,PlanIt,2026-10-09,2026-10-09,manual-review-2026-10-09,"LON6 campus, Uxbridge Rd/Bullsbrook Rd, Hillingdon (78343/APP/2025/719)","[high] registered proprietor (HM Land Registry): HM Land Registry CCOD/OCOD Oct 2026: title MX79683 (Freehold, 'Hayes Bridge Retail Park, Uxbridge Road, Hayes (UB4 0RH)') proprietor HDCI HAYES BRIDGE LIMITED 15330854; title cited at https://planning.hillingdon.gov.uk/OcellaWeb/viewDocument?file=dv_pl_files%5C78343_APP_2026_1746%5CApplicationFormRedacted.pdf&module=pl | ""itle number(s) for the existing building(s) on the site. If the site has no title numbers, please enter 'Unregistered'. Title Number: MX79683 Title Number: AGL3721 Title Number: AGL146580 Energy Performance Certificate Number Do any of the buildings on the appli"" || [high] registered proprietor (HM Land Registry): HM Land Registry CCOD/OCOD Oct 2026: title AGL3721 (Freehold, 'Units 3 And 4, Heathrow Interchange, Bullsbrook Road, Hayes (UB4 0JR)') proprietor HDCI HAYES BRIDGE LIMITED 15330854; title cited at https://planning.hillingdon.gov.uk/OcellaWeb/viewDocument?file=dv_pl_files%5C78343_APP_2026_1746%5CApplicationFormRedacted.pdf&module=pl | ""existing building(s) on the site. If the site has no title numbers, please enter 'Unregistered'. Title Number: MX79683 Title Number: AGL3721 Title Number: AGL146580 Energy Performance Certificate Number Do any of the buildings on the application site have an En"" || [high] registered proprietor (HM Land Registry): HM Land Registry CCOD/OCOD Oct 2026: title AGL146580 (Freehold, 'Unit 1 Heathrow Interchange Park, Bullsbrook Road, Hayes (UB4 0UJ)') proprietor HDCI HAYES BRIDGE LIMITED 15330854; title cited at https://planning.hillingdon.gov.uk/OcellaWeb/viewDocument?file=dv_pl_files%5C78343_APP_2026_1746%5CApplicationFormRedacted.pdf&module=pl | ""on the site. If the site has no title numbers, please enter 'Unregistered'. Title Number: MX79683 Title Number: AGL3721 Title Number: AGL146580 Energy Performance Certificate Number Do any of the buildings on the application site have an Energy Performance Certifi"" || [high] registered proprietor (HM Land Registry): HM Land Registry CCOD/OCOD Oct 2026: title AGL53769 (Freehold, 'Land at Hayes Bridge Retail Park, Uxbridge Road, Hayes (UB4 0RH)') proprietor HDCI HAYES BRIDGE LIMITED 15330854; title cited at https://planning.hillingdon.gov.uk/OcellaWeb/viewDocument?file=dv_pl_files%5C78343_APP_2025_719%5CCompleted+-+Hayes_Bridge_S106_Agreement_-_engrossment_version.pdf20260515-588851-2im0j5.pdf&module=pl | ""the obligations in this Agreement are enforceable. 1.2. The Owner has a freehold interest in the Land registered under Title Numbers AGL3721, AGL53769, AGL146580 at the Land Registry. 1.3. On 17 March 2025, the Owner submitted the Planning Application to the Council for permission"" || https://find-and-update.company-information.service.gov.uk/company/15330854 | HDCI HAYES BRIDGE LIMITED PSC: Colt Data Centre Services Uk Limited (07306352 United Kingdom) notified 2023-12-06 || [high] registered proprietor (HM Land Registry) INACE LIMITED (05852058): HM Land Registry CCOD/OCOD Oct 2026: title AGL577892 (Freehold, 'Land on the south west side of Unit 1, Heathrow Interchange, Bullsbrook Road, Hayes (UB4 0JR)') proprietor INACE LIMITED 05852058; title cited at https://planning.hillingdon.gov.uk/OcellaWeb/viewDocument?file=dv_pl_files%5C78343_APP_2025_719%5CCompleted+-+Hayes_Bridge_S106_Agreement_-_engrossment_version.pdf20260515-588851-2im0j5.pdf&module=pl | ""as Hayes Bridge Retail Park Uxbridge Road and Heathrow Interchange Bullsbrook Road registered at HM Land Registry under title numbers AGL3721, AGL53769, AGL146580, AGL577892, and AGL403960 and shown for identification purposes only edged red on Plan 1; “Monitoring” means a survey of employees/reside"" || [high] registered proprietor (HM Land Registry) METRO BANK PLC (06419578): HM Land Registry CCOD/OCOD Oct 2026: title AGL403960 (Leasehold, 'Unit 8, Hayes Bridge Retail Park, Uxbridge Road, Hayes (UB4 0RH)') proprietor METRO BANK PLC 06419578; title cited at https://planning.hillingdon.gov.uk/OcellaWeb/viewDocument?file=dv_pl_files%5C78343_APP_2025_719%5CCompleted+-+Hayes_Bridge_S106_Agreement_-_engrossment_version.pdf20260515-588851-2im0j5.pdf&module=pl | ""as Hayes Bridge Retail Park Uxbridge Road and Heathrow Interchange Bullsbrook Road registered at HM Land Registry under title numbers AGL3721, AGL53769, AGL146580, AGL577892, and AGL403960 and shown for identification purposes only edged red on Plan 1; “Monitoring” means a survey of employees/reside"" || [high] named as party in legal agreement A. HDCI HAYES BRIDGE LIMITED (15330854): https://planning.hillingdon.gov.uk/OcellaWeb/viewDocument?file=dv_pl_files%5C78343_APP_2025_719%5CCompleted+-+Hayes_Bridge_S106_Agreement_-_engrossment_version.pdf20260515-588851-2im0j5.pdf&module=pl | ""nd is made BETWEEN: A. HDCI HAYES BRIDGE LIMITED (company registration number 15330854) a company incorpor"""
UK:Kettering/NK/2025/0167,UK,Kettering,NK/2025/0167,2025-03-17,,,,outline application,possible,data centre (type not stated),,,,,,,,,,,,,,,,"Hybrid planning permission for the development of an Energy Park. Outline application relating to additional energy infrastructure (including battery storage, ground mounted solar pv and other infrastructure potentially including hydrogen generation and/or storage) advanced agricultural / hydroponic uses (agriculture use including potential glasshouses with associated Class E/B2/B8), new employment units for use within classes E (office, research and development and light industrial), B2 and B8 (including data centres), ancillary uses under Class E (e.g. café/nursery), ancillary structures, new estate roads, utility connections, landscape and drainage works, provision of a receptor area for biodiversity and other habitat areas, and other associated operations including site clearance and levelling works. All matters reserved apart from the means of access to the site. Detailed application for new site access from the A510 and Estate Road works, equipment and structures associated with a 132kv grid connection to the overhead power lines, as well as site clearance, drainage, utility connections, levelling works, demolition and associated operations requiring the diversion of public rights of way","Burton Wold Wind Farm (land adj), Wold Road, Burton Latimer, NN15 5PJ",,,https://www.planit.org.uk/planapplic/Kettering/NK/2025/0167/,"Energy park with employment units ""including data centres""; DC not certain",PlanIt,2026-10-09,2026-10-09,manual-review-2026-10-09,Kettering NK/2025/0167 energy park,
UK:WestBerkshire/25/00529/COND,UK,West Berkshire,25/00529/COND,2025-03-12,,Undecided,,conditions discharge,true,data centre (type not stated),,,,,,,,,,,,,,,,"Application for Approval of Details Reserved by Conditions 27 (Landfill Gas Risk Assessment), 29 (Construction Traffic Management Plan), 33 (Contaminated Land), 38 (Pollution Prevention Plan), 39 (Landscaping (Including Hard Surfaces)), 47 (Schedule of Materials), 48 (Emergency Planning i) and 49 (Emergency Planning ii) of planning permission 20/02029/COMIND - Development of an Energy Recovery Centre and adjacent Data Centre and associated infrastructure",Reading Quarry Berrys Lane Burghfield Reading RG30 3EY,,,https://www.planit.org.uk/planapplic/WestBerkshire/25/00529/COND/,,PlanIt,2026-10-09,2026-10-09,manual-review-2026-10-09,West Berks energy recovery centre + DC (20/02029/COMIND),
UK:Ealing/250949FUL,UK,Ealing,250949FUL,2025-03-07,2025-10-29,Permitted,Draft Decision Waiting Legal Agreement,approved,true,hyperscale/campus,,,158702,3,Kkr & Co. Inc,high,evidence chain: named as Owner in legal agreement; Companies House PSC chain,,QUOD,OE032462,"GTR LONDON 2 S.A R.L. (OE032462) > Kkr & Co. Inc (06284582, State Of Delaware - Department Of State: Division Of Corporations, Usa)",AGL16660; AGL397306; MX320233; NGL132484; NGL163938; NGL164938; NGL272255; NGL272256; NGL615197,GTR LONDON 2 S.A R.L. (no number) [high],"U.S. BANK TRUSTEES LIMITED (02379632, Mortgagee in legal agreement)",,"Site clearance and preparation, including demolition of all existing buildings on site and redevelopment of the site to provide: Construction of four data centre units within three buildings of approximately 67.9m AOD in height (Use Class B8, approximately 158,702sqm GEA), four industrial buildings ranging from approximately 41.3m to 46.2m AOD in height (Use Classes B8, B2 and E(g)(iii), approximately 23,389 GEA), central pavilion building of approximately 35m AOD in height (Use Class E(b), approximately 223 GEA), two substations (38.05m AOD in height), associated plant, enclosures and necessary physical security systems, internal roads, servicing, circulation, car and cycle parking and hard and soft landscaping works. This application is accompanied by an Environmental Statement for the purposes of Environmental Impact Assessment under The Town and Country Planning (Environmental Impact Assessment) Regulations 2017 (as amended).",International Trading Estate Trident Way Southall UB2 5LF,,,https://www.planit.org.uk/planapplic/Ealing/250949FUL/,"Full application. International Trading Estate, Southall; permission dated 19/12/2025 per later records",PlanIt,2026-10-09,2026-10-09,manual-review-2026-10-09,"Ealing 250949FUL (four DC units, 67.9m AOD)","[high] named as Owner in legal agreement: https://pam.ealing.gov.uk/online-applications/files/293A00BAD51EB640386EF2C88973003C/pdf/250949FUL-LEGAL_AGREEMENT-4474017.pdf | ""the “Council”); (2) GTR LONDON 2 S.A R.L. (incorporated in Luxembourg) (OE ID: OE032462) of 2 Rue Edward St"" || https://find-and-update.company-information.service.gov.uk/company/OE032462 | GTR LONDON 2 S.A R.L. PSC: Kkr & Co. Inc (06284582 State Of Delaware - Department Of State: Division Of Corporations, Usa) notified 2024-02-16 || [high] registered proprietor (HM Land Registry) GTR LONDON 2 S.A R.L. (): HM Land Registry CCOD/OCOD Oct 2026: title AGL16660 (Freehold, 'land on the south west side of Unit 10, Boeing Way, Southall (UB2 5LB)') proprietor GTR LONDON 2 S.A R.L. ; title cited at https://pam.ealing.gov.uk/online-applications/files/293A00BAD51EB640386EF2C88973003C/pdf/250949FUL-LEGAL_AGREEMENT-4474017.pdf | ""is Deed are enforceable. B. The Owner is the freehold owner of the Property and is registered at HM Land Registry under title numbers AGL16660; AGL397306; MX320233; NGL132484; NGL163938; NGL164938; NGL272255; NGL272256; NGL615197 as the proprietor of the Property. C. The Mortgagee is the proprietor """
UK:Hillingdon/38421/APP/2025/539,UK,Hillingdon,38421/APP/2025/539,2025-02-27,2025-06-12,Permitted,,conditions discharge,true,hyperscale/campus,,,,2,COLT DATA CENTRE SERVICES UK LIMITED,low (address match; check title plan),evidence chain: registered proprietor (HM Land Registry); Companies House PSC chain,,,13085639,HDCI HAYES LONDON LIMITED (13085639) > COLT DATA CENTRE SERVICES UK LIMITED (07306352),AGL3693 (low),HDCI HAYES LONDON LIMITED (13085639) [low],,,"Details pursuant to the partial discharge of Conditions 20 (Delivery and Servicing Plan) and 28 (Parking Management Plan) in respect of Phase 1 only as attached to planning permission ref. 38421/APP/2021/4045 dated 25-11-2022 (Redevelopment of the site to deliver data centre campus including: two data centre buildings (Use Class B8); associated energy and electricity infrastructure, buildings, and plant; security gatehouse, systems and enclosures; works to the highway, car parking and cycle parking; hard and soft landscaping; as well as associated infrastructure, ancillary office use, and associated external works).",LAND AT TUDOR WORKS BEACONSFIELD ROAD HAYES,,,https://www.planit.org.uk/planapplic/Hillingdon/38421/APP/2025/539/,Two DC buildings,PlanIt,2026-10-09,2026-10-09,manual-review-2026-10-09,Hillingdon 38421/APP/2021/4045 campus,"[low] registered proprietor (HM Land Registry): HM Land Registry CCOD/OCOD Oct 2026 address match: title AGL3693 ('Unit 7, Tudor Works, Beaconsfield Road, Hayes UB4 0SL') proprietor HDCI HAYES LONDON LIMITED 13085639 || https://find-and-update.company-information.service.gov.uk/company/13085639 | HDCI HAYES LONDON LIMITED PSC: Colt Data Centre Services Uk Limited (07306352 United Kingdom) notified 2022-08-25"
UK:Anglesey/OP/2025/2,UK,Anglesey,OP/2025/2,2025-02-21,2025-07-25,Permitted,Caniatáu / Permit,approved,true,hyperscale/campus,,,,,,,,,,,,,,,,"Cais amlinellol gyda’r holl faterion wedi eu cadw’n ôl (ac eithrio mynediad) ar gyfer yr ailddatblygu’r tir i gynnwys dymchwel strwythurau ac adeiladau er mwyn galluogi gwaith o adeiladu lleoliadau cyflogaeth newydd yn cynnwys canolfannau data (defnydd dosbarth B8), swyddfeydd, mannau ymchwil a datblygu (defnydd dosbarth B1) a storfa ynni batris (Defnydd unigryw). Bydd yr ailddatblygiad hefyd yn cynnwys trefniadau draenio, lleiniau caled, cadw gwaith tirlunio a gwaith tirlunio newydd ynghyd â datblygiadau cysylltiedig eraill yn / Outline application with all matters reserved (except access) for the redevelopment of land to include demolition of existing structures and buildings to allow construction of new employment floorspace including, data centres (use class B8), offices, research and development space (use class B1) and battery energy storage (Unique use). The redevelopment will also include drainage arrangements, hardstanding areas, retained and new landscaping together with other associated development at","Parc Ffyniant / Prosperity Park, Caergybi/Holyhead",,,https://www.planit.org.uk/planapplic/Anglesey/OP/2025/2/,"Outline application. Outline with data centres, offices, R&D and battery storage; permitted",PlanIt,2026-10-09,2026-10-09,manual-review-2026-10-09,Anglesey OP/2025/2 (data centres + BESS),
UK:Fife/25/00552/PAN,UK,Fife,25/00552/PAN,2025-02-21,2025-03-13,Permitted,PAN Agreed,pre-application notice,true,hyperscale/campus,,,,,,,,,,,,,,,,"Proposal of Application Notice for data centre complex of data halls, cooling plant, electricity substations, emergency plant, gatehouse, access roads, parking, fencing, pond and associated landscaping and infrastructure",Land To The North Of Camilla Road Gleniston Auchtertool Fife,,,https://www.planit.org.uk/planapplic/Fife/25/00552/PAN/,,PlanIt,2026-10-09,2026-10-09,manual-review-2026-10-09,Fife 25/00552/PAN DC complex,
UK:Broxbourne/07/25/0160/DRC,UK,Broxbourne,07/25/0160/DRC,2025-02-18,,Undecided,,conditions discharge,true,hyperscale/campus,,,,,,,,,,,,,,,,"Application for the approval of details reserved by condition nos 9, 13 and 28 (landscaping, construction environmental management plan biodiversity and fencing and boundary treatments) of planning permission 07/18/1181/O and 07/21/0447/F to regularise the increased height of data centre and footprint of electricity substation and amend drawing label from site ground levels to existing ground levels)",Phase 4.2 Land at Maxwells Farm West Great Cambridge Road Cheshunt Hertfordshire,,,https://www.planit.org.uk/planapplic/Broxbourne/07/25/0160/DRC/,,PlanIt,2026-10-09,2026-10-09,manual-review-2026-10-09,Broxbourne 07/18/1181/O,
UK:Broxbourne/07/25/0161/DRC,UK,Broxbourne,07/25/0161/DRC,2025-02-18,,Undecided,,conditions discharge,true,hyperscale/campus,,,,,,,,,,,,,,,,"Application for the approval of details reserved by condition nos 8 , 12, 21, 25 and 27 (cycle parking scheme, construction traffic and environmental management plan, external lighting, car park management and allocation plan and parking and road/footpath details) of planning permission 07/18/1181/O and 07/21/0447/F to regularise the increased height of data centre and footprint of electricity substation and amend drawing label from site ground levels to existing ground levels)",Phase 4.2 Land at Maxwells Farm West Great Cambridge Road Cheshunt Hertfordshire,,,https://www.planit.org.uk/planapplic/Broxbourne/07/25/0161/DRC/,,PlanIt,2026-10-09,2026-10-09,manual-review-2026-10-09,Broxbourne 07/18/1181/O,
UK:Broxbourne/07/25/0159/DRC,UK,Broxbourne,07/25/0159/DRC,2025-02-18,,Undecided,,conditions discharge,true,hyperscale/campus,,,,,,,,,,,,,,,,Application for the approval of details reserved by condition nos 11 and 26 (surface water drainage scheme and sustainable drainage systems) of planning permission 07/18/1181/O and 07/21/0447/F to regularise the increased height of data centre and footprint of electricity substation and amend drawing label from site ground levels to existing ground levels),Phase 4.2 Land at Maxwells Farm West Great Cambridge Road Cheshunt Hertfordshire,,,https://www.planit.org.uk/planapplic/Broxbourne/07/25/0159/DRC/,,PlanIt,2026-10-09,2026-10-09,manual-review-2026-10-09,Broxbourne 07/18/1181/O,
IE:South Dublin County Council:SD25A/0035W,IE,South Dublin County Council,SD25A/0035W,2025-02-14,2025-04-10,Final Grant,Grant Permission,approved,true,ancillary to data centre,,,1384,,Microsoft Ireland Operations Limited,low (name only),portal applicant name (no company number),,,,Microsoft Ireland Operations Limited,,,,Microsoft,"The development of a Regional Network Gateway (RNG) facility (supporting infrastructure for the MS data centres) comprising the following:  • Construction of a single storey main building (RNG Building - c.1,124.3 sq.m) with air handling units (AHUs). • External plant/equipment yards including 3 no. diesel generators; sprinkler tank and pump house; electrical plant rooms, PV panels. • MV substation & Stormwater attenuation pond. • 12 no. car parking spaces (2 of which are EV parking spaces and with 1 accessible parking space).  Bike parking shelter and bin store. • New road access provided from adjoining permitted estate road (granted under SDCC Ref. SD24A/0107W) and including bridge over existing watercourse. • Internal road and footpath layout, perimeter fencing,  security gates and retaining wall. • Landscaped and planted areas including riparian corridor and swale.  • Temporary Construction compound and parking area (including temporary bridging of existing watercourse/field drain). • All associated site development works, site lighting, boundary treatments, services/utilities provision (including underground works), and all other ancillary works. Total gross floor area of the development c.1,384.2 sq.m","Lands at Castlebaggot, in the townland of Kilmactalway, Newcastle, Co. Dublin.",53.31282667338826,-6.459287239487249,https://planning.agileapplications.ie/southdublin/application-details/67712,"Full application. Regional Network Gateway serving Microsoft DCs; 1,384.2 sqm GFA; 3 diesel generators",IE National Planning Applications,2026-10-09,2026-10-09,manual-review-2026-10-09,"Microsoft Grange Castle campus DUB14/DUB15, South Dublin","[low] https://planningapi.agileapplications.ie/api/application/70427 (public API behind https://planning.agileapplications.ie/southdublin/application-details/70427) | applicant: ""Microsoft Operations Ireland Ltd."" || [low] https://planningapi.agileapplications.ie/api/application/69623 (public API behind https://planning.agileapplications.ie/southdublin/application-details/69623) | applicant: ""Microsoft Ireland Operations Limited"" || [low] https://planningapi.agileapplications.ie/api/application/67712 (public API behind https://planning.agileapplications.ie/southdublin/application-details/67712) | applicant: ""Microsoft Ireland Operations Ltd."""
UK:NorthLanarkshire/25/00150/PPP,UK,North Lanarkshire,25/00150/PPP,2025-02-11,,Undecided,,outline application,true,data centre (type not stated),,,,,DataVita,high (named in site address),known name,,,,,,,,DataVita,"Extension to Data Centre including Alterations, External Plant and Infrastructure, Watercourse Diversion, Biodiversity Enhancement, Access and Associated Development",DataVita Data Centre York Road Chapelhall North Lanarkshire ML6 8HW,,,https://www.planit.org.uk/planapplic/NorthLanarkshire/25/00150/PPP/,Extension to existing DataVita DC,PlanIt,2026-10-09,2026-10-09,manual-review-2026-10-09,"DataVita, Chapelhall, North Lanarkshire",
UK:Hillingdon/1331/APP/2025/299,UK,Hillingdon,1331/APP/2025/299,2025-02-07,2025-05-14,Permitted,,,false,not data centre,,,,,,,,,,,,,,,,"Non-material amendment to planning permission ref. 1331/APP/2021/751, dated 10-11-2021 (Section 73 application seeking a variation to Condition 61 (Approved Drawings) of planning permission ref: 1331/APP/2019/1666 dated 11-09-2020 (Section 73 application to vary Condition 9 (Residential Condition - Approved Plans) of planning permission ref: 1331/APP/2017/1883 dated 28/06/2018 (Part demolition of existing factory buildings and associated structures, and redevelopment to provide residential dwellings (Use Class C3), office, retail, community and leisure uses (Use Class A1/A3/A4/B1/B8/D1/D2), commercial floorspace (Use Classes B1c/B2/B8) and Data Centre (Sui Generis), amenity and playspace, landscaping, allotments, access, service yards, associated car parking and other engineering works) (as amended by application ref: 1331/APP/2020/50 dated 06/02/20)). The amendments to the approved plan proposed: Alteration to the elevations of Unit 4 involving 4 no. new loading docks (totalling 12 no. with 8 loading docks permitted by planning permission ref: 1331/APP/2017/1883 (as amended)), 1 no. roller door and 2 no. pedestrian doors, and the alteration to the dock pit, and minor alteration to internal layout to office.) to amend the Landscape Masterplan.",FORMER NESTLE FACTORY NESTLES AVENUE HAYES,,,https://www.planit.org.uk/planapplic/Hillingdon/1331/APP/2025/299/,Mixed-use factory redevelopment (DC one of many uses); NMA,PlanIt,2026-10-09,2026-10-09,manual-review-2026-10-09,,
UK:Newport/25/0089,UK,Newport,25/0089,2025-02-06,2025-03-13,Permitted,Approved,conditions discharge,true,data centre (type not stated),,,,2,MSFT MCIO LIMITED,low (address match; check title plan),evidence chain: registered proprietor (HM Land Registry); Companies House PSC chain,,Carter Jonas,09616816,MSFT MCIO LIMITED (09616816),CYM671910 (low); CYM770168 (low); CYM804925 (low),MSFT MCIO LIMITED (09616816) [low]; VANTAGE DATA CENTERS UK LIMITED (06132144) [low]; VANTAGE DATA CENTRES UK LIMITED (06132144) [low],,,PARTIAL DISCHARGE OF CONDITION 11 (MATERIALS) OF 24/0006 DEMOLITION OF REMAINDER OF EXISTING PRINCIPAL BUILDING AND REMAINING STRUCTURES AND CONSTRUCTION OF NEW DATA CENTRE (USE CLASS B8) ACROSS TWO MAIN BUILDINGS PLUS ANCILLARY STRUCTURES ANDS OTHER ASSOCIATED WORKS,Quinn Radiators Celtic Way Celtic Lakes Newport NP10 8FS,,,https://www.planit.org.uk/planapplic/Newport/25/0089/,,PlanIt,2026-10-09,2026-10-09,manual-review-2026-10-09,Newport 24/0006,"[low] registered proprietor (HM Land Registry): HM Land Registry CCOD/OCOD Oct 2026 address match: title CYM770168 ('Data Hall GF20 and GF21, NGD Celtic Technology Centre, Celtic Way, Newport (NP10 8BE)') proprietor MSFT MCIO LIMITED 09616816 || [low] registered proprietor (HM Land Registry) VANTAGE DATA CENTERS UK LIMITED (06132144): HM Land Registry CCOD/OCOD Oct 2026 address match: title CYM804925 ('First Floor, Phase 1, Hynix Fab. Building, Celtic Way, Newport (NP10 8BE)') proprietor VANTAGE DATA CENTERS UK LIMITED 06132144 || [low] registered proprietor (HM Land Registry) VANTAGE DATA CENTRES UK LIMITED (06132144): HM Land Registry CCOD/OCOD Oct 2026 address match: title CYM671910 ('Ground Floor, Hynix Fab. Building, Celtic Way, Celtic Lakes, Newport (NP10 8BE)') proprietor VANTAGE DATA CENTRES UK LIMITED 06132144"
UK:Rhondda/25/0138/FUL,UK,Rhondda,25/0138/FUL,2025-02-05,2025-05-12,Permitted,Approve,approved,true,data centre (type not stated),,,,,,,,,Savills,,,,,,,"Erection of a data centre building (Use Class B8) with associated electrical and mechanical plant equipment and substation, new vehicular access and associated landscaping and sustainable urban drainage proposals.",Land East Of A4119 Mwyndy Pontyclun Rhondda Cynon Taf,,,https://www.planit.org.uk/planapplic/Rhondda/25/0138/FUL/,Full application. DC building with substation; approved,PlanIt,2026-10-09,2026-10-09,manual-review-2026-10-09,Rhondda 25/0138/FUL,
UK:Harlow/HW/LDOC/25/00046,UK,Harlow,HW/LDOC/25/00046,2025-02-05,2025-03-05,Conditions,Confirmation of Compliance,lawful use / LDO certificate,true,hyperscale/campus,,,,4,Kao Data,medium (KLON building codes in records),known name (building codes),,Savills (UK) Ltd,,,,,,,"Four new data centres and security gatehouse with associated highways infrastructure, plant, landscaping works, parking and engineering operations (amendments to approved scheme ref: HW/LDO/16/00243).",South Redevelopment Site Harlow Campus London Road Harlow Essex,,,https://www.planit.org.uk/planapplic/Harlow/HW/LDOC/25/00046/,Four new data centres (amends HW/LDO/16/00243); LDO compliance,PlanIt,2026-10-09,2026-10-09,manual-review-2026-10-09,"Harlow Campus, London Road (Kao Data KLON)",
UK:Broxbourne/07/25/0113/DRC,UK,Broxbourne,07/25/0113/DRC,2025-02-05,2025-06-10,Conditions,DISCHARGE OF CONDITIONS,conditions discharge,true,hyperscale/campus,,,,,,,,,,,,,,,,Application for the approval of details reserved by condition no. 24 and 25 (Waste Management and Car Park Management and Allocation) of planning permission 07/23/0358/F(Variation of condition 3 approved plans of planning permission 07/18/1181/O and 07/21/0447/F to regularise the increased height of data centre and footprint of electricity substation and amend drawing label from site ground levels to existing ground levels),Phase 2 and 3 Land at Maxwells Farm West Great Cambridge Road Broxbourne,,,https://www.planit.org.uk/planapplic/Broxbourne/07/25/0113/DRC/,,PlanIt,2026-10-09,2026-10-09,manual-review-2026-10-09,Broxbourne 07/18/1181/O,
UK:Haringey/HGY/2024/2552,UK,Haringey,HGY/2024/2552,2025-02-03,2025-03-03,Permitted,Approve,lawful use / LDO certificate,true,data centre (type not stated),,,,,,,,,,,,,,,,Certificate of Lawfulness: Existing use for use of the property as B8 (Data Centre),"60-70 Clarendon Road Off Hornsey Park Road, Wood Green, London, N8 0DJ",,,https://www.planit.org.uk/planapplic/Haringey/HGY/2024/2552/,Lawful existing use as DC,PlanIt,2026-10-09,2026-10-09,manual-review-2026-10-09,Haringey existing DC,
UK:CentralBedfordshire/CB/25/00320/RM,UK,Central Bedfordshire,CB/25/00320/RM,2025-01-31,2025-07-29,Permitted,Reserved Matters- Granted,,false,not data centre,,,,,,,,,,,,,,,,"Reserved Matters: following Outline Application CB/12/03613/OUT (Outline planning permission with the details of access, appearance, landscaping, layout and scale reserved for later determination. Development to comprise: up to 5150 dwellings (Use Class C3); up to 202500 sqm gross of additional development in Use Classes: A1, A2, A3 (retail), A4 (public house), A5 (take away); B1, B2, B8 (offices, industrial, and storage and distribution); C1 (hotel), C2 (care home), D1 and D2 (community and leisure); car showroom; data centre; petrol filling station; car parking; primary substation; energy centre; and for the laying out of the buildings; routes and open spaces within the development; and all associated works and operations including but not limited to: demolition; earthworks; engineering operations. All development, works and operations to be in accordance with the Development Parameters Schedule and Plans.). Reserved matters for the appearance and finish of external features, including play equipment, spatial arrangement, street furniture, signage, for the key spaces in the areas known as Phase 3A and 3B of Masterplan Area 3.","Land to the North and East of Houghton Regis, Sundon Road, Houghton Regis",,,https://www.planit.org.uk/planapplic/CentralBedfordshire/CB/25/00320/RM/,"5,150-home mixed-use outline CB/12/03613/OUT lists data centre as one permitted use; not a DC application",PlanIt,2026-10-09,2026-10-09,manual-review-2026-10-09,,
UK:OldOakParkRoyal/25/0016/AODOPDC,UK,Old Oak Park Royal,25/0016/AODOPDC,2025-01-29,2025-03-24,Permitted,Approve,conditions discharge,true,data centre (type not stated),,,25000,,,,,,,,,,,,,"Details of condition 2 (Prior to First Use - Fencing) pursuant to planning permission 22/0142/REMOPDC for Reserved Matters Application with full details of access, layout, scale, appearance and landscaping pursuant to outline planning permission reference 20/0122/OUTOPDC dated 27/09/2022 for a data centre (Use Class B8), generator building, plant, sub-station, hard and soft landscaping and associated works.","37-39, North Acton Road, LONDON, NW10 6PF",,,https://www.planit.org.uk/planapplic/OldOakParkRoyal/25/0016/AODOPDC/,"Outline up to 25,000 sqm GEA",PlanIt,2026-10-09,2026-10-09,manual-review-2026-10-09,OPDC 20/0122/OUTOPDC,
UK:Glamorgan/2023/00780/2/CD,UK,Glamorgan,2023/00780/2/CD,2025-01-24,2025-03-06,Conditions,Conditions Partially Determined (Approved only),conditions discharge,true,data centre (type not stated),,,,,,,,,,,,,,,,"Partial Discharge of Condition 11.(CEMP) - Enabling Works Phase - for planning ref 2023/00780/FUL - Demolition of existing buildings/structures and erection of a Class B8 data centre with all associated back-up generators, plant, equipment, sub-stations, accesses, parking and servicing areas, drainage and engineering works including services diversion/connection and regrading works","Land North of Ffordd Bro Tathan, Bro Tathan, St Athan",,,https://www.planit.org.uk/planapplic/Glamorgan/2023/00780/2/CD/,,PlanIt,2026-10-09,2026-10-09,manual-review-2026-10-09,Vale of Glamorgan 2023/00780/FUL,
IE:Cork County Council:25/4033,IE,Cork County Council,25/4033,2025-01-17,2025-03-12,Application Closed                               ,Unconditional Permission      ,approved,true,data centre (type not stated),,,,2,,,,,,,,,,,,"2 no. data centre buildings on a site formerly occupied by Mitsui Denman. The proposed development provides for the construction of 2 no. data centre buildings as stand alone units (to be built in phases) including ancillary offices with associated structures including a substation building, waste compound, telecoms cabinet (PoP Cabinet) new access off the R623 to provide for independent access, car park, external generator & transformer areas to the west of the proposed data centre and all ancillary works. The proposal will modify part of permission granted under 16/5011, for a data centre development changing the permitted data centre building DC3 from 1 permitted building to 2 no. buildings and associated works. Extension of Duration to Permission granted under Planning Ref. No. 17/5895 & 22/6358.",Wallingstown Little Island Co. Cork,51.89867205913249,-8.366998720797834,https://planning.agileapplications.ie/corkcoco/application-details/?ref=25/4033,Full application. Two DC buildings replacing permitted DC3; extension of duration; unconditional permission,IE National Planning Applications,2026-10-09,2026-10-09,manual-review-2026-10-09,"Former Mitsui Denman site, Cork (25/4033)",
UK:Enfield/25/00169/OA,UK,Enfield,25/00169/OA,2025-01-15,2025-01-29,Permitted,No objection Raised - OA,consultation (neighbouring authority),true,hyperscale/campus,,,187000,,Laurel Developments & Consulting (promoter),low (CH name match to project label LDC1; applicant not published),Companies House manual search,,,12464369,LDC1 LIMITED > Laurel Developments & Consulting Limited,,,,,"Outline planning permission with all matters reserved (access, appearance, landscaping, layout and scale) for phased development of Data Centre (Use Class B8) comprising of up to 187,000 sqm GEA. Development to include ancillary offices, internal and external plant and equipment (including flues) and substation (external plant excluded from maximum floorspace). Provision of car parking; servicing areas; associated services (including waste, refuse, cycle storage, lighting); laying out building, routes and open spaces within the development. Development to include all associated works and operations including but not limited to: demolition; earthworks; provision of attenuation infrastructure, engineering operations. This application is for a phased development, each phase being an independent act of development, capable of coming forward in distinct and separable phases and/or plots in a severable way. Development shall be in accordance with the approved development parameters schedule and plans.",Land East Of South Mimms Services St Albans Road South Mimms Hertfordshire,,,https://www.planit.org.uk/planapplic/Enfield/25/00169/OA/,"Enfield consulted on outline up to 187,000 sqm GEA",PlanIt,2026-10-09,2026-10-09,manual-review-2026-10-09,"LDC1, land east of South Mimms Services, Hertsmere (24/1152/OUTEI)",
UK:Barnet/25/0171/NAC,UK,Barnet,25/0171/NAC,2025-01-14,,Undecided,,consultation (neighbouring authority),true,hyperscale/campus,,,187000,,Laurel Developments & Consulting (promoter),low (CH name match to project label LDC1; applicant not published),Companies House manual search,,Hertsmere Borough Council,12464369,LDC1 LIMITED > Laurel Developments & Consulting Limited,,,,,"Outline planning permission with all matters reserved (access, appearance, landscaping, layout and scale) for phased development of Data Centre (Use Class B8) comprising of up to 187,000 sqm GEA. Development to include ancillary offices, internal and external plant and equipment (including flues) and substation (external plant excluded from maximum floorspace). Provision of car parking; servicing areas; associated services (including waste, refuse, cycle storage, lighting); laying out building, routes and open spaces within the development. Development to include all associated works and operations including but not limited to: demolition; earthworks; provision of attenuation infrastructure, engineering operations. This application is for a phased development, each phase being an independent act of development, capable of coming forward in distinct and separable phases and/or plots in a severable way. Development shall be in accordance with the approved development parameters schedule and plans",Land East Of South Mimms Services St Albans Road South Mimms Hertfordshire,,,https://www.planit.org.uk/planapplic/Barnet/25/0171/NAC/,"Barnet consulted on outline up to 187,000 sqm GEA",PlanIt,2026-10-09,2026-10-09,manual-review-2026-10-09,"LDC1, land east of South Mimms Services, Hertsmere (24/1152/OUTEI)",
UK:Windsor/25/00057/CONDIT,UK,Windsor,25/00057/CONDIT,2025-01-10,2025-03-04,Conditions,Approve Discharge of Condition,,false,not data centre,,,,,,,,,,,,,,,,"Details required by Condition 13 (Public art strategy) of planning permission 21/02792/REM for a Reserved matters (appearance, landscaping, scale) pursuant to outline planning permission 16/03115/OUT Hybrid planning application comprising: 1) Application for full planning permission for the development of a new Elective Care Hospital and associated Admin Hub with associated parking, vehicle access, highway works, plant and landscaping 2) Application for full planning permission for the change of use of existing building to provide GP Practice, Office, Data Centre and Staff Restaurant in association with the Elective Care Hospital 3) Application for outline planning permission (access and layout determined with all other matters reserved for future consideration) for demolition of existing hospital and redevelopment of up to 250 dwellings with associated vehicle access and highway works 4) Application for full planning permission for the change of use of existing woodland to Suitable Alternative Natural Greenspace (SANG) in association with the outline residential planning permission.",Heatherwood Hospital London Road Ascot SL5 8AA,,,https://www.planit.org.uk/planapplic/Windsor/25/00057/CONDIT/,Hospital scheme; public art condition,PlanIt,2026-10-09,2026-10-09,manual-review-2026-10-09,,
UK:Hillingdon/38421/APP/2025/48,UK,Hillingdon,38421/APP/2025/48,2025-01-08,2025-02-25,Permitted,,conditions discharge,true,hyperscale/campus,,,,2,COLT DATA CENTRE SERVICES UK LIMITED,low (address match; check title plan),evidence chain: registered proprietor (HM Land Registry); Companies House PSC chain,,,13085639,HDCI HAYES LONDON LIMITED (13085639) > COLT DATA CENTRE SERVICES UK LIMITED (07306352),AGL3693 (low),HDCI HAYES LONDON LIMITED (13085639) [low],,,"Section 96a application for Non-Material Amendment to planning permission reference 38421/APP/2021/4045, dated 25-11-2022 (Redevelopment of the site to deliver data centre campus including: two data centre buildings (Use Class B8); associated energy and electricity infrastructure, buildings, and plant; security gatehouse, systems and enclosures; works to the highway, car parking and cycle parking; hard and soft landscaping; as well as associated infrastructure, ancillary office use, and associated external works) to amend Condition 2 (Accordance with Approved Plans) and including amendments to fuel store.",LAND AT TUDOR WORKS BEACONSFIELD ROAD HAYES,,,https://www.planit.org.uk/planapplic/Hillingdon/38421/APP/2025/48/,Two DC buildings,PlanIt,2026-10-09,2026-10-09,manual-review-2026-10-09,Hillingdon 38421/APP/2021/4045 campus,"[low] registered proprietor (HM Land Registry): HM Land Registry CCOD/OCOD Oct 2026 address match: title AGL3693 ('Unit 7, Tudor Works, Beaconsfield Road, Hayes UB4 0SL') proprietor HDCI HAYES LONDON LIMITED 13085639 || https://find-and-update.company-information.service.gov.uk/company/13085639 | HDCI HAYES LONDON LIMITED PSC: Colt Data Centre Services Uk Limited (07306352 United Kingdom) notified 2022-08-25"
UK:Hillingdon/71554/APP/2025/47,UK,Hillingdon,71554/APP/2025/47,2025-01-08,2025-03-19,Permitted,,approved,true,ancillary to data centre,,,,,,,,,,,,,,,,Redevelopment of the site to deliver a substation in connection with the permitted and emerging Data Centre Campus.,UNIT 1 HEATHROW INTERCHANGE BULLSBROOK ROAD HAYES,,,https://www.planit.org.uk/planapplic/Hillingdon/71554/APP/2025/47/,Full application. Substation for permitted and emerging DC campus; permitted,PlanIt,2026-10-09,2026-10-09,manual-review-2026-10-09,Hillingdon 71554 substation for DC campus,
UK:Hillingdon/18399/APP/2025/16,UK,Hillingdon,18399/APP/2025/16,2025-01-03,2025-09-01,Permitted,,amendment/variation,true,data centre (type not stated),,,,,VIRTUS HOLDCO LIMITED,high,evidence chain: named as Leasehold Owner in legal agreement; Companies House PSC chain,,,12698361,VIRTUS LONDON 14 LIMITED (12698361) > VIRTUS SAUNDERTON CAMPUS LIMITED (15421619) > VIRTUS DATA CENTRES PROPERTIES 2 LIMITED (15421451) > VIRTUS DATA CENTRES PROPERTIES LIMITED (09840065) > VIRTUS HOLDCO LIMITED (07670473),AGL190531; AGL594704; AGL433914 (low),PROLOGIS UK 79 LIMITED (14321098) [high]; VIRTUS LONDON 14 LIMITED (12698361) [high]; VIRTUS LONDON 5 LIMITED (10675163) [low],"Crédit Agricole Corporate and Investment Bank, Broadwalk House, 5 Appold Street, London EC2A 2DA, as Security Agent (As Security Trustee for Each of the Secured Parties)",,"An application submitted under Section 73 of the Town and Country Planning Act 1990 to vary Conditions 2 (Approved Drawings) and 3 (Compliance with supporting documentation) of planning permission reference 18399/APP/2022/411, dated 03-05-2023 (Installation of plant and equipment to unit DC6 including external plant equipment, external louvres and associated security fencing and landscaping, to facilitate use of the building as a data centre) to make changes to the design of the development.",UNIT D Prologis Park STOCKLEY ROAD WEST DRAYTON UB7 9FN,,,https://www.planit.org.uk/planapplic/Hillingdon/18399/APP/2025/16/,S73 design changes approved,PlanIt,2026-10-09,2026-10-09,manual-review-2026-10-09,Hillingdon unit DC6 (18399),"[high] named as Leasehold Owner in legal agreement: https://planning.hillingdon.gov.uk/OcellaWeb/viewDocument?file=dv_pl_files%5C18399_APP_2025_16%5CDeed+of+Variation+Section+106A+UB7+9FN.pdf&module=pl | ""e Freehold Owner'); VIRTUS LONDON 14 LIMITED incorporated and registered in England and Wales with company number 12698361 whose registered of"" || https://find-and-update.company-information.service.gov.uk/company/12698361 | VIRTUS LONDON 14 LIMITED PSC: Virtus Saunderton Campus Limited (15421619 England) notified 2026-09-22 || https://find-and-update.company-information.service.gov.uk/company/15421619 | VIRTUS SAUNDERTON CAMPUS LIMITED PSC: Virtus Data Centres Properties 2 Limited (15421451 England) notified 2024-01-17 || https://find-and-update.company-information.service.gov.uk/company/15421451 | VIRTUS DATA CENTRES PROPERTIES 2 LIMITED PSC: Virtus Data Centres Properties Limited (09840065 United Kingdom) notified 2026-09-22 || https://find-and-update.company-information.service.gov.uk/company/09840065 | VIRTUS DATA CENTRES PROPERTIES LIMITED PSC: Virtus Holdco Limited (07670473 England) notified 2016-04-06 || https://find-and-update.company-information.service.gov.uk/company/12698361/charges/SlGN5xXY4EyWaJtZrEeSXFw8JVE | charge 2026-09-22 (outstanding) to Crédit Agricole Corporate and Investment Bank, Broadwalk House, 5 Appold Street, London EC2A 2DA, as Security Agent (As Security Trustee for Each of the Secured Parties); titles AGL594704 || https://find-and-update.company-information.service.gov.uk/company/12698361/charges/7pLX0a1KL0xqfbD1Fe8Y2e7miNA | charge 2023-08-11 (fully-satisfied) to Standard Chartered Bank (Hong Kong) Limited as Security Agent and Security Trustee for the Secured Parties; titles AGL190531, MR01 || https://find-and-update.company-information.service.gov.uk/company/12698361/charges/TjVKsfvln28_CTMiRPEZCLNIoIg | charge 2023-08-11 (fully-satisfied) to Standard Chartered Bank (Hong Kong) Limited as Security Agent and Security Trustee for the Secured Parties || [high] named as Freehold Owner in legal agreement PROLOGIS UK 79 LIMITED (14321098): https://planning.hillingdon.gov.uk/OcellaWeb/viewDocument?file=dv_pl_files%5C18399_APP_2025_16%5CDeed+of+Variation+Section+106A+UB7+9FN.pdf&module=pl | ""UW ('the Council'); PROLOGIS UK 79 LIMITED incorporated and registered in England and Wales with company number 14321098 whose registered of"" || [high] registered proprietor (HM Land Registry) PROLOGIS UK 79 LIMITED (14321098): HM Land Registry CCOD/OCOD Oct 2026: title AGL190531 (Freehold, 'Plot C, Prologis Park, Stockley Road, Hayes') proprietor PROLOGIS UK 79 LIMITED 14321098; title cited at https://planning.hillingdon.gov.uk/OcellaWeb/viewDocument?file=dv_pl_files%5C18399_APP_2025_16%5CDeed+of+Variation+Section+106A+UB7+9FN.pdf&module=pl | ""bligations in this Deed are enforceable B The Freehold Owner has a freehold legal interest in the Land registered under Title Number AGL190531 at the Land Registry and the Leasehold Owner has a leasehold interest in the Land registered under Title Number AGL59470"" || [high] registered proprietor (HM Land Registry) VIRTUS LONDON 14 LIMITED (12698361): HM Land Registry CCOD/OCOD Oct 2026: title AGL594704 (Leasehold, 'Dc6, Prologis Park, Stockley Road, Hayes') proprietor VIRTUS LONDON 14 LIMITED 12698361; title cited at https://planning.hillingdon.gov.uk/OcellaWeb/viewDocument?file=dv_pl_files%5C18399_APP_2025_16%5CDeed+of+Variation+Section+106A+UB7+9FN.pdf&module=pl | ""tle Number AGL190531 at the Land Registry and the Leasehold Owner has a leasehold interest in the Land registered under Title Number AGL594704 at the Land Registry subject to a legal charge entered into between the Leaseholder and the Mortgagee dated 11' August 2"" || [low] registered proprietor (HM Land Registry) VIRTUS LONDON 5 LIMITED (10675163): HM Land Registry CCOD/OCOD Oct 2026 address match: title AGL433914 ('DC2 Prologis Park West London, Horton Road, West Drayton') proprietor VIRTUS LONDON 5 LIMITED 10675163"
UK:Hertsmere/25/0002/ADJ,UK,Hertsmere,25/0002/ADJ,2025-01-02,2025-01-21,Permitted,Raise No Objections,consultation (neighbouring authority),possible,data centre (type not stated),,,,,,,,,,,,,,,,"Reserved matters pursuant to planning permission 5/22/2966 for 'Outline application (access sought) for the demolition of existing buildings and the development of 7.57ha to provide flexible commercial/employment space falling within either Class B8 (Storage and Distribution) or a data centre and strategic landscaping with matters of access, layout, scale, appearance and other landscaping reserved.' Reference: PRE/2024/0028. (Adjacent Authority application)",Units 4 To 5 Riverside Industrial Estate London Colney Bypass London Colney Hertfordshire AL2 1AY,,,https://www.planit.org.uk/planapplic/Hertsmere/25/0002/ADJ/,Flexible B8 or DC; DC not certain,PlanIt,2026-10-09,2026-10-09,manual-review-2026-10-09,St Albans 5/2022/2966 (7.57ha B8 or DC),
UK:MiltonKeynes/PLN/2024/2768,UK,Milton Keynes,PLN/2024/2768,2024-12-23,2025-01-31,Permitted,EIA required,EIA screening/scoping,true,data centre (type not stated),,,,,,,,,,,,,,,,"The construction of an energy centre, data centre and associated structures and an associated piped distribution network","Land off Rockingham Drive, Linford Wood, Milton Keynes",,,https://www.planit.org.uk/planapplic/MiltonKeynes/PLN/2024/2768/,"Energy centre, DC and heat distribution network; EIA required",PlanIt,2026-10-09,2026-10-09,manual-review-2026-10-09,Milton Keynes energy centre + DC (PLN/2024/2768),
UK:Hillingdon/75111/APP/2024/3327,UK,Hillingdon,75111/APP/2024/3327,2024-12-20,2025-05-01,Permitted,,amendment/variation,true,data centre (type not stated),,,,,REAL ESTATE VENTURE CAPITAL PARTNERS LLP (individual PSC: Mr Andrew John Pettit),high,evidence chain: named as First Owner in legal agreement; Companies House PSC chain,,,14585794,ARK UP4 LIMITED (14585794) > UP4 HOLDINGS LIMITED (14919643) > ARK ESTATES 2 LIMITED (12113969) > REVCAP PROPERTIES 25 LIMITED (05395063) > REVCAP UK HOLDINGS LIMITED (04995163) > LUMLEY PROPERTIES HOLDINGS LIMITED (13856087) > REAL ESTATE VENTURE CAPITAL PARTNERS 1 LLP (OC307140) > REAL ESTATE VENTURE CAPITAL PARTNERS LLP (OC307139),AGL603378; AGL63366; AGL73971; FW03; RE03; AGL32414 (low); AGL568647 (low); AGL568658 (low); AGL601577 (low),ARK ESTATES 2 LIMITED (12113969) [high]; ARK UP1 LIMITED (14111586) [low]; ARK UP2 LIMITED (14111543) [low]; ARK UP3 LIMITED (14551933) [low]; ARK UP4 LIMITED (14585794) [high]; SEGRO (HAYES) LIMITED (09732093) [low],,,"Section 96a application for Non-Material Amendment to planning permission reference 75111/APP/2020/1955, dated 15-04-2021 (Site clearance and preparation, including the demolition of remaining buildings, and the redevelopment of the site to provide: a new data centre (Use Class B8), two MV Energy Centres (including stand-by generation plant and gas storage), a HV Sub-Station, a visitor reception centre, plant, the creation of a new footpath and cycleway link to the canal towpath, works to the highway, car parking, cycle parking, associated infrastructure, enclosures and necessary physical security systems, hard and soft landscaping (including works to the River Crane) and ancillary uses, as well as associated external works (as amended by NMA application references 75111/APP/2021/1601 dated 28/05/21, 75111/APP/2021/3607 dated 20/10/21, 75111/APP/2022/2049 dated 10-08-22, 75111/APP/2022/3012 dated 21/11/22, 75111/APP/2023/3024 dated 30/10/23, and 75111/APP/2023/3071 dated 23/11/23) to amend Condition 2 (Accordance with Approved Plans), including amendments to Data Centre Blocks 2 and 3.",Land at Bulls Bridge Industrial Estate NORTH HYDE GARDENS HAYES UB3 4QQ,,,https://www.planit.org.uk/planapplic/Hillingdon/75111/APP/2024/3327/,NMA,PlanIt,2026-10-09,2026-10-09,manual-review-2026-10-09,"Union Park, Hayes (Hillingdon 75111/APP/2020/1955)","[high] named as First Owner in legal agreement: https://planning.hillingdon.gov.uk/OcellaWeb/viewDocument?file=dv_pl_files%5C75111_APP_2025_739%5CUnion+Park+UP4+North+Hyde+Gardens+-+s106+-+10+August+26.pdf&module=pl | ""ef: 26310 E-Sign ID: f£223c26f-be10-41ea-a239-2fe8fdceedea THIS PLANNING OBLIGATION BY DEED is dated 10 August 2026 and is made BETWEEN: A. ARK UP4 LIMITED (Co Reg No.14585794) whose registered office is situated at Spring Park, Westwells Road, Corsham, Wiltshire, United Kingdom, SN13 9GB ('the Firs"" || https://find-and-update.company-information.service.gov.uk/company/14585794 | ARK UP4 LIMITED PSC: Up4 Holdings Limited (14919643 England) notified 2023-06-19 || https://find-and-update.company-information.service.gov.uk/company/14919643 | UP4 HOLDINGS LIMITED PSC: Ark Estates 2 Limited (12113969 United Kingdom) notified 2023-06-07 || https://find-and-update.company-information.service.gov.uk/company/12113969 | ARK ESTATES 2 LIMITED PSC: Revcap Properties 25 Limited (05395063 England) notified 2019-07-19 || https://find-and-update.company-information.service.gov.uk/company/05395063 | REVCAP PROPERTIES 25 LIMITED PSC: Revcap Uk Holdings Limited (04995163 England) notified 2016-04-18 || https://find-and-update.company-information.service.gov.uk/company/04995163 | REVCAP UK HOLDINGS LIMITED PSC: Lumley Properties Holdings Limited (13856087 England) notified 2022-03-14 || https://find-and-update.company-information.service.gov.uk/company/13856087 | LUMLEY PROPERTIES HOLDINGS LIMITED PSC: Real Estate Venture Capital Partners 1 Llp (OC307140 United Kingdom) notified 2022-01-18 || https://find-and-update.company-information.service.gov.uk/company/OC307140 | REAL ESTATE VENTURE CAPITAL PARTNERS 1 LLP PSC: Real Estate Venture Capital Partners Llp (OC307139 England) notified 2016-04-18 || [high] registered proprietor (HM Land Registry) ARK UP4 LIMITED (14585794): HM Land Registry CCOD/OCOD Oct 2026: title AGL603378 (Leasehold, 'Block 4, Union Park, North Hyde Gardens, Hayes') proprietor ARK UP4 LIMITED 14585794; title cited at https://planning.hillingdon.gov.uk/OcellaWeb/viewDocument?file=dv_pl_files%5C75111_APP_2025_739%5CUnion+Park+UP4+North+Hyde+Gardens+-+s106+-+10+August+26.pdf&module=pl | ""bligations in this Agreement are enforceable. 1.2 The First Owner has a leasehold interest in the Site registered under Title Number AGL603378 at the Land Registry. 1.3 The Second Owner has a freehold interest in the Site registered under Title Numbers AGL73971 a"" || [high] registered proprietor (HM Land Registry) ARK ESTATES 2 LIMITED (12113969): HM Land Registry CCOD/OCOD Oct 2026: title AGL73971 (Freehold, 'Land at Bulls Bridge, Hayes') proprietor ARK ESTATES 2 LIMITED 12113969; title cited at https://planning.hillingdon.gov.uk/OcellaWeb/viewDocument?file=dv_pl_files%5C75111_APP_2025_739%5CUnion+Park+UP4+North+Hyde+Gardens+-+s106+-+10+August+26.pdf&module=pl | ""Title Number AGL603378 at the Land Registry. 1.3 The Second Owner has a freehold interest in the Site registered under Title Numbers AGL73971 and AGL63366 at the Land Registry. 1.4 On 18 March 2025, the First Owner submitted the Planning Application to the Council for permis"" || [low] registered proprietor (HM Land Registry) SEGRO (HAYES) LIMITED (09732093): HM Land Registry CCOD/OCOD Oct 2026 address match: title AGL32414 ('land on the north side of Segro Industrial Park, North Hyde Gardens, Hayes (UB3 4FR)') proprietor SEGRO (HAYES) LIMITED 09732093 || [low] registered proprietor (HM Land Registry) ARK UP3 LIMITED (14551933): HM Land Registry CCOD/OCOD Oct 2026 address match: title AGL601577 ('Block 3, Union Park, North Hyde Gardens, Hayes') proprietor ARK UP3 LIMITED 14551933 || [low] registered proprietor (HM Land Registry) ARK UP1 LIMITED (14111586): HM Land Registry CCOD/OCOD Oct 2026 address match: title AGL568647 ('land on the north side of North Hyde Gardens, Hayes') proprietor ARK UP1 LIMITED 14111586"
UK:Hart/24/02477/NMMA,UK,Hart,24/02477/NMMA,2024-12-20,2025-01-16,Permitted,Grant,amendment/variation,true,data centre (type not stated),,,,,,,,,Savills,,,,,,,"Amendments to roof- top plant, connecting structure, positioning of water tank and installation of electric vehicle charging points pursuant to 21/01886/FUL Erection of an extension to A105 Data Centre, a visitor reception centre, water treatment plant, reconfiguration of car park, drainage infrastructure, landscaping and associated works.",Business Park Ively Road Farnborough,,,https://www.planit.org.uk/planapplic/Hart/24/02477/NMMA/,Extension to existing A105 DC,PlanIt,2026-10-09,2026-10-09,manual-review-2026-10-09,Hart A105 data centre extension (21/01886/FUL),
UK:CentralBedfordshire/CB/24/03683/DOC,UK,Central Bedfordshire,CB/24/03683/DOC,2024-12-19,2025-03-03,Conditions,Discharge of Condition Decision Released,,false,not data centre,,,,,,,,,,,,,,,,"Discharge of Condition 2 against planning permission CB/23/03987/RM (Reserved Matters: following Outline Application CB/12/03613/OUT (Outline planning permission with the details of access, appearance, landscaping, layout and scale reserved for later determination. Development to comprise: up to 5,150 dwellings (Use Class C3); up to 202,500 sqm gross of additional development in Use Classes: A1, A2, A3 (retail), A4 (public house), A5 (take away); B1, B2, B8 (offices, industrial and storage and distribution); C1 (hotel), C2 (care home), D1 and D2 (community and leisure); car showroom; data centre; petrol filling station; car parking; primary substation; energy centre; and for the laying out of the buildings; routes and open spaces within the development; and all associated works and operations including but not limited to: demolition; earthworks; engineering operations. All development, works and operations to be in accordance with the Development Parameters Schedule and Plans.) Reserved matters approval sought for layout, scale, appearance, landscaping and access relating to Local Centre Parcel, Phase 1)","Local Centre Parcel Phase 1 Linmere, Waterslade Way and Lime Tree Drive, Houghton Regis, LU5 7AS",,,https://www.planit.org.uk/planapplic/CentralBedfordshire/CB/24/03683/DOC/,"5,150-home mixed-use outline CB/12/03613/OUT lists data centre as one permitted use; not a DC application",PlanIt,2026-10-09,2026-10-09,manual-review-2026-10-09,,
IE:Louth County Council:24226,IE,Louth County Council,24226,2024-12-19,2025-05-29,APPLICATION FINALISED,CONDITIONAL,approved,true,enterprise,,,2413,,,,,,,,,,,,,"Permission for a change of use of part of the building (2413sqm) from existing Telephone Exchange use to complementary information, communications and telecoms data centre use;  Internal reconfiguration of the existing building to facilitate data storage floorspace and ancillary uses and associated alterations to the north, east, south and west elevations, including modifications to door and window positions and sizes, removal and relocation of openings, the incorporation of louvers on existing, enlarged and new openings and the repositioning of the loading bay ramp on eastern elevation; Provision of 2 no. flue stacks measuring c.17m in height above ground level (southern elevation); Replacement of an existing flue stack of c. 17m height above ground level centrally located on the southern elevation with a flue stack of the same height and a diameter of 2.3m; Provision of an additional enclosed plant yard compound of 208sqm to accommodate condenser chillers, resulting in the loss of 10 no. car parking spaces (a reduction in total number of car parking spaces from 36 no. to 26 no. spaces); Provision of a new external single storey storage shed (27 sqm); Replacement of existing palisade fence with acoustic screening, increasing the overall fence height from 2.4m to 4.0m, and provision of a roof structure to cover the existing (currently under construction under Reg. Ref. 22/240) and proposed external plant yard compounds;  Provision of 5 no. additional enclosed biodiesel (HVO) standby generators; Provision of fenced plant yard compound (325sqm) comprising of 6 no. backup battery modules (It is noted that this element of the proposed development is also subject to a concurrent application to Louth County Council under LCC Reg. Ref. 24/214); Extension of the existing plant area at roof level by 254sqm, to accommodate generator radiators, and the provision of an associated walkway and guardrail to provide access to and enclose the proposed plant area; Provision of 6 no. bicycle parking spaces; Provision of 2 no. fuel tanks at ground level and overhead pipe bridge connecting to the existing building; Provision of a water tank at ground floor level contiguous to the western elevations; The removal and replacement of a door on the eastern elevation and a new door replacing an existing window on the northern elevation; and all associated site and development works and landscaping, all on site of c. 0.633 ha","Eir Telephone Exchange , Patrick Street , Drogheda Co Louth",53.7188367892792,-6.354834634174644,http://www.eplanning.ie/LouthCC/AppFileRefDetails/24226/0,"Full application. 2,413 sqm of telephone exchange converted to telecoms DC; HVO generators",IE National Planning Applications,2026-10-09,2026-10-09,manual-review-2026-10-09,Louth 24226 telephone exchange conversion,
UK:Slough/P/10076/013,UK,Slough,P/10076/013,2024-12-17,2026-06-10,Permitted,Approved by Secretary of State,approved,true,data centre (type not stated),,,,,,,,,,,,,,,,"Demolition of existing buildings and redevelopment to comprise a Data Centre (Use Class B8) and Battery Energy Storage System (BESS) with ancillary substation, offices, associated plant, emergency backup generators and associated fuel storage, landscaping, sustainable drainage systems, car and cycle parking, and new and amended vehicular and emergency access from Poyle Road and other associated works.","Land at Manor Farm and land north of Wraysbury Reservoir, Slough",,,https://www.planit.org.uk/planapplic/Slough/P/10076/013/,Earlier scheme: DC + BESS approved by Secretary of State (Dec 2024),PlanIt,2026-10-09,2026-10-09,manual-review-2026-10-09,"Manor Farm, Poyle Road, Slough",
UK:Basildon/24/01460/SCREEN,UK,Basildon,24/01460/SCREEN,2024-12-16,2025-03-04,Withdrawn,Closed,EIA screening/scoping,true,data centre (type not stated),,,,,,,,,,,,,,,,"EIA Screening Opinion - for a proposed data centre and ancillary infrastructure, on land south of Nevendon Road, Wickford.",Land Junction With Old Nevendon Road Wickford Essex,,,https://www.planit.org.uk/planapplic/Basildon/24/01460/SCREEN/,Withdrawn,PlanIt,2026-10-09,2026-10-09,manual-review-2026-10-09,"Nevendon Road, Wickford (Basildon)",
UK:Aberdeen/241453/DPP,UK,Aberdeen,241453/DPP,2024-12-16,2025-02-03,Permitted,Approve Conditionally,approved,true,edge/small,,,,,,,,,Murray Planning Associates Ltd,,,,,,,"Erection of data centre cabin and associated generator, 6no air conditioning units, formation of steps, raised walkway and all other associated works",Land At Quarry Road Aberdeen AB16 5UU,,,https://www.planit.org.uk/planapplic/Aberdeen/241453/DPP/,Full application. Cabin DC with generator,PlanIt,2026-10-09,2026-10-09,manual-review-2026-10-09,Aberdeen DC cabin,
UK:Slough/SMI/2024/13,UK,Slough,SMI/2024/13,2024-12-12,2025-04-23,Permitted,No Comments Made,consultation (neighbouring authority),true,data centre (type not stated),,,,,,,,,,,,,,,,"Outline planning application (all matters reserved except for Access) for demolition of existing buildings and structures and construction of commercial buildings to comprise data centre use, including ancillary office space and associated plant, equipment and backup generation, car parking, landscaping, new vehicular access and new emergency access route","Thorney Business Park, Thorney Lane North, Iver, Buckinghamshire",,,https://www.planit.org.uk/planapplic/Slough/SMI/2024/13/,Slough record of 2024 outline,PlanIt,2026-10-09,2026-10-09,manual-review-2026-10-09,"Thorney Business Park, Iver (PL/25/4316/FA)",
UK:Bucks/PL/24/3532/OA,UK,Buckinghamshire,PL/24/3532/OA,2024-12-11,,Undecided,,outline application,true,data centre (type not stated),,,,,,,,,Savills,,,,,,,"Outline planning application (all matters reserved except for Access) for demolition of existing buildings and structures and construction of commercial buildings to comprise data centre use, including ancillary office space and associated plant, equipment and backup generation, car parking, landscaping, new vehicular access and new emergency access route.",Thorney Business Park Thorney Lane North Iver Buckinghamshire,,,https://www.planit.org.uk/planapplic/Bucks/PL/24/3532/OA/,2024 outline for DC use,PlanIt,2026-10-09,2026-10-09,manual-review-2026-10-09,"Thorney Business Park, Iver (PL/25/4316/FA)",
UK:TowerHamlets/PA/24/01932/A1,UK,Tower Hamlets,PA/24/01932/A1,2024-12-10,2025-12-24,Permitted,Permit,approved,true,data centre (type not stated),,,,,,,,,Rapleys LLP,,,,,,,"Erection of east and west extensions to existing data centre building, alterations to the north and south façades, infill of reception atrium, installation of new flues and plant, upgrade of rooftop chillers and other associated works including landscaping, cycle parking and lighting","Global Switch House, 3 Nutmeg Lane, London, E14 2AX",,,https://www.planit.org.uk/planapplic/TowerHamlets/PA/24/01932/A1/,Full application. East and west extensions to existing DC; permitted,PlanIt,2026-10-09,2026-10-09,manual-review-2026-10-09,Tower Hamlets PA/24/01932 DC extension,
UK:Broxbourne/07/24/0965/CONRV,UK,Broxbourne,07/24/0965/CONRV,2024-12-10,,Undecided,,amendment/variation,true,hyperscale/campus,,,,,,,,,,,,,,,,"Application for removal or variation of condition following the grant of planning permission: Proposed variation of condition no.1 (approved plans) of planning permission 07/23/0361/RM (Reserved matters application for appearance, landscaping and layout for Phase 3 of outline planning permission 07/18/1181/O which was varied by 07/21/0447/F and 07/23/0358/F for Data Centre and associated works revised plans include elevations for office building and additional plans throughout)",Land at Maxwells Farm West Great Cambridge Road Broxbourne,,,https://www.planit.org.uk/planapplic/Broxbourne/07/24/0965/CONRV/,Variation to Phase 3 reserved matters,PlanIt,2026-10-09,2026-10-09,manual-review-2026-10-09,Broxbourne 07/18/1181/O,
UK:Neath/P2024/0791,UK,Neath,P2024/0791,2024-12-09,2025-03-20,Permitted,Not EIA Development,EIA screening/scoping,true,data centre (type not stated),,,,,,,,,,,,,,,,Request for Screening opinion under Regulation 6 of the Town and Country Planning (Environmental Impact Assessment) (Wales) Regulations 2017 for the erection of a proposed data centre.,Tyn-y-caeau Margam Road Margam Neath Port Talbot SA13 2NW,,,https://www.planit.org.uk/planapplic/Neath/P2024/0791/,Not EIA development,PlanIt,2026-10-09,2026-10-09,manual-review-2026-10-09,Neath DC at Western Wood Biomass Plant,
UK:Bucks/24/07967/OUT,UK,Buckinghamshire,24/07967/OUT,2024-12-09,,Undecided,,outline application,true,data centre (type not stated),,,,,,,,,,,,,,,,"Outline application (including details of principal means of access off Marlow Road) for a data centre development (Use Class B8) including ancillary offices, associated infrastructure and landscaping",Land At South Corner Wycombe Air Park Clay Lane Booker Buckinghamshire,,,https://www.planit.org.uk/planapplic/Bucks/24/07967/OUT/,,PlanIt,2026-10-09,2026-10-09,manual-review-2026-10-09,"Wycombe Air Park, Booker (Bucks 24/07967/OUT)",
UK:Swindon/S/OUT/24/1427,UK,Swindon,S/OUT/24/1427,2024-12-09,2026-01-15,Permitted,Granted Permission,approved,possible,data centre (type not stated),,,,,,,,,CarneySweeney,,,,,,,"Outline application for employment units (Use Class B8 (including Data Centres), B2 and or E (g) (iii)), along with all associated engineering and site clearance (Access not reserved).",The Oasis Leisure Centre Hawksworth Way Swindon SN2 1EP,,,https://www.planit.org.uk/planapplic/Swindon/S/OUT/24/1427/,"Outline application. B8 ""including data centres""; DC not certain",PlanIt,2026-10-09,2026-10-09,manual-review-2026-10-09,Swindon S/OUT/24/1427 employment units,
UK:Salford/PA/2024/1810,UK,Salford,PA/2024/1810,2024-12-06,2025-07-23,Conditions,Approve with Conditions,approved,true,data centre (type not stated),,,,,,,,,,,,,,,,"Demolition of all existing structures, land remediation and redevelopment for an employment scheme including the erection of a data centre (class B8) and ancillary office (class E), alongside substations, plant, and associated parking, servicing, landscaping, access and other associated works.","Former White's Reclamation Site, Liverpool Road, Eccles, M30 7LJ",,,https://www.planit.org.uk/planapplic/Salford/PA/2024/1810/,Full application. Approved,PlanIt,2026-10-09,2026-10-09,manual-review-2026-10-09,"Former White's Reclamation, Eccles (Salford PA/2024/1810)",
UK:NorthTyneside/24/01602/ADJLPA,UK,North Tyneside,24/01602/ADJLPA,2024-12-02,2025-01-02,Permitted,No Objection adjacent LA consultation,consultation (neighbouring authority),true,hyperscale/campus,,,540000,10,RENAISSANCE LAND LIMITED (individual PSC: Stephen Schwarzman),high,evidence chain: named as Owner in legal agreement; Companies House PSC chain,,,14433976,RENAISSANCE LAND LIMITED (14433976),ND115455; ND116185; ND210681,RENAISSANCE LAND LIMITED (14433976) [high],,,"For the erection of up to ten data centre buildings of Class B8 use totalling up to 540,000 square metres (sqm) gross internal area (GIA) in addition to ancillary structures, substation, emergency generators and other associated works",Land At Former Power Station Site On Northern Side Of Cambois Northumberland,,,https://www.planit.org.uk/planapplic/NorthTyneside/24/01602/ADJLPA/,North Tyneside consulted,PlanIt,2026-10-09,2026-10-09,manual-review-2026-10-09,"Cambois data centre campus, Northumberland","[high] named as Owner in legal agreement: https://publicaccess.northumberland.gov.uk/online-applications/files/04DA9578A88BD9B2EEAD899048FF31B5/pdf/24_04112_OUTES-S106-2847648.pdf | ""e Council'); and 2. RENAISSANCE LAND LIMITED incorporated and registered in England and Wales with company number 14433976 whose registered of"" || [high] registered proprietor (HM Land Registry) RENAISSANCE LAND LIMITED (14433976): HM Land Registry CCOD/OCOD Oct 2026: title ND116185 (Freehold, 'Blyth Power Station, Cambois, Blyth') proprietor RENAISSANCE LAND LIMITED 14433976; title cited at https://publicaccess.northumberland.gov.uk/online-applications/files/04DA9578A88BD9B2EEAD899048FF31B5/pdf/24_04112_OUTES-S106-2847648.pdf | ""d are enforceable. B. The Owner is the registered freehold proprietor of the Site registered at the Land Registry under title numbers ND116185; ND210681; and ND115455. C. The Owner submitted the Application to the Council in respect of the Development of the Application Land which was"" || [low] portal applicant (name only): https://publicaccess.northumberland.gov.uk/online-applications/applicationDetails.do?keyVal=TKF3ESQSGWV00&activeTab=details | Applicant Name: ""Renaissance Land Limited"" || [low] portal applicant (name only): https://publicaccess.northumberland.gov.uk/online-applications/applicationDetails.do?keyVal=TJWMVVQSGMV00&activeTab=details | Applicant Name: ""Renaissance Land Limited"""
UK:CentralBedfordshire/CB/24/03450/NMA,UK,Central Bedfordshire,CB/24/03450/NMA,2024-11-29,2025-01-15,Permitted,Non-Material Amendment - Granted,,false,not data centre,,,,,,,,,,,,,,,,"Non-material amendment to planning permission CB/12/03613/OUT (Outline planning permission with the details of access, appearance, landscaping, layout and scale reserved for later determination. Development to comprise: up to 5,150 dwellings (Use Class C3); up to 202,500 sqm gross of additional development in Use Classes: A1, A2, A3 (retail), A4 (public house), A5 (take away); B1, B2, B8 (offices, industrial and storage and distribution); C1 (hotel), C2 (care home), D1 and D2 (community and leisure); car showroom; data centre; petrol filling station; car parking; primary substation; energy centre; and for the laying out of the buildings; routes and open spaces within the development; and all associated works and operations including but not limited to: demolition; earthworks; engineering operations. All development, works and operations to be in accordance with the Development Parameters Schedule and Plans). Amendment sought: Pursuant to Condition 36 of the OPP; - Amending the description of development to remove the reference to a data centre; - Amending the Development Parameters text to reflect the removal of the data centre use; and - Amending the Development Parameter Plans 1 6, to remove development from the 'Island site'; and In respect of Condition 10 of the OPP, amending it to remove reference to a data centre.","Houghton RegisNorth 1, Sundon Road, Houghton Regis",,,https://www.planit.org.uk/planapplic/CentralBedfordshire/CB/24/03450/NMA/,"5,150-home mixed-use outline CB/12/03613/OUT lists data centre as one permitted use; not a DC application",PlanIt,2026-10-09,2026-10-09,manual-review-2026-10-09,,
UK:Northumberland/24/04112/OUTES,UK,Northumberland (County),24/04112/OUTES,2024-11-28,,Undecided,,approved,true,hyperscale/campus,,,540000,10,RENAISSANCE LAND LIMITED (individual PSC: Stephen Schwarzman),high,evidence chain: named as Owner in legal agreement; Companies House PSC chain,,Quod,14433976,RENAISSANCE LAND LIMITED (14433976),ND115455; ND116185; ND210681,RENAISSANCE LAND LIMITED (14433976) [high],,,"Outline planning application, with all matters reserved, for the erection of up to ten data centre buildings of Class B8 use totalling up to 540,000 square metres (sqm) gross internal area (GIA) in addition to ancillary structures, substation, emergency generators and other associated works.",Land At Former Power Station Site On Northern Side Of Cambois Cambois Northumberland,,,https://www.planit.org.uk/planapplic/Northumberland/24/04112/OUTES/,"Outline application. Up to ten DC buildings, 540,000 sqm GIA; PlanIt shows Undecided but later records cite approved outline",PlanIt,2026-10-09,2026-10-09,manual-review-2026-10-09,"Cambois data centre campus, Northumberland","[high] named as Owner in legal agreement: https://publicaccess.northumberland.gov.uk/online-applications/files/04DA9578A88BD9B2EEAD899048FF31B5/pdf/24_04112_OUTES-S106-2847648.pdf | ""e Council'); and 2. RENAISSANCE LAND LIMITED incorporated and registered in England and Wales with company number 14433976 whose registered of"" || [high] registered proprietor (HM Land Registry) RENAISSANCE LAND LIMITED (14433976): HM Land Registry CCOD/OCOD Oct 2026: title ND116185 (Freehold, 'Blyth Power Station, Cambois, Blyth') proprietor RENAISSANCE LAND LIMITED 14433976; title cited at https://publicaccess.northumberland.gov.uk/online-applications/files/04DA9578A88BD9B2EEAD899048FF31B5/pdf/24_04112_OUTES-S106-2847648.pdf | ""d are enforceable. B. The Owner is the registered freehold proprietor of the Site registered at the Land Registry under title numbers ND116185; ND210681; and ND115455. C. The Owner submitted the Application to the Council in respect of the Development of the Application Land which was"" || [low] portal applicant (name only): https://publicaccess.northumberland.gov.uk/online-applications/applicationDetails.do?keyVal=TKF3ESQSGWV00&activeTab=details | Applicant Name: ""Renaissance Land Limited"" || [low] portal applicant (name only): https://publicaccess.northumberland.gov.uk/online-applications/applicationDetails.do?keyVal=TJWMVVQSGMV00&activeTab=details | Applicant Name: ""Renaissance Land Limited"""
UK:Trafford/115060/FUL/24,UK,Trafford,115060/FUL/24,2024-11-28,2025-03-14,Conditions,Approve with Conditions,approved,true,edge/small,,,,,,,,,Union4 Planning,,,,,,,Construction of a datacentre facility and associated plant and enclosure.,Urmston Leisure Centre Bowfell Road Urmston Manchester M41 5RR,,,https://www.planit.org.uk/planapplic/Trafford/115060/FUL/24/,Full application. DC facility at a leisure centre; approved,PlanIt,2026-10-09,2026-10-09,manual-review-2026-10-09,"Urmston Leisure Centre, Trafford",
UK:Newport/24/0957,UK,Newport,24/0957,2024-11-25,2025-04-11,Withdrawn,Withdrawn,amendment/variation,true,data centre (type not stated),,,,4,MSFT MCIO LIMITED,low (address match; check title plan),evidence chain: registered proprietor (HM Land Registry); Companies House PSC chain,,AtkinsRealis Limited,09616816,MSFT MCIO LIMITED (09616816),CYM671910 (low); CYM756250 (low); CYM770168 (low),MSFT MCIO LIMITED (09616816) [low]; VANTAGE DATA CENTERS UK LIMITED (06132144) [low]; VANTAGE DATA CENTRES UK LIMITED (06132144) [low],,,"APPLICATION TO VARY CONDITION 1 (APPROVED PLANS) OF 23/0549 S73 APPLICATION TO VARY CONDITIONS 1 (APPROVED PLANS), 7 (LANDSCAPING AND PLANTING SCHEME), 10 (NOISE ASSESSMENT) AND 11 (NOISE SURVEY) OF 20/0039 ERECTION OF 4NO. THREE-STOREY DATA CENTRE BUILDINGS COMPRISING B8 USE AND ANCILLARY B1 USE, PROVISION OF EMERGENCY GENERATORS, SECURITY LODGE, HARD AND SOFT LANDSCAPING, INTERNAL ACCESS ROADS, CAR PARKING AND SUSTAINABLE DRAINAGE. AMENDMENTS ARE TO AGREE CHANGES TO COLOUR OF CLADDING",Celtic Technology Centre Celtic Way Celtic Lakes Newport NP10 8BE,,,https://www.planit.org.uk/planapplic/Newport/24/0957/,Withdrawn,PlanIt,2026-10-09,2026-10-09,manual-review-2026-10-09,Newport 20/0039 (four three-storey DC buildings),"[low] registered proprietor (HM Land Registry): HM Land Registry CCOD/OCOD Oct 2026 address match: title CYM770168 ('Data Hall GF20 and GF21, NGD Celtic Technology Centre, Celtic Way, Newport (NP10 8BE)') proprietor MSFT MCIO LIMITED 09616816 || [low] registered proprietor (HM Land Registry) VANTAGE DATA CENTERS UK LIMITED (06132144): HM Land Registry CCOD/OCOD Oct 2026 address match: title CYM756250 ('Land lying to the north-east of  Next Generation Data, Celtic Technology Centre, Celtic Way, Celtic Lakes, Newport (NP10 8BE)') proprietor VANTAGE DATA CENTERS UK LIMITED 06132144 || [low] registered proprietor (HM Land Registry) VANTAGE DATA CENTRES UK LIMITED (06132144): HM Land Registry CCOD/OCOD Oct 2026 address match: title CYM671910 ('Ground Floor, Hynix Fab. Building, Celtic Way, Celtic Lakes, Newport (NP10 8BE)') proprietor VANTAGE DATA CENTRES UK LIMITED 06132144"
UK:Hillingdon/18399/APP/2024/3083,UK,Hillingdon,18399/APP/2024/3083,2024-11-22,2025-01-07,Permitted,,conditions discharge,true,data centre (type not stated),,,,,VIRTUS HOLDCO LIMITED,high,evidence chain: named as Leasehold Owner in legal agreement; Companies House PSC chain,,,12698361,VIRTUS LONDON 14 LIMITED (12698361) > VIRTUS SAUNDERTON CAMPUS LIMITED (15421619) > VIRTUS DATA CENTRES PROPERTIES 2 LIMITED (15421451) > VIRTUS DATA CENTRES PROPERTIES LIMITED (09840065) > VIRTUS HOLDCO LIMITED (07670473),AGL190531; AGL594704; AGL433914 (low),PROLOGIS UK 79 LIMITED (14321098) [high]; VIRTUS LONDON 14 LIMITED (12698361) [high]; VIRTUS LONDON 5 LIMITED (10675163) [low],"Crédit Agricole Corporate and Investment Bank, Broadwalk House, 5 Appold Street, London EC2A 2DA, as Security Agent (As Security Trustee for Each of the Secured Parties)",,"Details pursuant to the discharge of Condition 8 (Energy Monitoring, Recording and Reporting Plan) as attached to planning permission reference 18399/APP/2022/411 dated 03-05-2023 (Installation of plant and equipment to unit DC6 including external plant equipment, external louvres and associated security fencing and landscaping, to facilitate use of the building as a data centre).",UNIT D Prologis Park STOCKLEY ROAD WEST DRAYTON UB7 9FN,,,https://www.planit.org.uk/planapplic/Hillingdon/18399/APP/2024/3083/,,PlanIt,2026-10-09,2026-10-09,manual-review-2026-10-09,Hillingdon unit DC6 (18399),"[high] named as Leasehold Owner in legal agreement: https://planning.hillingdon.gov.uk/OcellaWeb/viewDocument?file=dv_pl_files%5C18399_APP_2025_16%5CDeed+of+Variation+Section+106A+UB7+9FN.pdf&module=pl | ""e Freehold Owner'); VIRTUS LONDON 14 LIMITED incorporated and registered in England and Wales with company number 12698361 whose registered of"" || https://find-and-update.company-information.service.gov.uk/company/12698361 | VIRTUS LONDON 14 LIMITED PSC: Virtus Saunderton Campus Limited (15421619 England) notified 2026-09-22 || https://find-and-update.company-information.service.gov.uk/company/15421619 | VIRTUS SAUNDERTON CAMPUS LIMITED PSC: Virtus Data Centres Properties 2 Limited (15421451 England) notified 2024-01-17 || https://find-and-update.company-information.service.gov.uk/company/15421451 | VIRTUS DATA CENTRES PROPERTIES 2 LIMITED PSC: Virtus Data Centres Properties Limited (09840065 United Kingdom) notified 2026-09-22 || https://find-and-update.company-information.service.gov.uk/company/09840065 | VIRTUS DATA CENTRES PROPERTIES LIMITED PSC: Virtus Holdco Limited (07670473 England) notified 2016-04-06 || https://find-and-update.company-information.service.gov.uk/company/12698361/charges/SlGN5xXY4EyWaJtZrEeSXFw8JVE | charge 2026-09-22 (outstanding) to Crédit Agricole Corporate and Investment Bank, Broadwalk House, 5 Appold Street, London EC2A 2DA, as Security Agent (As Security Trustee for Each of the Secured Parties); titles AGL594704 || https://find-and-update.company-information.service.gov.uk/company/12698361/charges/7pLX0a1KL0xqfbD1Fe8Y2e7miNA | charge 2023-08-11 (fully-satisfied) to Standard Chartered Bank (Hong Kong) Limited as Security Agent and Security Trustee for the Secured Parties; titles AGL190531, MR01 || https://find-and-update.company-information.service.gov.uk/company/12698361/charges/TjVKsfvln28_CTMiRPEZCLNIoIg | charge 2023-08-11 (fully-satisfied) to Standard Chartered Bank (Hong Kong) Limited as Security Agent and Security Trustee for the Secured Parties || [high] named as Freehold Owner in legal agreement PROLOGIS UK 79 LIMITED (14321098): https://planning.hillingdon.gov.uk/OcellaWeb/viewDocument?file=dv_pl_files%5C18399_APP_2025_16%5CDeed+of+Variation+Section+106A+UB7+9FN.pdf&module=pl | ""UW ('the Council'); PROLOGIS UK 79 LIMITED incorporated and registered in England and Wales with company number 14321098 whose registered of"" || [high] registered proprietor (HM Land Registry) PROLOGIS UK 79 LIMITED (14321098): HM Land Registry CCOD/OCOD Oct 2026: title AGL190531 (Freehold, 'Plot C, Prologis Park, Stockley Road, Hayes') proprietor PROLOGIS UK 79 LIMITED 14321098; title cited at https://planning.hillingdon.gov.uk/OcellaWeb/viewDocument?file=dv_pl_files%5C18399_APP_2025_16%5CDeed+of+Variation+Section+106A+UB7+9FN.pdf&module=pl | ""bligations in this Deed are enforceable B The Freehold Owner has a freehold legal interest in the Land registered under Title Number AGL190531 at the Land Registry and the Leasehold Owner has a leasehold interest in the Land registered under Title Number AGL59470"" || [high] registered proprietor (HM Land Registry) VIRTUS LONDON 14 LIMITED (12698361): HM Land Registry CCOD/OCOD Oct 2026: title AGL594704 (Leasehold, 'Dc6, Prologis Park, Stockley Road, Hayes') proprietor VIRTUS LONDON 14 LIMITED 12698361; title cited at https://planning.hillingdon.gov.uk/OcellaWeb/viewDocument?file=dv_pl_files%5C18399_APP_2025_16%5CDeed+of+Variation+Section+106A+UB7+9FN.pdf&module=pl | ""tle Number AGL190531 at the Land Registry and the Leasehold Owner has a leasehold interest in the Land registered under Title Number AGL594704 at the Land Registry subject to a legal charge entered into between the Leaseholder and the Mortgagee dated 11' August 2"" || [low] registered proprietor (HM Land Registry) VIRTUS LONDON 5 LIMITED (10675163): HM Land Registry CCOD/OCOD Oct 2026 address match: title AGL433914 ('DC2 Prologis Park West London, Horton Road, West Drayton') proprietor VIRTUS LONDON 5 LIMITED 10675163"
UK:Ealing/244495CONS,UK,Ealing,244495CONS,2024-11-22,2024-12-13,Permitted,No Objection,consultation (neighbouring authority),true,data centre (type not stated),,,,1,"Amazon.Com, Inc.",high,evidence chain: registered proprietor (HM Land Registry); Companies House PSC chain,,,09959151,"AMAZON DATA SERVICES UK LIMITED (09959151) > Amazon.Com, Inc. (no number, Us Law)",NGL86823,AMAZON DATA SERVICES UK LIMITED (09959151) [high],,,"Demolition of the existing building and structures on site, and all other associated site clearance works. Construction of a data centre building (Class B8) with plant at roof level with an emergency generator (1no.) and associated flue (provided within an external compound adjoining the data centre building), sprinkler tank and pumphouse, security guard house, and provision of one kiosk substation and MV Building. The development also comprises the construction of a new access and internal road and circulation areas, footpaths, provision of car and bicycle parking, hard and soft landscaping and other associated works and ancillary site infrastructure. (Out of Borough)","Unit 4, Silverdale Industrial Estate Silverdale Road Hayes UB3 3BL",,,https://www.planit.org.uk/planapplic/Ealing/244495CONS/,Ealing consulted,PlanIt,2026-10-09,2026-10-09,manual-review-2026-10-09,Hillingdon 49261/APP/2024/2904,"[high] registered proprietor (HM Land Registry): HM Land Registry CCOD/OCOD Oct 2026: title NGL86823 (Freehold, 'Unit 4, Trinity Trading Estate, Silverdale Road, Hayes (UB3 3BN)') proprietor AMAZON DATA SERVICES UK LIMITED 09959151; title cited at https://planning.hillingdon.gov.uk/OcellaWeb/viewDocument?file=dv_pl_files%5C49261_APP_2024_2904%5CApplicationFormRedacted.pdf&module=pl | ""itle number(s) for the existing building(s) on the site. If the site has no title numbers, please enter 'Unregistered'. Title Number: NGL86823 Energy Performance Certificate Number Do any of the buildings on the application site have an Energy Performance Certifi"" || https://find-and-update.company-information.service.gov.uk/company/09959151 | AMAZON DATA SERVICES UK LIMITED PSC: Amazon.Com, Inc. ( Us Law) notified 2016-04-06"
IE:Mayo County Council:2460708,IE,Mayo County Council,2460708,2024-11-21,2025-04-25,APPLICATION FINALISED,CONDITIONAL | appeal: REFUSED,refused,true,data centre (type not stated),,,29076,1,,,,,,,,,,,,"The construction of a single data centre building located to the north of the site, with an overall gross floor area of c. 29,076 sq.m across two levels and an overall maximum height of c. 22.764m at parapet level. The data centre building includes data halls and associated electrical and mechanical plant rooms (c. 23,908 sq.m), an administrative and staff services block (c. 5,052 sq.m) and circulation and stairs (c. 116 sq.m). 2 no. external terraces are proposed to the east of the building (c. 309 sq.m) and an external generator yard to the south of the building (c. 5,205 sq.m) accommodating 25. no. backup / dispatchable generators and associated flues (to a height of c. 21.164m) within an enclosed compound. The construction of a sprinkler tank and pump house to the northeast of the site, the sprinkler tank is an overall height of c. 7.2 m and the pump house is a single storey building with an overall height of c. 4.15m and area GFA of c. 40.23 sq.m. The construction of an entrance hut at the main access to the south of the site, the hut is an overall height of c. 3.225m and area GFA of c. 11.6 sq.m. Construction of 2 no. site access points from the south and internal road network and circulation areas, footpaths, cyclist infrastructure, the provision of 56 no. car parking spaces (including 12 EV charging spaces and 7 disabled spaces, 3 of them EV), 20 no. cycle parking spaces, hard and soft landscaping and planting, site lighting, PV panels and plant at roof level, foul water connection connecting to existing WWTP in Killala Business Park, boundary treatments, green walls and all associated and ancillary works including underground foul and storm water drainage network and utility cables and all ancillary works and services. An EPA-Industrial Emissions Directive (IE) licence will be applied for to facilitate the operation of the proposed development. An Environmental Impact Assessment Report (EIAR) and a Natura Impact Statement (NIS) will be submitted to the Planning Authority with the planning application and the EIAR and NIS will be available for inspection or purchase at a fee not exceeding the reasonable cost of making a copy at the offices of the Planning Authority.","Mullafarry and Tawnaghmore Upper , Killala , Co. Mayo",54.191362856555884,-9.220730980816903,http://www.eplanning.ie/MayoCC/AppFileRefDetails/2460708/0,"Full application. 29,076 sqm GFA (23,908 sqm data halls/plant); granted then refused on appeal",IE National Planning Applications,2026-10-09,2026-10-09,manual-review-2026-10-09,Mayo 2460708 single DC,
UK:Ealing/244364SCO,UK,Ealing,244364SCO,2024-11-15,2025-01-17,Permitted,Environmental Assessment Scope,EIA screening/scoping,true,hyperscale/campus,,,165826,4,Kkr & Co. Inc,high,evidence chain: named as Owner in legal agreement; Companies House PSC chain,,Quod Limited,OE032462,"GTR LONDON 2 S.A R.L. (OE032462) > Kkr & Co. Inc (06284582, State Of Delaware - Department Of State: Division Of Corporations, Usa)",AGL16660; AGL397306; MX320233; NGL132484; NGL163938; NGL164938; NGL272255; NGL272256; NGL615197,GTR LONDON 2 S.A R.L. (no number) [high],"U.S. BANK TRUSTEES LIMITED (02379632, Mortgagee in legal agreement)",,"Request for Scoping Opinion for demolition of the existing industrial units (totalling 74,332sqm Gross Internal Area (GIA)) on the site; construction of a data centre (across four units totalling 165,826 sqm Gross External Area (GEA) (up to 36m in height); construction of five industrial units for Use Classes B8, B2 and E(g)(iii) (up to 19m in height) in an optimised layout (totalling 38,694 sqm GEA); provision of internal roads, servicing, circulation and car and cycle parking; and associated hard and soft landscaping works (Scoping Opinion under Regulation 15 of the Town and Country Planning (Environmental Impact Assessment) Regulations 2017 (as amended))",Land At The International Trading Estate Trident Way Southall UB2 5LF,,,https://www.planit.org.uk/planapplic/Ealing/244364SCO/,"Scoping: four DC units totalling 165,826 sqm GEA (earlier version)",PlanIt,2026-10-09,2026-10-09,manual-review-2026-10-09,"Ealing 250949FUL (four DC units, 67.9m AOD)","[high] named as Owner in legal agreement: https://pam.ealing.gov.uk/online-applications/files/293A00BAD51EB640386EF2C88973003C/pdf/250949FUL-LEGAL_AGREEMENT-4474017.pdf | ""the “Council”); (2) GTR LONDON 2 S.A R.L. (incorporated in Luxembourg) (OE ID: OE032462) of 2 Rue Edward St"" || https://find-and-update.company-information.service.gov.uk/company/OE032462 | GTR LONDON 2 S.A R.L. PSC: Kkr & Co. Inc (06284582 State Of Delaware - Department Of State: Division Of Corporations, Usa) notified 2024-02-16 || [high] registered proprietor (HM Land Registry) GTR LONDON 2 S.A R.L. (): HM Land Registry CCOD/OCOD Oct 2026: title AGL16660 (Freehold, 'land on the south west side of Unit 10, Boeing Way, Southall (UB2 5LB)') proprietor GTR LONDON 2 S.A R.L. ; title cited at https://pam.ealing.gov.uk/online-applications/files/293A00BAD51EB640386EF2C88973003C/pdf/250949FUL-LEGAL_AGREEMENT-4474017.pdf | ""is Deed are enforceable. B. The Owner is the freehold owner of the Property and is registered at HM Land Registry under title numbers AGL16660; AGL397306; MX320233; NGL132484; NGL163938; NGL164938; NGL272255; NGL272256; NGL615197 as the proprietor of the Property. C. The Mortgagee is the proprietor """
UK:Bedford/24/02188/FUL,UK,Bedford,24/02188/FUL,2024-11-14,,Undecided,,full application,true,data centre (type not stated),,,,,,,,,,,,,,,,Internal and external alterations to existing building to facilitate use as a B8 data centre,Unit 4 Caxton Park Caxton Road Bedford Bedfordshire MK41 0TY,,,https://www.planit.org.uk/planapplic/Bedford/24/02188/FUL/,,PlanIt,2026-10-09,2026-10-09,manual-review-2026-10-09,Bedford 24/02188/FUL building conversion,
UK:NorthWestLeicestershire/24/01444/DEM,UK,North West Leicestershire,24/01444/DEM,2024-11-12,2024-12-06,Permitted,No objection,,false,not data centre,,,,,,,,,BHP Design (UK) Ltd,,,,,,,Demolition of the former RBS Data Centre,Former Rbs Centre Packington Hill Kegworth DE74 2DG,,,https://www.planit.org.uk/planapplic/NorthWestLeicestershire/24/01444/DEM/,Demolition of former RBS data centre,PlanIt,2026-10-09,2026-10-09,manual-review-2026-10-09,,
UK:Hillingdon/38421/APP/2024/2998,UK,Hillingdon,38421/APP/2024/2998,2024-11-12,2024-11-29,Permitted,,conditions discharge,true,hyperscale/campus,,,,2,COLT DATA CENTRE SERVICES UK LIMITED,low (address match; check title plan),evidence chain: registered proprietor (HM Land Registry); Companies House PSC chain,,,13085639,HDCI HAYES LONDON LIMITED (13085639) > COLT DATA CENTRE SERVICES UK LIMITED (07306352),AGL3693 (low),HDCI HAYES LONDON LIMITED (13085639) [low],,,"Details pursuant to the partial discharge of Condition 17 part (i)(a) and (b) (Contaminated Land) in respect of Phase 2 only as attached to planning permission ref. 38421/APP/2021/4045 dated 25/11/2022 (Redevelopment of the site to deliver data centre campus including: two data centre buildings (Use Class B8); associated energy and electricity infrastructure, buildings, and plant; security gatehouse, systems and enclosures; works to the highway, car parking and cycle parking; hard and soft landscaping; as well as associated infrastructure, ancillary office use, and associated external works).",LAND AT TUDOR WORKS BEACONSFIELD ROAD HAYES,,,https://www.planit.org.uk/planapplic/Hillingdon/38421/APP/2024/2998/,Two DC buildings,PlanIt,2026-10-09,2026-10-09,manual-review-2026-10-09,Hillingdon 38421/APP/2021/4045 campus,"[low] registered proprietor (HM Land Registry): HM Land Registry CCOD/OCOD Oct 2026 address match: title AGL3693 ('Unit 7, Tudor Works, Beaconsfield Road, Hayes UB4 0SL') proprietor HDCI HAYES LONDON LIMITED 13085639 || https://find-and-update.company-information.service.gov.uk/company/13085639 | HDCI HAYES LONDON LIMITED PSC: Colt Data Centre Services Uk Limited (07306352 United Kingdom) notified 2022-08-25"
UK:Newport/24/0909,UK,Newport,24/0909,2024-11-08,2024-12-19,Permitted,Approved,conditions discharge,true,data centre (type not stated),,,,2,MSFT MCIO LIMITED,low (address match; check title plan),evidence chain: registered proprietor (HM Land Registry); Companies House PSC chain,,Carter Jonas,09616816,MSFT MCIO LIMITED (09616816),CYM671910 (low); CYM770168 (low); CYM804925 (low),MSFT MCIO LIMITED (09616816) [low]; VANTAGE DATA CENTERS UK LIMITED (06132144) [low]; VANTAGE DATA CENTRES UK LIMITED (06132144) [low],,,PARTIAL DISCHARGE OF CONDITION 2 (CEMP) OF 24/0006 DEMOLITION OF REMAINDER OF EXISTING PRINCIPAL BUILDING AND REMAINING STRUCTURES AND CONSTRUCTION OF NEW DATACENTRE (USE CLASS B8) ACROSS TWO MAIN BUILDINGS PLUS ANCILLARY STRUCTURES AND OTHER ASSOCIATED WORKS,Quinn Radiators Celtic Way Celtic Lakes Newport NP10 8FS,,,https://www.planit.org.uk/planapplic/Newport/24/0909/,,PlanIt,2026-10-09,2026-10-09,manual-review-2026-10-09,Newport 24/0006,"[low] registered proprietor (HM Land Registry): HM Land Registry CCOD/OCOD Oct 2026 address match: title CYM770168 ('Data Hall GF20 and GF21, NGD Celtic Technology Centre, Celtic Way, Newport (NP10 8BE)') proprietor MSFT MCIO LIMITED 09616816 || [low] registered proprietor (HM Land Registry) VANTAGE DATA CENTERS UK LIMITED (06132144): HM Land Registry CCOD/OCOD Oct 2026 address match: title CYM804925 ('First Floor, Phase 1, Hynix Fab. Building, Celtic Way, Newport (NP10 8BE)') proprietor VANTAGE DATA CENTERS UK LIMITED 06132144 || [low] registered proprietor (HM Land Registry) VANTAGE DATA CENTRES UK LIMITED (06132144): HM Land Registry CCOD/OCOD Oct 2026 address match: title CYM671910 ('Ground Floor, Hynix Fab. Building, Celtic Way, Celtic Lakes, Newport (NP10 8BE)') proprietor VANTAGE DATA CENTRES UK LIMITED 06132144"
UK:Reading/PL/24/1486,UK,Reading,PL/24/1486,2024-11-07,2024-11-28,Permitted,Advice,consultation (neighbouring authority),true,data centre (type not stated),,,,,,,,,,,,,,,,"Request for observations by Reading Borough Council to West Berkshire District Council on WBDC application 24/02176/COND: Application for approval of details reserved by conditions 6 (CMS), 24 (Pest Management Plan), 29 (Construction Traffic Management Plan), 39 (Landscaping), 41 (Arboricultural Supervision), 48 (Comprehensive Emergency Plan) and 49 (Outline Emergency Plan) of approved 20/02029/COMIND - Development of an Energy Recovery Centre and adjacent Data Centre and associated infrastructure","J Mould (Reading) Ltd Reading Quarry Berrys Lane Burghfield, Reading, RG30 3EY",,,https://www.planit.org.uk/planapplic/Reading/PL/24/1486/,,PlanIt,2026-10-09,2026-10-09,manual-review-2026-10-09,West Berks energy recovery centre + DC (20/02029/COMIND),
UK:CentralBedfordshire/CB/24/03164/FULL,UK,Central Bedfordshire,CB/24/03164/FULL,2024-11-04,,Undecided,,full application,true,data centre (type not stated),,,,2,,,,,,,,,,,,"Construction of two data centre buildings, substation compound, car & cycling parking, access, landscaping, technical plant and associated works.","Land to the East of Sundon Road B5790 and West of the A505, Houghton Regis",,,https://www.planit.org.uk/planapplic/CentralBedfordshire/CB/24/03164/FULL/,Two DC buildings,PlanIt,2026-10-09,2026-10-09,manual-review-2026-10-09,"Sundon Road, Houghton Regis (CB/24/03164/FULL)",
UK:Newport/24/0888,UK,Newport,24/0888,2024-11-04,2024-12-19,Permitted,Approved,conditions discharge,true,data centre (type not stated),,,,2,MSFT MCIO LIMITED,low (address match; check title plan),evidence chain: registered proprietor (HM Land Registry); Companies House PSC chain,,Carter Jonas,09616816,MSFT MCIO LIMITED (09616816),CYM671910 (low); CYM770168 (low); CYM804925 (low),MSFT MCIO LIMITED (09616816) [low]; VANTAGE DATA CENTERS UK LIMITED (06132144) [low]; VANTAGE DATA CENTRES UK LIMITED (06132144) [low],,,PARTIAL DISCHARGE OF CONDITION 4 (LANDSCAPE AND ECOLOGICAL MANAGEMENT PLAN) OF 24/0006 DEMOLITION OF REMAINDER OF EXISTING PRINCIPAL BUILDING AND REMAINING STRUCTURES AND CONSTRUCTION OF NEW DATACENTRE (USE CLASS B8) ACROSS TWO MAIN BUILDINGS PLUS ANCILLARY STRUCTURES ANDS OTHER ASSOCIATED WORKS,Quinn Radiators Celtic Way Celtic Lakes Newport NP10 8FS,,,https://www.planit.org.uk/planapplic/Newport/24/0888/,,PlanIt,2026-10-09,2026-10-09,manual-review-2026-10-09,Newport 24/0006,"[low] registered proprietor (HM Land Registry): HM Land Registry CCOD/OCOD Oct 2026 address match: title CYM770168 ('Data Hall GF20 and GF21, NGD Celtic Technology Centre, Celtic Way, Newport (NP10 8BE)') proprietor MSFT MCIO LIMITED 09616816 || [low] registered proprietor (HM Land Registry) VANTAGE DATA CENTERS UK LIMITED (06132144): HM Land Registry CCOD/OCOD Oct 2026 address match: title CYM804925 ('First Floor, Phase 1, Hynix Fab. Building, Celtic Way, Newport (NP10 8BE)') proprietor VANTAGE DATA CENTERS UK LIMITED 06132144 || [low] registered proprietor (HM Land Registry) VANTAGE DATA CENTRES UK LIMITED (06132144): HM Land Registry CCOD/OCOD Oct 2026 address match: title CYM671910 ('Ground Floor, Hynix Fab. Building, Celtic Way, Celtic Lakes, Newport (NP10 8BE)') proprietor VANTAGE DATA CENTRES UK LIMITED 06132144"
UK:Hillingdon/49261/APP/2024/2904,UK,Hillingdon,49261/APP/2024/2904,2024-11-01,2025-10-29,Permitted,,approved,true,data centre (type not stated),,,,1,"Amazon.Com, Inc.",high,evidence chain: registered proprietor (HM Land Registry); Companies House PSC chain,,,09959151,"AMAZON DATA SERVICES UK LIMITED (09959151) > Amazon.Com, Inc. (no number, Us Law)",NGL86823,AMAZON DATA SERVICES UK LIMITED (09959151) [high],,,"Demolition of the existing building and structures on site, and all other associated site clearance works. Construction of a data centre building (Class B8) with plant at roof level with an emergency generator (1no.) and associated flue (provided within an external compound adjoining the data centre building), sprinkler tank and pumphouse, security guard house, and provision of one kiosk substation and MV Building. The development also comprises the construction of a new access and internal road and circulation areas, footpaths, provision of car and bicycle parking, hard and soft landscaping and other associated works and ancillary site infrastructure.","UNIT 4, SILVERDALE INDUSTRIAL ESTATE SILVERDALE ROAD HAYES",,,https://www.planit.org.uk/planapplic/Hillingdon/49261/APP/2024/2904/,"Full application. Silverdale Industrial Estate, Hayes; permitted",PlanIt,2026-10-09,2026-10-09,manual-review-2026-10-09,Hillingdon 49261/APP/2024/2904,"[high] registered proprietor (HM Land Registry): HM Land Registry CCOD/OCOD Oct 2026: title NGL86823 (Freehold, 'Unit 4, Trinity Trading Estate, Silverdale Road, Hayes (UB3 3BN)') proprietor AMAZON DATA SERVICES UK LIMITED 09959151; title cited at https://planning.hillingdon.gov.uk/OcellaWeb/viewDocument?file=dv_pl_files%5C49261_APP_2024_2904%5CApplicationFormRedacted.pdf&module=pl | ""itle number(s) for the existing building(s) on the site. If the site has no title numbers, please enter 'Unregistered'. Title Number: NGL86823 Energy Performance Certificate Number Do any of the buildings on the application site have an Energy Performance Certifi"" || https://find-and-update.company-information.service.gov.uk/company/09959151 | AMAZON DATA SERVICES UK LIMITED PSC: Amazon.Com, Inc. ( Us Law) notified 2016-04-06"
UK:Chelmsford/24/01176/FUL,UK,Chelmsford,24/01176/FUL,2024-11-01,2024-12-23,Permitted,,approved,true,edge/small,,,,,,,,,,,,,,,,Construction of single storey critical containerised datacenter situated within a secure compound area to provide acoustic screening and high level of security with associated parking and access.,Broomfield Hospital Hospital Approach Broomfield Chelmsford CM1 7ET,,,https://www.planit.org.uk/planapplic/Chelmsford/24/01176/FUL/,Full application.,PlanIt,2026-10-09,2026-10-09,manual-review-2026-10-09,Chelmsford containerised DC,
UK:Medway/MC/24/2229,UK,Medway,MC/24/2229,2024-10-30,2024-12-13,Conditions,Approval with Conditions,amendment/variation,true,data centre (type not stated),,,,,,,,,Stantec,,,,,,,Non-Material Amendment to Outline planning permission ref. MC/21/0979 to increase the amount of B8 (data centre) floorspace within the approved development parameters whilst retaining the overall maximum built floorspace amount and; changes to the Parameter plan in relation to the green corridor.,Kingsnorth Power Station Power Station Access Road Hoo St Werburgh Rochester Medway ME3 9NQ,,,https://www.planit.org.uk/planapplic/Medway/MC/24/2229/,NMA to increase DC floorspace within approved parameters,PlanIt,2026-10-09,2026-10-09,manual-review-2026-10-09,"Kingsnorth Power Station, Medway (MC/21/0979)",
UK:Newport/24/0876,UK,Newport,24/0876,2024-10-30,2024-12-18,Permitted,Approved,conditions discharge,true,data centre (type not stated),,,,2,MSFT MCIO LIMITED,low (address match; check title plan),evidence chain: registered proprietor (HM Land Registry); Companies House PSC chain,,Carter Jonas,09616816,MSFT MCIO LIMITED (09616816),CYM671910 (low); CYM770168 (low); CYM804925 (low),MSFT MCIO LIMITED (09616816) [low]; VANTAGE DATA CENTERS UK LIMITED (06132144) [low]; VANTAGE DATA CENTRES UK LIMITED (06132144) [low],,,PARTIAL DISCHARGE OF CONDITION 3 (SCHEME OF SOFT LANDSCAPING) RELATING TO PLANNING PERMISSION 24/0006 FOR THE DEMOLITION OF REMAINDER OF EXISTING PRINCIPAL BUILDING AND REMAINING STRUCTURES AND CONSTRUCTION OF NEW DATACENTRE (USE CLASS B8) ACROSS TWO MAIN BUILDINGS PLUS ANCILLARY STRUCTURES ANDS OTHER ASSOCIATED WORKS,Quinn Radiators Celtic Way Celtic Lakes Newport NP10 8FS,,,https://www.planit.org.uk/planapplic/Newport/24/0876/,,PlanIt,2026-10-09,2026-10-09,manual-review-2026-10-09,Newport 24/0006,"[low] registered proprietor (HM Land Registry): HM Land Registry CCOD/OCOD Oct 2026 address match: title CYM770168 ('Data Hall GF20 and GF21, NGD Celtic Technology Centre, Celtic Way, Newport (NP10 8BE)') proprietor MSFT MCIO LIMITED 09616816 || [low] registered proprietor (HM Land Registry) VANTAGE DATA CENTERS UK LIMITED (06132144): HM Land Registry CCOD/OCOD Oct 2026 address match: title CYM804925 ('First Floor, Phase 1, Hynix Fab. Building, Celtic Way, Newport (NP10 8BE)') proprietor VANTAGE DATA CENTERS UK LIMITED 06132144 || [low] registered proprietor (HM Land Registry) VANTAGE DATA CENTRES UK LIMITED (06132144): HM Land Registry CCOD/OCOD Oct 2026 address match: title CYM671910 ('Ground Floor, Hynix Fab. Building, Celtic Way, Celtic Lakes, Newport (NP10 8BE)') proprietor VANTAGE DATA CENTRES UK LIMITED 06132144"
UK:Newport/24/0877,UK,Newport,24/0877,2024-10-30,2024-12-19,Permitted,Approved,conditions discharge,true,data centre (type not stated),,,,2,MSFT MCIO LIMITED,low (address match; check title plan),evidence chain: registered proprietor (HM Land Registry); Companies House PSC chain,,Carter Jonas,09616816,MSFT MCIO LIMITED (09616816),CYM671910 (low); CYM770168 (low); CYM804925 (low),MSFT MCIO LIMITED (09616816) [low]; VANTAGE DATA CENTERS UK LIMITED (06132144) [low]; VANTAGE DATA CENTRES UK LIMITED (06132144) [low],,,PARTIAL DISCHARGE OF CONDITION 7 (PILING / FOUNDATION DESIGNS) AND 9 (APPOINTED ARBORICULTURALIST) RELATING TO PLANNING PERMISSION 24/0006 FOR THE DEMOLITION OF REMAINDER OF EXISTING PRINCIPAL BUILDING AND REMAINING STRUCTURES AND CONSTRUCTION OF NEW DATACENTRE (USE CLASS B8) ACROSS TWO MAIN BUILDINGS PLUS ANCILLARY STRUCTURES ANDS OTHER ASSOCIATED WORKS,Quinn Radiators Celtic Way Celtic Lakes Newport NP10 8FS,,,https://www.planit.org.uk/planapplic/Newport/24/0877/,,PlanIt,2026-10-09,2026-10-09,manual-review-2026-10-09,Newport 24/0006,"[low] registered proprietor (HM Land Registry): HM Land Registry CCOD/OCOD Oct 2026 address match: title CYM770168 ('Data Hall GF20 and GF21, NGD Celtic Technology Centre, Celtic Way, Newport (NP10 8BE)') proprietor MSFT MCIO LIMITED 09616816 || [low] registered proprietor (HM Land Registry) VANTAGE DATA CENTERS UK LIMITED (06132144): HM Land Registry CCOD/OCOD Oct 2026 address match: title CYM804925 ('First Floor, Phase 1, Hynix Fab. Building, Celtic Way, Newport (NP10 8BE)') proprietor VANTAGE DATA CENTERS UK LIMITED 06132144 || [low] registered proprietor (HM Land Registry) VANTAGE DATA CENTRES UK LIMITED (06132144): HM Land Registry CCOD/OCOD Oct 2026 address match: title CYM671910 ('Ground Floor, Hynix Fab. Building, Celtic Way, Celtic Lakes, Newport (NP10 8BE)') proprietor VANTAGE DATA CENTRES UK LIMITED 06132144"
IE:South Dublin County Council:ED24/0060,IE,South Dublin County Council,ED24/0060,2024-10-30,2024-11-26,Decision,Declared Not Exempt,full application,true,ancillary to data centre,,,,,Microsoft Ireland Operations Limited,low (name only),portal applicant name (no company number),,,,Microsoft Ireland Operations Limited,,,,Microsoft,Implementation and use of 13 no. temporary replacement generators at the Dub15 Data Centre building within the Microsoft Campus to operate the data hall until the recently permitted Gas Network Ireland (GNI) Skid (SDCC Reg Ref. SD24A/0019) is constructed and operational.,"Microsoft DUB Campus, Grange Castle Business Park, Dublin 22",53.32148480194581,-6.451644446827033,https://planning.agileapplications.ie/southdublin/application-details/67175,13 temporary generators at DUB15 until gas skid operational; not exempt,IE National Planning Applications,2026-10-09,2026-10-09,manual-review-2026-10-09,"Microsoft Grange Castle campus DUB14/DUB15, South Dublin","[low] https://planningapi.agileapplications.ie/api/application/70427 (public API behind https://planning.agileapplications.ie/southdublin/application-details/70427) | applicant: ""Microsoft Operations Ireland Ltd."" || [low] https://planningapi.agileapplications.ie/api/application/69623 (public API behind https://planning.agileapplications.ie/southdublin/application-details/69623) | applicant: ""Microsoft Ireland Operations Limited"" || [low] https://planningapi.agileapplications.ie/api/application/67712 (public API behind https://planning.agileapplications.ie/southdublin/application-details/67712) | applicant: ""Microsoft Ireland Operations Ltd."""
UK:Windsor/24/30011/SMI,UK,Windsor,24/30011/SMI,2024-10-29,2024-12-24,Permitted,No Objection,EIA screening/scoping,true,data centre (type not stated),,,,,,,,,,,,,,,,Environmental Impact Assessment (EIA) Screening Opinion request for redevlopment of site to a Data Centre and Battery Energy Storage System.,Manor Farm Poyle Road Poyle Slough,,,https://www.planit.org.uk/planapplic/Windsor/24/30011/SMI/,DC and BESS screening (Windsor),PlanIt,2026-10-09,2026-10-09,manual-review-2026-10-09,"Manor Farm, Poyle Road, Slough",
UK:York/24/01946/FUL,UK,York,24/01946/FUL,2024-10-25,2025-03-18,Permitted,Approve,approved,true,edge/small,,,,,,,,,Union4 Planning,,,,,,,Construction of a datacentre facility and associated plant and enclosure,Better York Leisure Centre Kathryn Avenue Huntington York YO32 9AF,,,https://www.planit.org.uk/planapplic/York/24/01946/FUL/,Full application. DC facility at a leisure centre; approved,PlanIt,2026-10-09,2026-10-09,manual-review-2026-10-09,York leisure centre DC,
UK:SouthGloucestershire/P24/02501/F,UK,South Gloucestershire,P24/02501/F,2024-10-24,2024-12-18,Conditions,Approve with Conditions,,false,not data centre,,,,,,,,,,,,,,,,"Change of use from (Data Centre) Sui Generis, to a flexible use of (Class E(giii)) Industrial processes, (Class B2) General Industry (Class B8 ) Storage or distribution, as defined in the Town and Country Planning (Use Classes) Order 1987 (as amended)",Units 1 And 2 Abbey Wood Business Park Emma-chris Way Filton South Gloucestershire,,,https://www.planit.org.uk/planapplic/SouthGloucestershire/P24/02501/F/,Change of use FROM data centre to flexible industrial,PlanIt,2026-10-09,2026-10-09,manual-review-2026-10-09,,
UK:Wakefield/23/00100/REM01,UK,Wakefield,23/00100/REM01,2024-10-22,2025-07-11,Permitted,Application Approved,approved,true,hyperscale/campus,,,,,,,,,,,,,,,,"Approval of Reserved Matters pursuant to 23/00100/S7301 (Access, Appearance, Landscaping, Layout and Scale) at Development Zone A for development of a data centre campus with associated energy and electrical infrastructure, visitor reception buildings, security gatehouses and ancillary structures, plant, boundary enclosures, vehicle parking, hard and soft landscaping, and associated external works.","Land At Former Coal Yard, Ferrybridge Kirkhaw Lane Ferrybridge Wakefield WF11 8RD",,,https://www.planit.org.uk/planapplic/Wakefield/23/00100/REM01/,Reserved matters. Reserved matters approved,PlanIt,2026-10-09,2026-10-09,manual-review-2026-10-09,Wakefield 23/00100 data centre campus (Zone A),
UK:CountyDurham/DM/24/02888/RM,UK,Durham,DM/24/02888/RM,2024-10-22,2025-01-16,Permitted,Approved,approved,true,data centre (type not stated),,,,,,,,,DPP,,,,,,,"Reserved Matters submission for the matters of Appearance, Landscaping, Layout and Scale pursuant to hybrid planning permission DM/24/02829/VOC, to create a Data Centre and ancillary office space (Use Class E(g)(ii)) with associated landscaping and infrastructure on Plot D.",Plot D Land At Aykley Heads Framwelgate Peth Durham DH1 5UQ,,,https://www.planit.org.uk/planapplic/CountyDurham/DM/24/02888/RM/,Reserved matters. Approved,PlanIt,2026-10-09,2026-10-09,manual-review-2026-10-09,"Aykley Heads Plot D, Durham",
UK:Portsmouth/24/01258/FUL,UK,Portsmouth,24/01258/FUL,2024-10-17,2024-12-03,Conditions,Conditional Permission,approved,true,data centre (type not stated),,,,,,,,,Freeths LLP,,,,,,,"Construction of data centre including external plant and machinery, boundary treatments, landscaping and associated works",Car Park Former Nuffield Centre St Michael's Road Portsmouth PO1 2EE,,,https://www.planit.org.uk/planapplic/Portsmouth/24/01258/FUL/,Full application. DC on former car park; approved,PlanIt,2026-10-09,2026-10-09,manual-review-2026-10-09,Portsmouth 24/01258/FUL,
UK:CountyDurham/DM/24/02829/VOC,UK,Durham,DM/24/02829/VOC,2024-10-17,2025-01-15,Permitted,Approved,amendment/variation,true,data centre (type not stated),,,,,,,,,DPP,,,,,,,"Variation of Conditions 1 (Approved Plans), 2 (Floor Space and Use Classes), 5 (Travel Plan) and 10 (Ecology) pursuant to hybrid planning permission DM/20/01846/FPA, to create a Data Centre and ancillary office space (Use Class E(g)(ii)) with associated landscaping and infrastructure on Plot D.",Plot D Land At Aykley Heads Framwelgate Peth Durham DH1 5UQ,,,https://www.planit.org.uk/planapplic/CountyDurham/DM/24/02829/VOC/,Approved,PlanIt,2026-10-09,2026-10-09,manual-review-2026-10-09,"Aykley Heads Plot D, Durham",
UK:WestBerkshire/24/02176/COND,UK,West Berkshire,24/02176/COND,2024-10-14,,Undecided,,conditions discharge,true,data centre (type not stated),,,,,,,,,,,,,,,,"Application for approval of details reserved by conditions 6 (CMS), 24 (Pest Management Plan), 29 (Construction Traffic Management Plan), 39 (Landscaping), 41 (Arboricultural Supervision), 48 (Comprehensive Emergency Plan) and 49 (Outline Emergency Plan) of approved 20/02029/COMIND - Development of an Energy Recovery Centre and adjacent Data Centre and associated infrastructure",Reading Quarry Berrys Lane Burghfield Reading RG30 3EY,,,https://www.planit.org.uk/planapplic/WestBerkshire/24/02176/COND/,,PlanIt,2026-10-09,2026-10-09,manual-review-2026-10-09,West Berks energy recovery centre + DC (20/02029/COMIND),
UK:Hillingdon/38421/APP/2024/2724,UK,Hillingdon,38421/APP/2024/2724,2024-10-11,2025-01-07,Permitted,,conditions discharge,true,hyperscale/campus,,,,2,COLT DATA CENTRE SERVICES UK LIMITED,low (address match; check title plan),evidence chain: registered proprietor (HM Land Registry); Companies House PSC chain,,,13085639,HDCI HAYES LONDON LIMITED (13085639) > COLT DATA CENTRE SERVICES UK LIMITED (07306352),AGL3693 (low),HDCI HAYES LONDON LIMITED (13085639) [low],,,"Details pursuant to the partial discharge of Conditions 12 (Green Walls and Roofs - Phase 1 Only) and 27 (Fire Statement - Phase 1 Only) of planning permission ref. 38421/APP/2021/4045 dated 25-11-2022 (Redevelopment of the site to deliver data centre campus including: two data centre buildings (Use Class B8); associated energy and electricity infrastructure, buildings, and plant; security gatehouse, systems and enclosures; works to the highway, car parking and cycle parking; hard and soft landscaping; as well as associated infrastructure, ancillary office use, and associated external works).",LAND AT TUDOR WORKS BEACONSFIELD ROAD HAYES,,,https://www.planit.org.uk/planapplic/Hillingdon/38421/APP/2024/2724/,Two DC buildings,PlanIt,2026-10-09,2026-10-09,manual-review-2026-10-09,Hillingdon 38421/APP/2021/4045 campus,"[low] registered proprietor (HM Land Registry): HM Land Registry CCOD/OCOD Oct 2026 address match: title AGL3693 ('Unit 7, Tudor Works, Beaconsfield Road, Hayes UB4 0SL') proprietor HDCI HAYES LONDON LIMITED 13085639 || https://find-and-update.company-information.service.gov.uk/company/13085639 | HDCI HAYES LONDON LIMITED PSC: Colt Data Centre Services Uk Limited (07306352 United Kingdom) notified 2022-08-25"
UK:Runnymede/RU.24/1339,UK,Runnymede,RU.24/1339,2024-10-09,2024-11-07,Permitted,Approve,conditions discharge,true,data centre (type not stated),,,,,05396063,low (address match; check title plan),evidence chain: registered proprietor (HM Land Registry); Companies House PSC chain,,,12104497,ARK ESTATES 1 LIMITED (12104497) > ARK ESTATES HOLDINGS LIMITED (08676791) > ? (05396063),SY890149 (low),ARK ESTATES 1 LIMITED (12104497) [low],Cbre Loan Services Limited (And Its Successors in Title and Permitted Transferees),,Details pursuant to Discharge Condition 37 (Provision of electric vehicle charging and hierarchy for priority of use) of planning permission RU.13/0856 in respect of the Phase 3 Data Centre campus,Longcross North Data Centre Campus CHOBHAM LANE CHERTSEY KT16 0EE,,,https://www.planit.org.uk/planapplic/Runnymede/RU.24/1339/,Phase 3 data centre campus,PlanIt,2026-10-09,2026-10-09,manual-review-2026-10-09,Runnymede RU.13/0856 hybrid,"[low] registered proprietor (HM Land Registry): HM Land Registry CCOD/OCOD Oct 2026 address match: title SY890149 ('Land lying to the north-west of Chobham Lane, Longcross, Chertsey') proprietor ARK ESTATES 1 LIMITED 12104497 || https://find-and-update.company-information.service.gov.uk/company/12104497 | ARK ESTATES 1 LIMITED PSC: Ark Estates Holdings Limited (08676791 England) notified 2026-04-01 || https://find-and-update.company-information.service.gov.uk/company/08676791 | ARK ESTATES HOLDINGS LIMITED PSC: Revcap Properties 25 Limited (05396063 England) notified 2016-04-06 || https://find-and-update.company-information.service.gov.uk/company/12104497/charges/B9zIrd1NITeQYzUGY1Wjo_bKmeo | charge 2026-04-01 (outstanding) to Cbre Loan Services Limited (And Its Successors in Title and Permitted Transferees); titles SY866765"
UK:NorthLanarkshire/24/01025/PAN,UK,North Lanarkshire,24/01025/PAN,2024-10-09,2024-10-25,Permitted,Comments,pre-application notice,true,hyperscale/campus,,,,,,,,,,,,,,,,"Proposed Digital And Manufacturing Campus (Classes 4, 5, 6, And 10) Including Data Centres, Gigafactory, Research, Offices, Electricity Infrastructure, Ancillary Services (Classes 1 And 3 Including Sui Generis) With Access And Roads, Car Parking, Landscaping And Associated Development And Engineering Operations",Land At Former Drumshangie Opencast Site Airdriehill Road Rawyards Airdrie North Lanarkshire,,,https://www.planit.org.uk/planapplic/NorthLanarkshire/24/01025/PAN/,Earlier PAN,PlanIt,2026-10-09,2026-10-09,manual-review-2026-10-09,North Lanarkshire digital and manufacturing campus (26/00069/PAN),
